State,Year,Month,PerinatalCareType,ServiceCount,RatePer1000Beneficiaries,DataQuality
Alabama,2018,201801,Postpartum bundled payments,"2,338",8.4,
Alabama,2018,201801,Postpartum visits,"1,595",5.8,
Alabama,2018,201801,Prenatal bundled payments,"2,612",9.4,
Alabama,2018,201801,Prenatal visits,"2,934",10.6,
Alabama,2018,201802,Postpartum bundled payments,"2,057",7.4,
Alabama,2018,201802,Postpartum visits,"1,636",5.9,
Alabama,2018,201802,Prenatal bundled payments,"2,419",8.7,
Alabama,2018,201802,Prenatal visits,"2,822",10.2,
Alabama,2018,201803,Postpartum bundled payments,"2,174",7.8,
Alabama,2018,201803,Postpartum visits,"1,923",6.9,
Alabama,2018,201803,Prenatal bundled payments,"2,701",9.7,
Alabama,2018,201803,Prenatal visits,"3,168",11.3,
Alabama,2018,201804,Postpartum bundled payments,"1,992",7.1,
Alabama,2018,201804,Postpartum visits,"2,103",7.5,
Alabama,2018,201804,Prenatal bundled payments,"2,694",9.6,
Alabama,2018,201804,Prenatal visits,"3,445",12.2,
Alabama,2018,201805,Postpartum bundled payments,"2,252",7.9,
Alabama,2018,201805,Postpartum visits,"2,239",7.9,
Alabama,2018,201805,Prenatal bundled payments,"3,428",12.1,
Alabama,2018,201805,Prenatal visits,"4,097",14.4,
Alabama,2018,201806,Postpartum bundled payments,"2,212",7.8,
Alabama,2018,201806,Postpartum visits,"2,176",7.7,
Alabama,2018,201806,Prenatal bundled payments,"3,308",11.7,
Alabama,2018,201806,Prenatal visits,"3,947",13.9,
Alabama,2018,201807,Postpartum bundled payments,"2,298",8.0,
Alabama,2018,201807,Postpartum visits,"2,295",8.0,
Alabama,2018,201807,Prenatal bundled payments,"3,555",12.4,
Alabama,2018,201807,Prenatal visits,"4,179",14.5,
Alabama,2018,201808,Postpartum bundled payments,"2,395",8.1,
Alabama,2018,201808,Postpartum visits,"2,531",8.6,
Alabama,2018,201808,Prenatal bundled payments,"3,936",13.4,
Alabama,2018,201808,Prenatal visits,"4,278",14.5,
Alabama,2018,201809,Postpartum bundled payments,"2,254",7.7,
Alabama,2018,201809,Postpartum visits,"2,148",7.4,
Alabama,2018,201809,Prenatal bundled payments,"3,691",12.6,
Alabama,2018,201809,Prenatal visits,"3,558",12.2,
Alabama,2018,201810,Postpartum bundled payments,"2,355",7.9,
Alabama,2018,201810,Postpartum visits,"2,540",8.5,
Alabama,2018,201810,Prenatal bundled payments,"3,749",12.6,
Alabama,2018,201810,Prenatal visits,"4,201",14.1,
Alabama,2018,201811,Postpartum bundled payments,"2,230",7.5,
Alabama,2018,201811,Postpartum visits,"2,283",7.7,
Alabama,2018,201811,Prenatal bundled payments,"3,540",12.0,
Alabama,2018,201811,Prenatal visits,"3,929",13.3,
Alabama,2018,201812,Postpartum bundled payments,"2,310",7.9,
Alabama,2018,201812,Postpartum visits,"1,838",6.3,
Alabama,2018,201812,Prenatal bundled payments,"4,615",15.7,
Alabama,2018,201812,Prenatal visits,"3,640",12.4,
Alabama,2019,201901,Postpartum bundled payments,"2,418",8.0,
Alabama,2019,201901,Postpartum visits,"2,664",8.8,
Alabama,2019,201901,Prenatal bundled payments,"3,493",11.5,
Alabama,2019,201901,Prenatal visits,"4,199",13.8,
Alabama,2019,201902,Postpartum bundled payments,"2,097",6.9,
Alabama,2019,201902,Postpartum visits,"2,425",8.0,
Alabama,2019,201902,Prenatal bundled payments,"3,105",10.2,
Alabama,2019,201902,Prenatal visits,"3,655",12.1,
Alabama,2019,201903,Postpartum bundled payments,"2,071",6.8,
Alabama,2019,201903,Postpartum visits,"2,297",7.6,
Alabama,2019,201903,Prenatal bundled payments,"3,097",10.2,
Alabama,2019,201903,Prenatal visits,"3,832",12.7,
Alabama,2019,201904,Postpartum bundled payments,"2,054",6.7,
Alabama,2019,201904,Postpartum visits,"2,495",8.1,
Alabama,2019,201904,Prenatal bundled payments,"3,180",10.4,
Alabama,2019,201904,Prenatal visits,"4,077",13.3,
Alabama,2019,201905,Postpartum bundled payments,"2,205",7.2,
Alabama,2019,201905,Postpartum visits,"2,387",7.8,
Alabama,2019,201905,Prenatal bundled payments,"3,321",10.9,
Alabama,2019,201905,Prenatal visits,"4,242",13.9,
Alabama,2019,201906,Postpartum bundled payments,"2,046",6.8,
Alabama,2019,201906,Postpartum visits,"2,089",6.9,
Alabama,2019,201906,Prenatal bundled payments,"2,873",9.5,
Alabama,2019,201906,Prenatal visits,"3,878",12.9,
Alabama,2019,201907,Postpartum bundled payments,"2,413",7.9,
Alabama,2019,201907,Postpartum visits,"2,429",8.0,
Alabama,2019,201907,Prenatal bundled payments,"3,341",10.9,
Alabama,2019,201907,Prenatal visits,"4,350",14.3,
Alabama,2019,201908,Postpartum bundled payments,"2,515",8.3,
Alabama,2019,201908,Postpartum visits,"2,386",7.8,
Alabama,2019,201908,Prenatal bundled payments,"3,194",10.5,
Alabama,2019,201908,Prenatal visits,"3,894",12.8,
Alabama,2019,201909,Postpartum bundled payments,"2,483",8.2,
Alabama,2019,201909,Postpartum visits,"2,212",7.3,
Alabama,2019,201909,Prenatal bundled payments,"2,988",9.9,
Alabama,2019,201909,Prenatal visits,"3,371",11.2,
Alabama,2019,201910,Postpartum bundled payments,"2,173",7.4,
Alabama,2019,201910,Postpartum visits,"2,683",9.2,
Alabama,2019,201910,Prenatal bundled payments,"2,209",7.5,
Alabama,2019,201910,Prenatal visits,"4,767",16.3,
Alabama,2019,201911,Postpartum bundled payments,"2,011",7.2,
Alabama,2019,201911,Postpartum visits,"2,128",7.6,
Alabama,2019,201911,Prenatal bundled payments,"2,062",7.3,
Alabama,2019,201911,Prenatal visits,"3,741",13.3,
Alabama,2019,201912,Postpartum bundled payments,"2,166",7.9,
Alabama,2019,201912,Postpartum visits,"2,299",8.4,
Alabama,2019,201912,Prenatal bundled payments,"2,224",8.1,
Alabama,2019,201912,Prenatal visits,"3,882",14.2,
Alabama,2020,202001,Postpartum bundled payments,"2,163",8.1,
Alabama,2020,202001,Postpartum visits,"2,931",11.0,
Alabama,2020,202001,Prenatal bundled payments,"2,174",8.1,
Alabama,2020,202001,Prenatal visits,"4,633",17.4,
Alabama,2020,202002,Postpartum bundled payments,"1,876",7.4,
Alabama,2020,202002,Postpartum visits,"2,439",9.6,
Alabama,2020,202002,Prenatal bundled payments,"1,882",7.4,
Alabama,2020,202002,Prenatal visits,"3,788",14.9,
Alabama,2020,202003,Postpartum bundled payments,"1,934",7.8,
Alabama,2020,202003,Postpartum visits,"2,151",8.7,
Alabama,2020,202003,Prenatal bundled payments,"1,922",7.8,
Alabama,2020,202003,Prenatal visits,"3,773",15.2,
Alabama,2020,202004,Postpartum bundled payments,"1,844",7.3,
Alabama,2020,202004,Postpartum visits,"1,693",6.7,
Alabama,2020,202004,Prenatal bundled payments,"1,869",7.4,
Alabama,2020,202004,Prenatal visits,"3,808",15.1,
Alabama,2020,202005,Postpartum bundled payments,"1,808",7.1,
Alabama,2020,202005,Postpartum visits,"2,181",8.5,
Alabama,2020,202005,Prenatal bundled payments,"1,816",7.1,
Alabama,2020,202005,Prenatal visits,"3,576",14.0,
Alabama,2020,202006,Postpartum bundled payments,"1,985",7.6,
Alabama,2020,202006,Postpartum visits,"2,589",10.0,
Alabama,2020,202006,Prenatal bundled payments,"2,007",7.7,
Alabama,2020,202006,Prenatal visits,"4,395",16.9,
Alabama,2020,202007,Postpartum bundled payments,"2,123",8.0,
Alabama,2020,202007,Postpartum visits,"2,732",10.3,
Alabama,2020,202007,Prenatal bundled payments,"2,126",8.1,
Alabama,2020,202007,Prenatal visits,"4,374",16.6,
Alabama,2020,202008,Postpartum bundled payments,"2,170",8.1,
Alabama,2020,202008,Postpartum visits,"2,664",9.9,
Alabama,2020,202008,Prenatal bundled payments,"2,189",8.2,
Alabama,2020,202008,Prenatal visits,"4,099",15.3,
Alabama,2020,202009,Postpartum bundled payments,"2,019",7.4,
Alabama,2020,202009,Postpartum visits,"2,779",10.2,
Alabama,2020,202009,Prenatal bundled payments,"1,997",7.4,
Alabama,2020,202009,Prenatal visits,"4,056",14.9,
Alabama,2020,202010,Postpartum bundled payments,"1,954",7.1,
Alabama,2020,202010,Postpartum visits,"2,861",10.4,
Alabama,2020,202010,Prenatal bundled payments,"1,959",7.1,
Alabama,2020,202010,Prenatal visits,"4,202",15.3,
Alabama,2020,202011,Postpartum bundled payments,"1,839",6.6,
Alabama,2020,202011,Postpartum visits,"2,378",8.5,
Alabama,2020,202011,Prenatal bundled payments,"1,817",6.5,
Alabama,2020,202011,Prenatal visits,"3,928",14.1,
Alabama,2020,202012,Postpartum bundled payments,"2,095",7.4,
Alabama,2020,202012,Postpartum visits,"2,496",8.8,
Alabama,2020,202012,Prenatal bundled payments,"2,092",7.4,
Alabama,2020,202012,Prenatal visits,"4,484",15.9,
Alabama,2021,202101,Postpartum bundled payments,"1,913",6.7,
Alabama,2021,202101,Postpartum visits,"2,871",10.0,
Alabama,2021,202101,Prenatal bundled payments,"1,894",6.6,
Alabama,2021,202101,Prenatal visits,"4,467",15.6,
Alabama,2021,202102,Postpartum bundled payments,"1,832",6.3,
Alabama,2021,202102,Postpartum visits,"2,624",9.1,
Alabama,2021,202102,Prenatal bundled payments,"1,821",6.3,
Alabama,2021,202102,Prenatal visits,"4,386",15.1,
Alabama,2021,202103,Postpartum bundled payments,"1,930",6.6,
Alabama,2021,202103,Postpartum visits,"3,176",10.8,
Alabama,2021,202103,Prenatal bundled payments,"1,932",6.6,
Alabama,2021,202103,Prenatal visits,"5,165",17.6,
Alabama,2021,202104,Postpartum bundled payments,"1,805",6.1,
Alabama,2021,202104,Postpartum visits,"2,882",9.7,
Alabama,2021,202104,Prenatal bundled payments,"1,833",6.2,
Alabama,2021,202104,Prenatal visits,"5,141",17.3,
Alabama,2021,202105,Postpartum bundled payments,"1,702",5.7,
Alabama,2021,202105,Postpartum visits,"2,589",8.6,
Alabama,2021,202105,Prenatal bundled payments,"1,735",5.8,
Alabama,2021,202105,Prenatal visits,"4,870",16.2,
Alabama,2021,202106,Postpartum bundled payments,"1,924",6.3,
Alabama,2021,202106,Postpartum visits,"2,882",9.5,
Alabama,2021,202106,Prenatal bundled payments,"1,967",6.5,
Alabama,2021,202106,Prenatal visits,"5,387",17.7,
Alabama,2021,202107,Postpartum bundled payments,"2,063",6.7,
Alabama,2021,202107,Postpartum visits,"2,652",8.6,
Alabama,2021,202107,Prenatal bundled payments,"2,064",6.7,
Alabama,2021,202107,Prenatal visits,"4,678",15.2,
Alabama,2021,202108,Postpartum bundled payments,"1,949",6.3,
Alabama,2021,202108,Postpartum visits,"2,941",9.5,
Alabama,2021,202108,Prenatal bundled payments,"1,949",6.3,
Alabama,2021,202108,Prenatal visits,"4,706",15.2,
Alabama,2021,202109,Postpartum bundled payments,"2,040",6.5,
Alabama,2021,202109,Postpartum visits,"2,927",9.3,
Alabama,2021,202109,Prenatal bundled payments,"2,059",6.6,
Alabama,2021,202109,Prenatal visits,"4,780",15.3,
Alabama,2021,202110,Postpartum bundled payments,"1,890",6.0,
Alabama,2021,202110,Postpartum visits,"2,899",9.2,
Alabama,2021,202110,Prenatal bundled payments,"1,922",6.1,
Alabama,2021,202110,Prenatal visits,"4,600",14.6,
Alabama,2021,202111,Postpartum bundled payments,"1,877",5.9,
Alabama,2021,202111,Postpartum visits,"2,861",9.0,
Alabama,2021,202111,Prenatal bundled payments,"1,932",6.1,
Alabama,2021,202111,Prenatal visits,"4,689",14.7,
Alabama,2021,202112,Postpartum bundled payments,"1,916",5.9,
Alabama,2021,202112,Postpartum visits,"2,564",8.0,
Alabama,2021,202112,Prenatal bundled payments,"1,953",6.1,
Alabama,2021,202112,Prenatal visits,"4,580",14.2,
Alabama,2022,202201,Postpartum bundled payments,"1,924",5.9,
Alabama,2022,202201,Postpartum visits,"2,761",8.5,
Alabama,2022,202201,Prenatal bundled payments,"1,917",5.9,
Alabama,2022,202201,Prenatal visits,"4,860",14.9,
Alabama,2022,202202,Postpartum bundled payments,"1,631",5.0,
Alabama,2022,202202,Postpartum visits,"2,827",8.6,
Alabama,2022,202202,Prenatal bundled payments,"1,690",5.1,
Alabama,2022,202202,Prenatal visits,"4,703",14.3,
Alabama,2022,202203,Postpartum bundled payments,"1,794",5.4,
Alabama,2022,202203,Postpartum visits,"3,203",9.7,
Alabama,2022,202203,Prenatal bundled payments,"1,815",5.5,
Alabama,2022,202203,Prenatal visits,"5,335",16.1,
Alabama,2022,202204,Postpartum bundled payments,"1,598",4.8,
Alabama,2022,202204,Postpartum visits,"2,876",8.6,
Alabama,2022,202204,Prenatal bundled payments,"1,643",4.9,
Alabama,2022,202204,Prenatal visits,"4,974",14.9,
Alabama,2022,202205,Postpartum bundled payments,"1,656",4.9,
Alabama,2022,202205,Postpartum visits,"2,887",8.6,
Alabama,2022,202205,Prenatal bundled payments,"1,683",5.0,
Alabama,2022,202205,Prenatal visits,"5,136",15.3,
Alabama,2022,202206,Postpartum bundled payments,"1,634",4.8,
Alabama,2022,202206,Postpartum visits,"2,825",8.3,
Alabama,2022,202206,Prenatal bundled payments,"1,751",5.2,
Alabama,2022,202206,Prenatal visits,"5,180",15.3,
Alabama,2022,202207,Postpartum bundled payments,"1,786",5.2,
Alabama,2022,202207,Postpartum visits,"2,557",7.5,
Alabama,2022,202207,Prenatal bundled payments,"1,773",5.2,
Alabama,2022,202207,Prenatal visits,"4,396",12.9,
Alabama,2022,202208,Postpartum bundled payments,"1,997",5.8,
Alabama,2022,202208,Postpartum visits,"3,348",9.7,
Alabama,2022,202208,Prenatal bundled payments,"2,017",5.8,
Alabama,2022,202208,Prenatal visits,"4,975",14.4,
Alabama,2022,202209,Postpartum bundled payments,"1,829",5.3,
Alabama,2022,202209,Postpartum visits,"3,073",8.8,
Alabama,2022,202209,Prenatal bundled payments,"1,838",5.3,
Alabama,2022,202209,Prenatal visits,"4,521",13.0,
Alabama,2022,202210,Postpartum bundled payments,"1,688",4.8,
Alabama,2022,202210,Postpartum visits,"2,905",8.3,
Alabama,2022,202210,Prenatal bundled payments,"1,739",5.0,
Alabama,2022,202210,Prenatal visits,"4,488",12.8,
Alabama,2022,202211,Postpartum bundled payments,"1,742",4.9,
Alabama,2022,202211,Postpartum visits,"2,850",8.1,
Alabama,2022,202211,Prenatal bundled payments,"1,746",4.9,
Alabama,2022,202211,Prenatal visits,"4,370",12.4,
Alabama,2022,202212,Postpartum bundled payments,"1,753",4.9,
Alabama,2022,202212,Postpartum visits,"2,558",7.2,
Alabama,2022,202212,Prenatal bundled payments,"1,746",4.9,
Alabama,2022,202212,Prenatal visits,"4,079",11.5,
Alaska,2018,201801,Postpartum bundled payments,184,3.9,
Alaska,2018,201801,Postpartum visits,557,11.8,
Alaska,2018,201801,Prenatal bundled payments,DS,DS,
Alaska,2018,201801,Prenatal visits,"4,301",91.2,
Alaska,2018,201802,Postpartum bundled payments,164,3.5,
Alaska,2018,201802,Postpartum visits,504,10.6,
Alaska,2018,201802,Prenatal bundled payments,DS,DS,
Alaska,2018,201802,Prenatal visits,"3,623",76.5,
Alaska,2018,201803,Postpartum bundled payments,206,4.3,
Alaska,2018,201803,Postpartum visits,523,11.0,
Alaska,2018,201803,Prenatal bundled payments,13,0.3,
Alaska,2018,201803,Prenatal visits,"4,021",84.3,
Alaska,2018,201804,Postpartum bundled payments,184,3.8,
Alaska,2018,201804,Postpartum visits,516,10.7,
Alaska,2018,201804,Prenatal bundled payments,DS,DS,
Alaska,2018,201804,Prenatal visits,"3,842",79.9,
Alaska,2018,201805,Postpartum bundled payments,172,3.6,
Alaska,2018,201805,Postpartum visits,554,11.5,
Alaska,2018,201805,Prenatal bundled payments,DS,DS,
Alaska,2018,201805,Prenatal visits,"4,071",84.2,
Alaska,2018,201806,Postpartum bundled payments,174,3.6,
Alaska,2018,201806,Postpartum visits,549,11.3,
Alaska,2018,201806,Prenatal bundled payments,DS,DS,
Alaska,2018,201806,Prenatal visits,"3,629",74.7,
Alaska,2018,201807,Postpartum bundled payments,177,3.6,
Alaska,2018,201807,Postpartum visits,550,11.3,
Alaska,2018,201807,Prenatal bundled payments,DS,DS,
Alaska,2018,201807,Prenatal visits,"3,837",78.7,
Alaska,2018,201808,Postpartum bundled payments,199,4.1,
Alaska,2018,201808,Postpartum visits,553,11.3,
Alaska,2018,201808,Prenatal bundled payments,13,0.3,
Alaska,2018,201808,Prenatal visits,"3,954",80.7,
Alaska,2018,201809,Postpartum bundled payments,158,3.2,
Alaska,2018,201809,Postpartum visits,484,9.8,
Alaska,2018,201809,Prenatal bundled payments,DS,DS,
Alaska,2018,201809,Prenatal visits,"3,341",67.9,
Alaska,2018,201810,Postpartum bundled payments,165,3.3,
Alaska,2018,201810,Postpartum visits,600,12.2,
Alaska,2018,201810,Prenatal bundled payments,DS,DS,
Alaska,2018,201810,Prenatal visits,"3,890",78.8,
Alaska,2018,201811,Postpartum bundled payments,144,2.9,
Alaska,2018,201811,Postpartum visits,467,9.4,
Alaska,2018,201811,Prenatal bundled payments,DS,DS,
Alaska,2018,201811,Prenatal visits,"3,478",70.2,
Alaska,2018,201812,Postpartum bundled payments,159,3.2,
Alaska,2018,201812,Postpartum visits,450,9.0,
Alaska,2018,201812,Prenatal bundled payments,DS,DS,
Alaska,2018,201812,Prenatal visits,"3,350",67.1,
Alaska,2019,201901,Postpartum bundled payments,176,3.5,
Alaska,2019,201901,Postpartum visits,554,11.0,
Alaska,2019,201901,Prenatal bundled payments,DS,DS,
Alaska,2019,201901,Prenatal visits,"4,168",83.1,
Alaska,2019,201902,Postpartum bundled payments,174,3.5,
Alaska,2019,201902,Postpartum visits,420,8.4,
Alaska,2019,201902,Prenatal bundled payments,DS,DS,
Alaska,2019,201902,Prenatal visits,"3,569",71.0,
Alaska,2019,201903,Postpartum bundled payments,163,3.2,
Alaska,2019,201903,Postpartum visits,555,11.0,
Alaska,2019,201903,Prenatal bundled payments,DS,DS,
Alaska,2019,201903,Prenatal visits,"3,744",74.3,
Alaska,2019,201904,Postpartum bundled payments,159,3.1,
Alaska,2019,201904,Postpartum visits,578,11.4,
Alaska,2019,201904,Prenatal bundled payments,DS,DS,
Alaska,2019,201904,Prenatal visits,"4,022",79.6,
Alaska,2019,201905,Postpartum bundled payments,175,3.5,
Alaska,2019,201905,Postpartum visits,543,10.7,
Alaska,2019,201905,Prenatal bundled payments,DS,DS,
Alaska,2019,201905,Prenatal visits,"4,012",79.3,
Alaska,2019,201906,Postpartum bundled payments,159,3.1,
Alaska,2019,201906,Postpartum visits,474,9.3,
Alaska,2019,201906,Prenatal bundled payments,DS,DS,
Alaska,2019,201906,Prenatal visits,"3,546",69.8,
Alaska,2019,201907,Postpartum bundled payments,193,3.8,
Alaska,2019,201907,Postpartum visits,523,10.2,
Alaska,2019,201907,Prenatal bundled payments,DS,DS,
Alaska,2019,201907,Prenatal visits,"3,888",75.8,
Alaska,2019,201908,Postpartum bundled payments,178,3.5,
Alaska,2019,201908,Postpartum visits,538,10.4,
Alaska,2019,201908,Prenatal bundled payments,DS,DS,
Alaska,2019,201908,Prenatal visits,"3,759",72.9,
Alaska,2019,201909,Postpartum bundled payments,151,2.9,
Alaska,2019,201909,Postpartum visits,493,9.5,
Alaska,2019,201909,Prenatal bundled payments,DS,DS,
Alaska,2019,201909,Prenatal visits,"3,500",67.5,
Alaska,2019,201910,Postpartum bundled payments,150,2.9,
Alaska,2019,201910,Postpartum visits,591,11.4,
Alaska,2019,201910,Prenatal bundled payments,DS,DS,
Alaska,2019,201910,Prenatal visits,"3,776",72.6,
Alaska,2019,201911,Postpartum bundled payments,131,2.5,
Alaska,2019,201911,Postpartum visits,447,8.6,
Alaska,2019,201911,Prenatal bundled payments,DS,DS,
Alaska,2019,201911,Prenatal visits,"3,155",60.4,
Alaska,2019,201912,Postpartum bundled payments,152,2.9,
Alaska,2019,201912,Postpartum visits,413,7.9,
Alaska,2019,201912,Prenatal bundled payments,11,0.2,
Alaska,2019,201912,Prenatal visits,"3,463",66.0,
Alaska,2020,202001,Postpartum bundled payments,170,3.2,
Alaska,2020,202001,Postpartum visits,566,10.7,
Alaska,2020,202001,Prenatal bundled payments,DS,DS,
Alaska,2020,202001,Prenatal visits,"3,789",71.9,
Alaska,2020,202002,Postpartum bundled payments,146,2.8,
Alaska,2020,202002,Postpartum visits,467,8.8,
Alaska,2020,202002,Prenatal bundled payments,DS,DS,
Alaska,2020,202002,Prenatal visits,"3,268",61.9,
Alaska,2020,202003,Postpartum bundled payments,144,2.7,
Alaska,2020,202003,Postpartum visits,408,7.7,
Alaska,2020,202003,Prenatal bundled payments,DS,DS,
Alaska,2020,202003,Prenatal visits,"3,301",62.3,
Alaska,2020,202004,Postpartum bundled payments,121,2.3,
Alaska,2020,202004,Postpartum visits,319,6.0,
Alaska,2020,202004,Prenatal bundled payments,DS,DS,
Alaska,2020,202004,Prenatal visits,"3,154",58.9,
Alaska,2020,202005,Postpartum bundled payments,140,2.6,
Alaska,2020,202005,Postpartum visits,445,8.2,
Alaska,2020,202005,Prenatal bundled payments,11,0.2,
Alaska,2020,202005,Prenatal visits,"3,355",62.1,
Alaska,2020,202006,Postpartum bundled payments,158,2.9,
Alaska,2020,202006,Postpartum visits,603,11.1,
Alaska,2020,202006,Prenatal bundled payments,DS,DS,
Alaska,2020,202006,Prenatal visits,"3,552",65.2,
Alaska,2020,202007,Postpartum bundled payments,144,2.6,
Alaska,2020,202007,Postpartum visits,549,10.0,
Alaska,2020,202007,Prenatal bundled payments,DS,DS,
Alaska,2020,202007,Prenatal visits,"3,454",63.0,
Alaska,2020,202008,Postpartum bundled payments,157,2.8,
Alaska,2020,202008,Postpartum visits,530,9.5,
Alaska,2020,202008,Prenatal bundled payments,13,0.2,
Alaska,2020,202008,Prenatal visits,"3,344",60.2,
Alaska,2020,202009,Postpartum bundled payments,166,3.0,
Alaska,2020,202009,Postpartum visits,545,9.8,
Alaska,2020,202009,Prenatal bundled payments,11,0.2,
Alaska,2020,202009,Prenatal visits,"3,512",63.0,
Alaska,2020,202010,Postpartum bundled payments,165,2.9,
Alaska,2020,202010,Postpartum visits,608,10.8,
Alaska,2020,202010,Prenatal bundled payments,11,0.2,
Alaska,2020,202010,Prenatal visits,"3,380",60.1,
Alaska,2020,202011,Postpartum bundled payments,134,2.4,
Alaska,2020,202011,Postpartum visits,488,8.6,
Alaska,2020,202011,Prenatal bundled payments,12,0.2,
Alaska,2020,202011,Prenatal visits,"3,037",53.4,
Alaska,2020,202012,Postpartum bundled payments,146,2.5,
Alaska,2020,202012,Postpartum visits,549,9.5,
Alaska,2020,202012,Prenatal bundled payments,DS,DS,
Alaska,2020,202012,Prenatal visits,"3,462",60.1,
Alaska,2021,202101,Postpartum bundled payments,151,2.6,
Alaska,2021,202101,Postpartum visits,508,8.8,
Alaska,2021,202101,Prenatal bundled payments,DS,DS,
Alaska,2021,202101,Prenatal visits,"3,311",57.1,
Alaska,2021,202102,Postpartum bundled payments,135,2.3,
Alaska,2021,202102,Postpartum visits,587,10.1,
Alaska,2021,202102,Prenatal bundled payments,DS,DS,
Alaska,2021,202102,Prenatal visits,"3,347",57.4,
Alaska,2021,202103,Postpartum bundled payments,177,3.0,
Alaska,2021,202103,Postpartum visits,637,10.8,
Alaska,2021,202103,Prenatal bundled payments,11,0.2,
Alaska,2021,202103,Prenatal visits,"3,809",64.7,
Alaska,2021,202104,Postpartum bundled payments,162,2.7,
Alaska,2021,202104,Postpartum visits,597,10.1,
Alaska,2021,202104,Prenatal bundled payments,11,0.2,
Alaska,2021,202104,Prenatal visits,"3,756",63.4,
Alaska,2021,202105,Postpartum bundled payments,168,2.8,
Alaska,2021,202105,Postpartum visits,589,9.9,
Alaska,2021,202105,Prenatal bundled payments,DS,DS,
Alaska,2021,202105,Prenatal visits,"3,457",58.0,
Alaska,2021,202106,Postpartum bundled payments,163,2.7,
Alaska,2021,202106,Postpartum visits,610,10.2,
Alaska,2021,202106,Prenatal bundled payments,DS,DS,
Alaska,2021,202106,Prenatal visits,"3,729",62.2,
Alaska,2021,202107,Postpartum bundled payments,182,3.0,
Alaska,2021,202107,Postpartum visits,532,8.8,
Alaska,2021,202107,Prenatal bundled payments,DS,DS,
Alaska,2021,202107,Prenatal visits,"3,509",58.3,
Alaska,2021,202108,Postpartum bundled payments,170,2.8,
Alaska,2021,202108,Postpartum visits,532,8.8,
Alaska,2021,202108,Prenatal bundled payments,11,0.2,
Alaska,2021,202108,Prenatal visits,"3,555",58.8,
Alaska,2021,202109,Postpartum bundled payments,168,2.8,
Alaska,2021,202109,Postpartum visits,521,8.6,
Alaska,2021,202109,Prenatal bundled payments,12,0.2,
Alaska,2021,202109,Prenatal visits,"3,298",54.3,
Alaska,2021,202110,Postpartum bundled payments,155,2.5,
Alaska,2021,202110,Postpartum visits,515,8.4,
Alaska,2021,202110,Prenatal bundled payments,DS,DS,
Alaska,2021,202110,Prenatal visits,"3,149",51.6,
Alaska,2021,202111,Postpartum bundled payments,141,2.3,
Alaska,2021,202111,Postpartum visits,513,8.3,
Alaska,2021,202111,Prenatal bundled payments,DS,DS,
Alaska,2021,202111,Prenatal visits,"3,164",51.5,
Alaska,2021,202112,Postpartum bundled payments,134,2.2,
Alaska,2021,202112,Postpartum visits,514,8.3,
Alaska,2021,202112,Prenatal bundled payments,DS,DS,
Alaska,2021,202112,Prenatal visits,"3,246",52.5,
Alaska,2022,202201,Postpartum bundled payments,166,2.7,
Alaska,2022,202201,Postpartum visits,517,8.3,
Alaska,2022,202201,Prenatal bundled payments,DS,DS,
Alaska,2022,202201,Prenatal visits,"3,357",54.0,
Alaska,2022,202202,Postpartum bundled payments,142,2.3,
Alaska,2022,202202,Postpartum visits,510,8.2,
Alaska,2022,202202,Prenatal bundled payments,DS,DS,
Alaska,2022,202202,Prenatal visits,"3,279",52.5,
Alaska,2022,202203,Postpartum bundled payments,170,2.7,
Alaska,2022,202203,Postpartum visits,678,10.8,
Alaska,2022,202203,Prenatal bundled payments,13,0.2,
Alaska,2022,202203,Prenatal visits,"3,914",62.4,
Alaska,2022,202204,Postpartum bundled payments,149,2.4,
Alaska,2022,202204,Postpartum visits,648,10.3,
Alaska,2022,202204,Prenatal bundled payments,DS,DS,
Alaska,2022,202204,Prenatal visits,"3,493",55.4,
Alaska,2022,202205,Postpartum bundled payments,159,2.5,
Alaska,2022,202205,Postpartum visits,599,9.5,
Alaska,2022,202205,Prenatal bundled payments,DS,DS,
Alaska,2022,202205,Prenatal visits,"3,481",55.0,
Alaska,2022,202206,Postpartum bundled payments,152,2.4,
Alaska,2022,202206,Postpartum visits,591,9.3,
Alaska,2022,202206,Prenatal bundled payments,DS,DS,
Alaska,2022,202206,Prenatal visits,"3,594",56.6,
Alaska,2022,202207,Postpartum bundled payments,156,2.5,
Alaska,2022,202207,Postpartum visits,580,9.1,
Alaska,2022,202207,Prenatal bundled payments,DS,DS,
Alaska,2022,202207,Prenatal visits,"3,254",51.1,
Alaska,2022,202208,Postpartum bundled payments,155,2.4,
Alaska,2022,202208,Postpartum visits,684,10.7,
Alaska,2022,202208,Prenatal bundled payments,DS,DS,
Alaska,2022,202208,Prenatal visits,"3,575",55.9,
Alaska,2022,202209,Postpartum bundled payments,149,2.3,
Alaska,2022,202209,Postpartum visits,604,9.4,
Alaska,2022,202209,Prenatal bundled payments,DS,DS,
Alaska,2022,202209,Prenatal visits,"3,290",51.2,
Alaska,2022,202210,Postpartum bundled payments,129,2.0,
Alaska,2022,202210,Postpartum visits,557,8.7,
Alaska,2022,202210,Prenatal bundled payments,DS,DS,
Alaska,2022,202210,Prenatal visits,"3,043",47.3,
Alaska,2022,202211,Postpartum bundled payments,123,1.9,
Alaska,2022,202211,Postpartum visits,514,7.9,
Alaska,2022,202211,Prenatal bundled payments,DS,DS,
Alaska,2022,202211,Prenatal visits,"3,019",46.7,
Alaska,2022,202212,Postpartum bundled payments,110,1.7,
Alaska,2022,202212,Postpartum visits,466,7.2,
Alaska,2022,202212,Prenatal bundled payments,DS,DS,
Alaska,2022,202212,Prenatal visits,"2,885",44.4,
Arizona,2018,201801,Postpartum bundled payments,"2,304",5.0,
Arizona,2018,201801,Postpartum visits,"7,271",15.8,
Arizona,2018,201801,Prenatal bundled payments,"2,189",4.8,
Arizona,2018,201801,Prenatal visits,"14,070",30.6,
Arizona,2018,201802,Postpartum bundled payments,"2,123",4.7,
Arizona,2018,201802,Postpartum visits,"6,485",14.3,
Arizona,2018,201802,Prenatal bundled payments,"2,087",4.6,
Arizona,2018,201802,Prenatal visits,"12,461",27.5,
Arizona,2018,201803,Postpartum bundled payments,"2,232",4.9,
Arizona,2018,201803,Postpartum visits,"7,027",15.6,
Arizona,2018,201803,Prenatal bundled payments,"2,173",4.8,
Arizona,2018,201803,Prenatal visits,"13,709",30.4,
Arizona,2018,201804,Postpartum bundled payments,"2,112",4.7,
Arizona,2018,201804,Postpartum visits,"6,935",15.4,
Arizona,2018,201804,Prenatal bundled payments,"2,036",4.5,
Arizona,2018,201804,Prenatal visits,"13,728",30.5,
Arizona,2018,201805,Postpartum bundled payments,"2,116",4.7,
Arizona,2018,201805,Postpartum visits,"7,256",16.1,
Arizona,2018,201805,Prenatal bundled payments,"2,123",4.7,
Arizona,2018,201805,Prenatal visits,"14,955",33.2,
Arizona,2018,201806,Postpartum bundled payments,"2,128",4.7,
Arizona,2018,201806,Postpartum visits,"6,603",14.7,
Arizona,2018,201806,Prenatal bundled payments,"2,087",4.6,
Arizona,2018,201806,Prenatal visits,"14,073",31.3,
Arizona,2018,201807,Postpartum bundled payments,"2,245",5.0,
Arizona,2018,201807,Postpartum visits,"6,622",14.7,
Arizona,2018,201807,Prenatal bundled payments,"2,196",4.9,
Arizona,2018,201807,Prenatal visits,"14,506",32.2,
Arizona,2018,201808,Postpartum bundled payments,"2,439",5.4,
Arizona,2018,201808,Postpartum visits,"7,655",16.9,
Arizona,2018,201808,Prenatal bundled payments,"2,375",5.2,
Arizona,2018,201808,Prenatal visits,"15,816",34.9,
Arizona,2018,201809,Postpartum bundled payments,"2,222",4.9,
Arizona,2018,201809,Postpartum visits,"6,271",13.9,
Arizona,2018,201809,Prenatal bundled payments,"2,728",6.0,
Arizona,2018,201809,Prenatal visits,"13,219",29.3,
Arizona,2018,201810,Postpartum bundled payments,"2,323",5.1,
Arizona,2018,201810,Postpartum visits,"7,202",15.9,
Arizona,2018,201810,Prenatal bundled payments,"2,031",4.5,
Arizona,2018,201810,Prenatal visits,"15,502",34.3,
Arizona,2018,201811,Postpartum bundled payments,"2,153",4.8,
Arizona,2018,201811,Postpartum visits,"6,146",13.6,
Arizona,2018,201811,Prenatal bundled payments,"2,001",4.4,
Arizona,2018,201811,Prenatal visits,"13,935",30.9,
Arizona,2018,201812,Postpartum bundled payments,"2,198",4.9,
Arizona,2018,201812,Postpartum visits,"5,423",12.0,
Arizona,2018,201812,Prenatal bundled payments,"2,051",4.6,
Arizona,2018,201812,Prenatal visits,"12,802",28.4,
Arizona,2019,201901,Postpartum bundled payments,"2,388",5.3,
Arizona,2019,201901,Postpartum visits,"7,359",16.3,
Arizona,2019,201901,Prenatal bundled payments,"2,249",5.0,
Arizona,2019,201901,Prenatal visits,"15,387",34.0,
Arizona,2019,201902,Postpartum bundled payments,"2,027",4.5,
Arizona,2019,201902,Postpartum visits,"6,516",14.4,
Arizona,2019,201902,Prenatal bundled payments,"1,961",4.3,
Arizona,2019,201902,Prenatal visits,"13,391",29.7,
Arizona,2019,201903,Postpartum bundled payments,"2,203",4.9,
Arizona,2019,201903,Postpartum visits,"6,699",14.8,
Arizona,2019,201903,Prenatal bundled payments,"2,105",4.7,
Arizona,2019,201903,Prenatal visits,"13,784",30.5,
Arizona,2019,201904,Postpartum bundled payments,"1,995",4.4,
Arizona,2019,201904,Postpartum visits,"7,195",15.9,
Arizona,2019,201904,Prenatal bundled payments,"1,957",4.3,
Arizona,2019,201904,Prenatal visits,"14,407",31.9,
Arizona,2019,201905,Postpartum bundled payments,"2,031",4.5,
Arizona,2019,201905,Postpartum visits,"6,998",15.5,
Arizona,2019,201905,Prenatal bundled payments,"2,000",4.4,
Arizona,2019,201905,Prenatal visits,"14,667",32.5,
Arizona,2019,201906,Postpartum bundled payments,"2,000",4.4,
Arizona,2019,201906,Postpartum visits,"6,416",14.2,
Arizona,2019,201906,Prenatal bundled payments,"1,955",4.3,
Arizona,2019,201906,Prenatal visits,"13,890",30.8,
Arizona,2019,201907,Postpartum bundled payments,"2,227",4.9,
Arizona,2019,201907,Postpartum visits,"6,874",15.2,
Arizona,2019,201907,Prenatal bundled payments,"2,195",4.8,
Arizona,2019,201907,Prenatal visits,"15,684",34.6,
Arizona,2019,201908,Postpartum bundled payments,"2,164",4.7,
Arizona,2019,201908,Postpartum visits,"7,625",16.7,
Arizona,2019,201908,Prenatal bundled payments,"2,113",4.6,
Arizona,2019,201908,Prenatal visits,"14,669",32.2,
Arizona,2019,201909,Postpartum bundled payments,"2,017",4.4,
Arizona,2019,201909,Postpartum visits,"7,050",15.5,
Arizona,2019,201909,Prenatal bundled payments,"2,001",4.4,
Arizona,2019,201909,Prenatal visits,"13,526",29.7,
Arizona,2019,201910,Postpartum bundled payments,"2,007",4.4,
Arizona,2019,201910,Postpartum visits,"7,387",16.2,
Arizona,2019,201910,Prenatal bundled payments,"2,166",4.8,
Arizona,2019,201910,Prenatal visits,"14,322",31.5,
Arizona,2019,201911,Postpartum bundled payments,"1,930",4.3,
Arizona,2019,201911,Postpartum visits,"5,915",13.1,
Arizona,2019,201911,Prenatal bundled payments,"1,836",4.1,
Arizona,2019,201911,Prenatal visits,"12,034",26.6,
Arizona,2019,201912,Postpartum bundled payments,"1,962",4.3,
Arizona,2019,201912,Postpartum visits,"5,670",12.6,
Arizona,2019,201912,Prenatal bundled payments,"1,938",4.3,
Arizona,2019,201912,Prenatal visits,"13,038",28.9,
Arizona,2020,202001,Postpartum bundled payments,"2,137",4.8,
Arizona,2020,202001,Postpartum visits,"7,302",16.2,
Arizona,2020,202001,Prenatal bundled payments,"1,994",4.4,
Arizona,2020,202001,Prenatal visits,"14,345",31.9,
Arizona,2020,202002,Postpartum bundled payments,"1,901",4.2,
Arizona,2020,202002,Postpartum visits,"6,540",14.6,
Arizona,2020,202002,Prenatal bundled payments,"1,762",3.9,
Arizona,2020,202002,Prenatal visits,"12,624",28.2,
Arizona,2020,202003,Postpartum bundled payments,"1,993",4.4,
Arizona,2020,202003,Postpartum visits,"5,350",11.9,
Arizona,2020,202003,Prenatal bundled payments,"1,970",4.4,
Arizona,2020,202003,Prenatal visits,"12,776",28.4,
Arizona,2020,202004,Postpartum bundled payments,"1,971",4.3,
Arizona,2020,202004,Postpartum visits,"3,565",7.7,
Arizona,2020,202004,Prenatal bundled payments,"1,891",4.1,
Arizona,2020,202004,Prenatal visits,"12,412",26.9,
Arizona,2020,202005,Postpartum bundled payments,"1,986",4.2,
Arizona,2020,202005,Postpartum visits,"4,568",9.7,
Arizona,2020,202005,Prenatal bundled payments,"1,895",4.0,
Arizona,2020,202005,Prenatal visits,"12,736",27.1,
Arizona,2020,202006,Postpartum bundled payments,"2,029",4.3,
Arizona,2020,202006,Postpartum visits,"6,458",13.5,
Arizona,2020,202006,Prenatal bundled payments,"1,943",4.1,
Arizona,2020,202006,Prenatal visits,"13,590",28.5,
Arizona,2020,202007,Postpartum bundled payments,"2,239",4.6,
Arizona,2020,202007,Postpartum visits,"6,290",13.0,
Arizona,2020,202007,Prenatal bundled payments,"2,076",4.3,
Arizona,2020,202007,Prenatal visits,"13,505",27.9,
Arizona,2020,202008,Postpartum bundled payments,"2,120",4.3,
Arizona,2020,202008,Postpartum visits,"6,896",14.1,
Arizona,2020,202008,Prenatal bundled payments,"2,104",4.3,
Arizona,2020,202008,Prenatal visits,"13,306",27.1,
Arizona,2020,202009,Postpartum bundled payments,"2,075",4.2,
Arizona,2020,202009,Postpartum visits,"7,383",14.9,
Arizona,2020,202009,Prenatal bundled payments,"1,954",3.9,
Arizona,2020,202009,Prenatal visits,"13,966",28.1,
Arizona,2020,202010,Postpartum bundled payments,"1,963",3.9,
Arizona,2020,202010,Postpartum visits,"7,578",15.1,
Arizona,2020,202010,Prenatal bundled payments,"1,898",3.8,
Arizona,2020,202010,Prenatal visits,"13,994",27.9,
Arizona,2020,202011,Postpartum bundled payments,"1,754",3.5,
Arizona,2020,202011,Postpartum visits,"6,553",12.9,
Arizona,2020,202011,Prenatal bundled payments,"1,640",3.2,
Arizona,2020,202011,Prenatal visits,"12,583",24.8,
Arizona,2020,202012,Postpartum bundled payments,"1,907",3.7,
Arizona,2020,202012,Postpartum visits,"6,148",12.0,
Arizona,2020,202012,Prenatal bundled payments,"1,840",3.6,
Arizona,2020,202012,Prenatal visits,"14,105",27.5,
Arizona,2021,202101,Postpartum bundled payments,"1,881",3.6,
Arizona,2021,202101,Postpartum visits,"6,556",12.6,
Arizona,2021,202101,Prenatal bundled payments,"1,778",3.4,
Arizona,2021,202101,Prenatal visits,"13,495",26.0,
Arizona,2021,202102,Postpartum bundled payments,"1,705",3.3,
Arizona,2021,202102,Postpartum visits,"7,111",13.6,
Arizona,2021,202102,Prenatal bundled payments,"1,645",3.1,
Arizona,2021,202102,Prenatal visits,"13,322",25.4,
Arizona,2021,202103,Postpartum bundled payments,"1,816",3.4,
Arizona,2021,202103,Postpartum visits,"8,480",16.0,
Arizona,2021,202103,Prenatal bundled payments,"1,826",3.4,
Arizona,2021,202103,Prenatal visits,"15,329",29.0,
Arizona,2021,202104,Postpartum bundled payments,"1,726",3.2,
Arizona,2021,202104,Postpartum visits,"7,782",14.6,
Arizona,2021,202104,Prenatal bundled payments,"1,707",3.2,
Arizona,2021,202104,Prenatal visits,"15,389",28.9,
Arizona,2021,202105,Postpartum bundled payments,"1,711",3.2,
Arizona,2021,202105,Postpartum visits,"7,033",13.1,
Arizona,2021,202105,Prenatal bundled payments,"1,685",3.1,
Arizona,2021,202105,Prenatal visits,"14,450",26.9,
Arizona,2021,202106,Postpartum bundled payments,"1,812",3.3,
Arizona,2021,202106,Postpartum visits,"7,808",14.4,
Arizona,2021,202106,Prenatal bundled payments,"1,742",3.2,
Arizona,2021,202106,Prenatal visits,"16,102",29.7,
Arizona,2021,202107,Postpartum bundled payments,"1,923",3.5,
Arizona,2021,202107,Postpartum visits,"7,080",12.9,
Arizona,2021,202107,Prenatal bundled payments,"2,012",3.7,
Arizona,2021,202107,Prenatal visits,"15,401",28.1,
Arizona,2021,202108,Postpartum bundled payments,"1,984",3.6,
Arizona,2021,202108,Postpartum visits,"8,126",14.7,
Arizona,2021,202108,Prenatal bundled payments,"1,854",3.4,
Arizona,2021,202108,Prenatal visits,"15,720",28.5,
Arizona,2021,202109,Postpartum bundled payments,"1,783",3.2,
Arizona,2021,202109,Postpartum visits,"7,341",13.2,
Arizona,2021,202109,Prenatal bundled payments,"1,807",3.2,
Arizona,2021,202109,Prenatal visits,"14,831",26.6,
Arizona,2021,202110,Postpartum bundled payments,"1,829",3.3,
Arizona,2021,202110,Postpartum visits,"6,913",12.3,
Arizona,2021,202110,Prenatal bundled payments,"1,692",3.0,
Arizona,2021,202110,Prenatal visits,"13,957",24.9,
Arizona,2021,202111,Postpartum bundled payments,"1,728",3.1,
Arizona,2021,202111,Postpartum visits,"6,658",11.8,
Arizona,2021,202111,Prenatal bundled payments,"1,665",2.9,
Arizona,2021,202111,Prenatal visits,"13,565",24.0,
Arizona,2021,202112,Postpartum bundled payments,"1,837",3.2,
Arizona,2021,202112,Postpartum visits,"6,454",11.3,
Arizona,2021,202112,Prenatal bundled payments,"1,757",3.1,
Arizona,2021,202112,Prenatal visits,"13,734",24.1,
Arizona,2022,202201,Postpartum bundled payments,"1,941",3.4,
Arizona,2022,202201,Postpartum visits,"6,562",11.5,
Arizona,2022,202201,Prenatal bundled payments,"1,770",3.1,
Arizona,2022,202201,Prenatal visits,"13,998",24.4,
Arizona,2022,202202,Postpartum bundled payments,"1,713",3.0,
Arizona,2022,202202,Postpartum visits,"7,018",12.2,
Arizona,2022,202202,Prenatal bundled payments,"1,585",2.7,
Arizona,2022,202202,Prenatal visits,"13,167",22.8,
Arizona,2022,202203,Postpartum bundled payments,"1,769",3.0,
Arizona,2022,202203,Postpartum visits,"8,216",14.1,
Arizona,2022,202203,Prenatal bundled payments,"1,731",3.0,
Arizona,2022,202203,Prenatal visits,"15,253",26.2,
Arizona,2022,202204,Postpartum bundled payments,"1,647",2.8,
Arizona,2022,202204,Postpartum visits,"7,392",12.6,
Arizona,2022,202204,Prenatal bundled payments,"1,564",2.7,
Arizona,2022,202204,Prenatal visits,"14,376",24.6,
Arizona,2022,202205,Postpartum bundled payments,"1,626",2.8,
Arizona,2022,202205,Postpartum visits,"7,227",12.3,
Arizona,2022,202205,Prenatal bundled payments,"1,484",2.5,
Arizona,2022,202205,Prenatal visits,"15,081",25.6,
Arizona,2022,202206,Postpartum bundled payments,"1,726",2.9,
Arizona,2022,202206,Postpartum visits,"7,313",12.3,
Arizona,2022,202206,Prenatal bundled payments,"1,660",2.8,
Arizona,2022,202206,Prenatal visits,"16,086",27.1,
Arizona,2022,202207,Postpartum bundled payments,"1,813",3.0,
Arizona,2022,202207,Postpartum visits,"6,849",11.5,
Arizona,2022,202207,Prenatal bundled payments,"1,752",2.9,
Arizona,2022,202207,Prenatal visits,"14,792",24.8,
Arizona,2022,202208,Postpartum bundled payments,"1,949",3.2,
Arizona,2022,202208,Postpartum visits,"8,463",14.1,
Arizona,2022,202208,Prenatal bundled payments,"1,822",3.0,
Arizona,2022,202208,Prenatal visits,"16,784",27.9,
Arizona,2022,202209,Postpartum bundled payments,"1,709",2.8,
Arizona,2022,202209,Postpartum visits,"8,021",13.2,
Arizona,2022,202209,Prenatal bundled payments,"1,578",2.6,
Arizona,2022,202209,Prenatal visits,"15,052",24.8,
Arizona,2022,202210,Postpartum bundled payments,"1,556",2.6,
Arizona,2022,202210,Postpartum visits,"7,462",12.2,
Arizona,2022,202210,Prenatal bundled payments,"1,408",2.3,
Arizona,2022,202210,Prenatal visits,"14,069",23.1,
Arizona,2022,202211,Postpartum bundled payments,"1,738",2.8,
Arizona,2022,202211,Postpartum visits,"6,862",11.2,
Arizona,2022,202211,Prenatal bundled payments,"1,673",2.7,
Arizona,2022,202211,Prenatal visits,"14,327",23.4,
Arizona,2022,202212,Postpartum bundled payments,"1,691",2.7,
Arizona,2022,202212,Postpartum visits,"6,619",10.7,
Arizona,2022,202212,Prenatal bundled payments,"1,675",2.7,
Arizona,2022,202212,Prenatal visits,"14,458",23.4,
Arkansas,2018,201801,Postpartum bundled payments,"1,160",4.9,Unusable
Arkansas,2018,201801,Postpartum visits,"1,627",6.9,Unusable
Arkansas,2018,201801,Prenatal bundled payments,916,3.9,Unusable
Arkansas,2018,201801,Prenatal visits,"4,736",20.1,Unusable
Arkansas,2018,201802,Postpartum bundled payments,"1,055",4.5,Unusable
Arkansas,2018,201802,Postpartum visits,"1,541",6.5,Unusable
Arkansas,2018,201802,Prenatal bundled payments,830,3.5,Unusable
Arkansas,2018,201802,Prenatal visits,"4,330",18.4,Unusable
Arkansas,2018,201803,Postpartum bundled payments,"1,101",4.7,Unusable
Arkansas,2018,201803,Postpartum visits,"1,597",6.8,Unusable
Arkansas,2018,201803,Prenatal bundled payments,882,3.7,Unusable
Arkansas,2018,201803,Prenatal visits,"4,693",19.9,Unusable
Arkansas,2018,201804,Postpartum bundled payments,"1,007",4.3,Unusable
Arkansas,2018,201804,Postpartum visits,"1,507",6.4,Unusable
Arkansas,2018,201804,Prenatal bundled payments,817,3.5,Unusable
Arkansas,2018,201804,Prenatal visits,"4,515",19.1,Unusable
Arkansas,2018,201805,Postpartum bundled payments,"1,158",4.9,Unusable
Arkansas,2018,201805,Postpartum visits,"1,544",6.6,Unusable
Arkansas,2018,201805,Prenatal bundled payments,947,4.0,Unusable
Arkansas,2018,201805,Prenatal visits,"4,835",20.5,Unusable
Arkansas,2018,201806,Postpartum bundled payments,"1,007",4.3,Unusable
Arkansas,2018,201806,Postpartum visits,"1,328",5.7,Unusable
Arkansas,2018,201806,Prenatal bundled payments,813,3.5,Unusable
Arkansas,2018,201806,Prenatal visits,"4,223",18.0,Unusable
Arkansas,2018,201807,Postpartum bundled payments,"1,071",4.6,Unusable
Arkansas,2018,201807,Postpartum visits,"1,468",6.3,Unusable
Arkansas,2018,201807,Prenatal bundled payments,861,3.7,Unusable
Arkansas,2018,201807,Prenatal visits,"4,487",19.3,Unusable
Arkansas,2018,201808,Postpartum bundled payments,"1,178",5.1,Unusable
Arkansas,2018,201808,Postpartum visits,"1,614",7.0,Unusable
Arkansas,2018,201808,Prenatal bundled payments,924,4.0,Unusable
Arkansas,2018,201808,Prenatal visits,"4,870",21.0,Unusable
Arkansas,2018,201809,Postpartum bundled payments,"1,140",5.0,Unusable
Arkansas,2018,201809,Postpartum visits,"1,359",5.9,Unusable
Arkansas,2018,201809,Prenatal bundled payments,892,3.9,Unusable
Arkansas,2018,201809,Prenatal visits,"4,405",19.2,Unusable
Arkansas,2018,201810,Postpartum bundled payments,"1,146",5.0,Unusable
Arkansas,2018,201810,Postpartum visits,"1,587",7.0,Unusable
Arkansas,2018,201810,Prenatal bundled payments,985,4.3,Unusable
Arkansas,2018,201810,Prenatal visits,"4,925",21.6,Unusable
Arkansas,2018,201811,Postpartum bundled payments,"1,053",4.7,Unusable
Arkansas,2018,201811,Postpartum visits,"1,336",5.9,Unusable
Arkansas,2018,201811,Prenatal bundled payments,797,3.5,Unusable
Arkansas,2018,201811,Prenatal visits,"4,517",20.0,Unusable
Arkansas,2018,201812,Postpartum bundled payments,"1,099",5.0,Unusable
Arkansas,2018,201812,Postpartum visits,"1,259",5.7,Unusable
Arkansas,2018,201812,Prenatal bundled payments,880,4.0,Unusable
Arkansas,2018,201812,Prenatal visits,"4,413",19.9,Unusable
Arkansas,2019,201901,Postpartum bundled payments,"1,140",5.1,Unusable
Arkansas,2019,201901,Postpartum visits,"1,615",7.3,Unusable
Arkansas,2019,201901,Prenatal bundled payments,839,3.8,Unusable
Arkansas,2019,201901,Prenatal visits,"5,323",24.0,Unusable
Arkansas,2019,201902,Postpartum bundled payments,996,4.5,Unusable
Arkansas,2019,201902,Postpartum visits,"1,386",6.3,Unusable
Arkansas,2019,201902,Prenatal bundled payments,781,3.5,Unusable
Arkansas,2019,201902,Prenatal visits,"4,787",21.7,Unusable
Arkansas,2019,201903,Postpartum bundled payments,"1,014",4.6,Unusable
Arkansas,2019,201903,Postpartum visits,"1,271",5.7,Unusable
Arkansas,2019,201903,Prenatal bundled payments,764,3.5,Unusable
Arkansas,2019,201903,Prenatal visits,"4,824",21.8,Unusable
Arkansas,2019,201904,Postpartum bundled payments,"1,026",4.6,Unusable
Arkansas,2019,201904,Postpartum visits,"1,470",6.6,Unusable
Arkansas,2019,201904,Prenatal bundled payments,814,3.7,Unusable
Arkansas,2019,201904,Prenatal visits,"5,275",23.7,Unusable
Arkansas,2019,201905,Postpartum bundled payments,"1,080",4.9,Unusable
Arkansas,2019,201905,Postpartum visits,"1,380",6.2,Unusable
Arkansas,2019,201905,Prenatal bundled payments,867,3.9,Unusable
Arkansas,2019,201905,Prenatal visits,"5,212",23.6,Unusable
Arkansas,2019,201906,Postpartum bundled payments,"1,037",4.7,Unusable
Arkansas,2019,201906,Postpartum visits,"1,274",5.8,Unusable
Arkansas,2019,201906,Prenatal bundled payments,795,3.6,Unusable
Arkansas,2019,201906,Prenatal visits,"4,672",21.2,Unusable
Arkansas,2019,201907,Postpartum bundled payments,"1,172",5.3,Unusable
Arkansas,2019,201907,Postpartum visits,"1,508",6.8,Unusable
Arkansas,2019,201907,Prenatal bundled payments,931,4.2,Unusable
Arkansas,2019,201907,Prenatal visits,"5,401",24.4,Unusable
Arkansas,2019,201908,Postpartum bundled payments,"1,178",5.3,Unusable
Arkansas,2019,201908,Postpartum visits,"1,535",6.9,Unusable
Arkansas,2019,201908,Prenatal bundled payments,887,4.0,Unusable
Arkansas,2019,201908,Prenatal visits,"5,087",23.0,Unusable
Arkansas,2019,201909,Postpartum bundled payments,"1,242",5.6,Unusable
Arkansas,2019,201909,Postpartum visits,"1,457",6.6,Unusable
Arkansas,2019,201909,Prenatal bundled payments,970,4.4,Unusable
Arkansas,2019,201909,Prenatal visits,"4,822",21.7,Unusable
Arkansas,2019,201910,Postpartum bundled payments,"1,227",5.5,Unusable
Arkansas,2019,201910,Postpartum visits,"1,676",7.6,Unusable
Arkansas,2019,201910,Prenatal bundled payments,941,4.2,Unusable
Arkansas,2019,201910,Prenatal visits,"5,438",24.5,Unusable
Arkansas,2019,201911,Postpartum bundled payments,"1,091",4.9,Unusable
Arkansas,2019,201911,Postpartum visits,"1,278",5.8,Unusable
Arkansas,2019,201911,Prenatal bundled payments,839,3.8,Unusable
Arkansas,2019,201911,Prenatal visits,"4,517",20.4,Unusable
Arkansas,2019,201912,Postpartum bundled payments,"1,138",5.1,Unusable
Arkansas,2019,201912,Postpartum visits,"1,247",5.6,Unusable
Arkansas,2019,201912,Prenatal bundled payments,887,4.0,Unusable
Arkansas,2019,201912,Prenatal visits,"4,927",22.3,Unusable
Arkansas,2020,202001,Postpartum bundled payments,"1,151",5.2,Unusable
Arkansas,2020,202001,Postpartum visits,"1,654",7.5,Unusable
Arkansas,2020,202001,Prenatal bundled payments,857,3.9,Unusable
Arkansas,2020,202001,Prenatal visits,"5,165",23.4,Unusable
Arkansas,2020,202002,Postpartum bundled payments,"1,051",4.8,Unusable
Arkansas,2020,202002,Postpartum visits,"1,380",6.3,Unusable
Arkansas,2020,202002,Prenatal bundled payments,843,3.9,Unusable
Arkansas,2020,202002,Prenatal visits,"4,491",20.6,Unusable
Arkansas,2020,202003,Postpartum bundled payments,"1,103",5.1,Unusable
Arkansas,2020,202003,Postpartum visits,"1,105",5.1,Unusable
Arkansas,2020,202003,Prenatal bundled payments,812,3.7,Unusable
Arkansas,2020,202003,Prenatal visits,"4,576",21.1,Unusable
Arkansas,2020,202004,Postpartum bundled payments,"1,050",4.7,Unusable
Arkansas,2020,202004,Postpartum visits,839,3.8,Unusable
Arkansas,2020,202004,Prenatal bundled payments,848,3.8,Unusable
Arkansas,2020,202004,Prenatal visits,"4,340",19.6,Unusable
Arkansas,2020,202005,Postpartum bundled payments,"1,057",4.7,Unusable
Arkansas,2020,202005,Postpartum visits,"1,012",4.5,Unusable
Arkansas,2020,202005,Prenatal bundled payments,845,3.8,Unusable
Arkansas,2020,202005,Prenatal visits,"4,151",18.5,Unusable
Arkansas,2020,202006,Postpartum bundled payments,"1,035",4.6,Unusable
Arkansas,2020,202006,Postpartum visits,"1,334",5.9,Unusable
Arkansas,2020,202006,Prenatal bundled payments,830,3.7,Unusable
Arkansas,2020,202006,Prenatal visits,"4,466",19.6,Unusable
Arkansas,2020,202007,Postpartum bundled payments,"1,099",4.8,Unusable
Arkansas,2020,202007,Postpartum visits,"1,423",6.2,Unusable
Arkansas,2020,202007,Prenatal bundled payments,833,3.6,Unusable
Arkansas,2020,202007,Prenatal visits,"4,454",19.4,Unusable
Arkansas,2020,202008,Postpartum bundled payments,"1,160",5.0,Unusable
Arkansas,2020,202008,Postpartum visits,"1,378",5.9,Unusable
Arkansas,2020,202008,Prenatal bundled payments,953,4.1,Unusable
Arkansas,2020,202008,Prenatal visits,"4,082",17.5,Unusable
Arkansas,2020,202009,Postpartum bundled payments,"1,110",4.7,Unusable
Arkansas,2020,202009,Postpartum visits,"1,367",5.8,Unusable
Arkansas,2020,202009,Prenatal bundled payments,867,3.7,Unusable
Arkansas,2020,202009,Prenatal visits,"4,262",18.1,Unusable
Arkansas,2020,202010,Postpartum bundled payments,"1,007",4.2,Unusable
Arkansas,2020,202010,Postpartum visits,"1,461",6.1,Unusable
Arkansas,2020,202010,Prenatal bundled payments,816,3.4,Unusable
Arkansas,2020,202010,Prenatal visits,"4,185",17.6,Unusable
Arkansas,2020,202011,Postpartum bundled payments,996,4.1,Unusable
Arkansas,2020,202011,Postpartum visits,"1,207",5.0,Unusable
Arkansas,2020,202011,Prenatal bundled payments,834,3.5,Unusable
Arkansas,2020,202011,Prenatal visits,"3,828",15.9,Unusable
Arkansas,2020,202012,Postpartum bundled payments,"1,064",4.4,Unusable
Arkansas,2020,202012,Postpartum visits,"1,212",5.0,Unusable
Arkansas,2020,202012,Prenatal bundled payments,875,3.6,Unusable
Arkansas,2020,202012,Prenatal visits,"4,077",16.8,Unusable
Arkansas,2021,202101,Postpartum bundled payments,985,4.0,Unusable
Arkansas,2021,202101,Postpartum visits,"1,462",6.0,Unusable
Arkansas,2021,202101,Prenatal bundled payments,785,3.2,Unusable
Arkansas,2021,202101,Prenatal visits,"3,810",15.5,Unusable
Arkansas,2021,202102,Postpartum bundled payments,880,3.6,Unusable
Arkansas,2021,202102,Postpartum visits,"1,028",4.2,Unusable
Arkansas,2021,202102,Prenatal bundled payments,703,2.9,Unusable
Arkansas,2021,202102,Prenatal visits,"3,327",13.5,Unusable
Arkansas,2021,202103,Postpartum bundled payments,971,3.9,Unusable
Arkansas,2021,202103,Postpartum visits,"1,659",6.7,Unusable
Arkansas,2021,202103,Prenatal bundled payments,770,3.1,Unusable
Arkansas,2021,202103,Prenatal visits,"4,462",18.0,Unusable
Arkansas,2021,202104,Postpartum bundled payments,875,3.5,Unusable
Arkansas,2021,202104,Postpartum visits,"1,451",5.8,Unusable
Arkansas,2021,202104,Prenatal bundled payments,694,2.8,Unusable
Arkansas,2021,202104,Prenatal visits,"4,369",17.4,Unusable
Arkansas,2021,202105,Postpartum bundled payments,867,3.4,Unusable
Arkansas,2021,202105,Postpartum visits,"1,277",5.0,Unusable
Arkansas,2021,202105,Prenatal bundled payments,711,2.8,Unusable
Arkansas,2021,202105,Prenatal visits,"4,258",16.8,Unusable
Arkansas,2021,202106,Postpartum bundled payments,922,3.6,Unusable
Arkansas,2021,202106,Postpartum visits,"1,361",5.3,Unusable
Arkansas,2021,202106,Prenatal bundled payments,754,3.0,Unusable
Arkansas,2021,202106,Prenatal visits,"4,699",18.4,Unusable
Arkansas,2021,202107,Postpartum bundled payments,895,3.5,Unusable
Arkansas,2021,202107,Postpartum visits,"1,309",5.1,Unusable
Arkansas,2021,202107,Prenatal bundled payments,736,2.9,Unusable
Arkansas,2021,202107,Prenatal visits,"4,229",16.4,Unusable
Arkansas,2021,202108,Postpartum bundled payments,"1,034",4.0,Unusable
Arkansas,2021,202108,Postpartum visits,"1,445",5.6,Unusable
Arkansas,2021,202108,Prenatal bundled payments,795,3.1,Unusable
Arkansas,2021,202108,Prenatal visits,"4,329",16.7,Unusable
Arkansas,2021,202109,Postpartum bundled payments,931,3.6,Unusable
Arkansas,2021,202109,Postpartum visits,"1,434",5.5,Unusable
Arkansas,2021,202109,Prenatal bundled payments,710,2.7,Unusable
Arkansas,2021,202109,Prenatal visits,"4,220",16.2,Unusable
Arkansas,2021,202110,Postpartum bundled payments,924,3.5,Unusable
Arkansas,2021,202110,Postpartum visits,"1,388",5.3,Unusable
Arkansas,2021,202110,Prenatal bundled payments,667,2.5,Unusable
Arkansas,2021,202110,Prenatal visits,"3,930",15.0,Unusable
Arkansas,2021,202111,Postpartum bundled payments,835,3.2,Unusable
Arkansas,2021,202111,Postpartum visits,"1,272",4.8,Unusable
Arkansas,2021,202111,Prenatal bundled payments,648,2.5,Unusable
Arkansas,2021,202111,Prenatal visits,"3,936",14.9,Unusable
Arkansas,2021,202112,Postpartum bundled payments,910,3.4,Unusable
Arkansas,2021,202112,Postpartum visits,"1,242",4.7,Unusable
Arkansas,2021,202112,Prenatal bundled payments,696,2.6,Unusable
Arkansas,2021,202112,Prenatal visits,"3,660",13.8,Unusable
Arkansas,2022,202201,Postpartum bundled payments,882,3.3,Unusable
Arkansas,2022,202201,Postpartum visits,"1,271",4.7,Unusable
Arkansas,2022,202201,Prenatal bundled payments,621,2.3,Unusable
Arkansas,2022,202201,Prenatal visits,"3,737",13.9,Unusable
Arkansas,2022,202202,Postpartum bundled payments,804,3.0,Unusable
Arkansas,2022,202202,Postpartum visits,"1,234",4.6,Unusable
Arkansas,2022,202202,Prenatal bundled payments,579,2.2,Unusable
Arkansas,2022,202202,Prenatal visits,"3,249",12.1,Unusable
Arkansas,2022,202203,Postpartum bundled payments,893,3.3,Unusable
Arkansas,2022,202203,Postpartum visits,"1,571",5.8,Unusable
Arkansas,2022,202203,Prenatal bundled payments,695,2.6,Unusable
Arkansas,2022,202203,Prenatal visits,"4,261",15.8,Unusable
Arkansas,2022,202204,Postpartum bundled payments,827,3.1,Unusable
Arkansas,2022,202204,Postpartum visits,"1,440",5.3,Unusable
Arkansas,2022,202204,Prenatal bundled payments,664,2.5,Unusable
Arkansas,2022,202204,Prenatal visits,"3,986",14.7,Unusable
Arkansas,2022,202205,Postpartum bundled payments,835,3.1,Unusable
Arkansas,2022,202205,Postpartum visits,"1,454",5.3,Unusable
Arkansas,2022,202205,Prenatal bundled payments,669,2.5,Unusable
Arkansas,2022,202205,Prenatal visits,"4,227",15.5,Unusable
Arkansas,2022,202206,Postpartum bundled payments,902,3.3,Unusable
Arkansas,2022,202206,Postpartum visits,"1,380",5.1,Unusable
Arkansas,2022,202206,Prenatal bundled payments,722,2.6,Unusable
Arkansas,2022,202206,Prenatal visits,"4,348",15.9,Unusable
Arkansas,2022,202207,Postpartum bundled payments,910,3.3,Unusable
Arkansas,2022,202207,Postpartum visits,"1,400",5.1,Unusable
Arkansas,2022,202207,Prenatal bundled payments,699,2.5,Unusable
Arkansas,2022,202207,Prenatal visits,"3,875",14.1,Unusable
Arkansas,2022,202208,Postpartum bundled payments,952,3.5,Unusable
Arkansas,2022,202208,Postpartum visits,"1,697",6.2,Unusable
Arkansas,2022,202208,Prenatal bundled payments,745,2.7,Unusable
Arkansas,2022,202208,Prenatal visits,"4,265",15.5,Unusable
Arkansas,2022,202209,Postpartum bundled payments,931,3.4,Unusable
Arkansas,2022,202209,Postpartum visits,"1,404",5.1,Unusable
Arkansas,2022,202209,Prenatal bundled payments,755,2.7,Unusable
Arkansas,2022,202209,Prenatal visits,"3,957",14.3,Unusable
Arkansas,2022,202210,Postpartum bundled payments,869,3.1,Unusable
Arkansas,2022,202210,Postpartum visits,"1,536",5.5,Unusable
Arkansas,2022,202210,Prenatal bundled payments,665,2.4,Unusable
Arkansas,2022,202210,Prenatal visits,"3,918",14.1,Unusable
Arkansas,2022,202211,Postpartum bundled payments,846,3.0,Unusable
Arkansas,2022,202211,Postpartum visits,"1,344",4.8,Unusable
Arkansas,2022,202211,Prenatal bundled payments,657,2.4,Unusable
Arkansas,2022,202211,Prenatal visits,"3,871",13.9,Unusable
Arkansas,2022,202212,Postpartum bundled payments,936,3.3,Unusable
Arkansas,2022,202212,Postpartum visits,"1,213",4.3,Unusable
Arkansas,2022,202212,Prenatal bundled payments,750,2.7,Unusable
Arkansas,2022,202212,Prenatal visits,"3,664",13.1,Unusable
California,2018,201801,Postpartum bundled payments,"1,496",0.4,
California,2018,201801,Postpartum visits,"59,837",15.5,
California,2018,201801,Prenatal bundled payments,"62,938",16.3,
California,2018,201801,Prenatal visits,"142,121",36.8,
California,2018,201802,Postpartum bundled payments,"1,359",0.4,
California,2018,201802,Postpartum visits,"53,339",13.9,
California,2018,201802,Prenatal bundled payments,"56,313",14.7,
California,2018,201802,Prenatal visits,"128,902",33.6,
California,2018,201803,Postpartum bundled payments,"1,558",0.4,
California,2018,201803,Postpartum visits,"59,810",15.6,
California,2018,201803,Prenatal bundled payments,"61,864",16.1,
California,2018,201803,Prenatal visits,"140,356",36.6,
California,2018,201804,Postpartum bundled payments,"1,380",0.4,
California,2018,201804,Postpartum visits,"58,196",15.3,
California,2018,201804,Prenatal bundled payments,"60,555",15.9,
California,2018,201804,Prenatal visits,"137,793",36.2,
California,2018,201805,Postpartum bundled payments,"1,517",0.4,
California,2018,201805,Postpartum visits,"60,406",15.9,
California,2018,201805,Prenatal bundled payments,"66,785",17.6,
California,2018,201805,Prenatal visits,"147,093",38.8,
California,2018,201806,Postpartum bundled payments,"1,541",0.4,
California,2018,201806,Postpartum visits,"56,475",15.0,
California,2018,201806,Prenatal bundled payments,"61,233",16.3,
California,2018,201806,Prenatal visits,"139,260",37.0,
California,2018,201807,Postpartum bundled payments,"1,627",0.4,
California,2018,201807,Postpartum visits,"56,308",15.0,
California,2018,201807,Prenatal bundled payments,"64,459",17.2,
California,2018,201807,Prenatal visits,"142,221",37.9,
California,2018,201808,Postpartum bundled payments,"1,706",0.5,
California,2018,201808,Postpartum visits,"61,393",16.4,
California,2018,201808,Prenatal bundled payments,"68,168",18.2,
California,2018,201808,Prenatal visits,"150,892",40.2,
California,2018,201809,Postpartum bundled payments,"1,650",0.4,
California,2018,201809,Postpartum visits,"51,807",13.9,
California,2018,201809,Prenatal bundled payments,"57,972",15.6,
California,2018,201809,Prenatal visits,"127,947",34.3,
California,2018,201810,Postpartum bundled payments,"1,620",0.4,
California,2018,201810,Postpartum visits,"61,235",16.4,
California,2018,201810,Prenatal bundled payments,"64,208",17.2,
California,2018,201810,Prenatal visits,"145,021",38.9,
California,2018,201811,Postpartum bundled payments,"1,578",0.4,
California,2018,201811,Postpartum visits,"52,449",14.2,
California,2018,201811,Prenatal bundled payments,"57,234",15.5,
California,2018,201811,Prenatal visits,"131,239",35.4,
California,2018,201812,Postpartum bundled payments,"1,515",0.4,
California,2018,201812,Postpartum visits,"46,917",12.7,
California,2018,201812,Prenatal bundled payments,"51,121",13.9,
California,2018,201812,Prenatal visits,"122,953",33.4,
California,2019,201901,Postpartum bundled payments,"1,517",0.4,
California,2019,201901,Postpartum visits,"57,985",15.7,
California,2019,201901,Prenatal bundled payments,"59,452",16.1,
California,2019,201901,Prenatal visits,"146,724",39.8,
California,2019,201902,Postpartum bundled payments,"1,435",0.4,
California,2019,201902,Postpartum visits,"50,984",13.9,
California,2019,201902,Prenatal bundled payments,"51,502",14.1,
California,2019,201902,Prenatal visits,"128,934",35.2,
California,2019,201903,Postpartum bundled payments,"1,548",0.4,
California,2019,201903,Postpartum visits,"54,580",14.9,
California,2019,201903,Prenatal bundled payments,"54,268",14.8,
California,2019,201903,Prenatal visits,"135,626",37.1,
California,2019,201904,Postpartum bundled payments,"1,432",0.4,
California,2019,201904,Postpartum visits,"55,469",15.3,
California,2019,201904,Prenatal bundled payments,"55,895",15.4,
California,2019,201904,Prenatal visits,"141,534",38.9,
California,2019,201905,Postpartum bundled payments,"1,541",0.4,
California,2019,201905,Postpartum visits,"54,454",15.0,
California,2019,201905,Prenatal bundled payments,"54,623",15.1,
California,2019,201905,Prenatal visits,"144,719",40.0,
California,2019,201906,Postpartum bundled payments,"1,402",0.4,
California,2019,201906,Postpartum visits,"48,918",13.6,
California,2019,201906,Prenatal bundled payments,"47,385",13.2,
California,2019,201906,Prenatal visits,"130,414",36.2,
California,2019,201907,Postpartum bundled payments,"1,650",0.5,
California,2019,201907,Postpartum visits,"47,923",13.3,
California,2019,201907,Prenatal bundled payments,"49,346",13.7,
California,2019,201907,Prenatal visits,"129,798",36.1,
California,2019,201908,Postpartum bundled payments,"1,583",0.4,
California,2019,201908,Postpartum visits,"47,595",13.3,
California,2019,201908,Prenatal bundled payments,"45,687",12.7,
California,2019,201908,Prenatal visits,"123,219",34.3,
California,2019,201909,Postpartum bundled payments,"1,505",0.4,
California,2019,201909,Postpartum visits,"44,227",12.4,
California,2019,201909,Prenatal bundled payments,"41,512",11.6,
California,2019,201909,Prenatal visits,"114,733",32.1,
California,2019,201910,Postpartum bundled payments,"1,619",0.5,
California,2019,201910,Postpartum visits,"49,152",13.8,
California,2019,201910,Prenatal bundled payments,"45,557",12.8,
California,2019,201910,Prenatal visits,"124,897",35.0,
California,2019,201911,Postpartum bundled payments,"1,413",0.4,
California,2019,201911,Postpartum visits,"40,436",11.4,
California,2019,201911,Prenatal bundled payments,"38,456",10.9,
California,2019,201911,Prenatal visits,"106,191",30.1,
California,2019,201912,Postpartum bundled payments,"1,475",0.4,
California,2019,201912,Postpartum visits,"40,163",11.4,
California,2019,201912,Prenatal bundled payments,"39,866",11.3,
California,2019,201912,Prenatal visits,"116,003",33.0,
California,2020,202001,Postpartum bundled payments,"1,462",0.4,
California,2020,202001,Postpartum visits,"48,032",13.7,
California,2020,202001,Prenatal bundled payments,"40,145",11.4,
California,2020,202001,Prenatal visits,"133,085",37.9,
California,2020,202002,Postpartum bundled payments,"1,291",0.4,
California,2020,202002,Postpartum visits,"43,495",12.5,
California,2020,202002,Prenatal bundled payments,"36,019",10.3,
California,2020,202002,Prenatal visits,"120,125",34.5,
California,2020,202003,Postpartum bundled payments,"1,338",0.4,
California,2020,202003,Postpartum visits,"36,876",10.7,
California,2020,202003,Prenatal bundled payments,"36,986",10.7,
California,2020,202003,Prenatal visits,"121,431",35.1,
California,2020,202004,Postpartum bundled payments,"1,299",0.4,
California,2020,202004,Postpartum visits,"30,124",8.7,
California,2020,202004,Prenatal bundled payments,"33,326",9.6,
California,2020,202004,Prenatal visits,"126,041",36.4,
California,2020,202005,Postpartum bundled payments,"1,389",0.4,
California,2020,202005,Postpartum visits,"33,538",9.6,
California,2020,202005,Prenatal bundled payments,"32,009",9.2,
California,2020,202005,Prenatal visits,"125,311",36.0,
California,2020,202006,Postpartum bundled payments,"1,357",0.4,
California,2020,202006,Postpartum visits,"43,425",12.4,
California,2020,202006,Prenatal bundled payments,"33,734",9.6,
California,2020,202006,Prenatal visits,"142,250",40.6,
California,2020,202007,Postpartum bundled payments,"1,468",0.4,
California,2020,202007,Postpartum visits,"49,644",14.1,
California,2020,202007,Prenatal bundled payments,"33,352",9.5,
California,2020,202007,Prenatal visits,"156,713",44.4,
California,2020,202008,Postpartum bundled payments,"1,515",0.4,
California,2020,202008,Postpartum visits,"50,097",14.1,
California,2020,202008,Prenatal bundled payments,"31,626",8.9,
California,2020,202008,Prenatal visits,"148,815",42.0,
California,2020,202009,Postpartum bundled payments,"1,429",0.4,
California,2020,202009,Postpartum visits,"54,176",15.2,
California,2020,202009,Prenatal bundled payments,"31,449",8.8,
California,2020,202009,Prenatal visits,"153,019",43.0,
California,2020,202010,Postpartum bundled payments,"1,424",0.4,
California,2020,202010,Postpartum visits,"56,968",15.9,
California,2020,202010,Prenatal bundled payments,"29,445",8.2,
California,2020,202010,Prenatal visits,"154,211",43.2,
California,2020,202011,Postpartum bundled payments,"1,372",0.4,
California,2020,202011,Postpartum visits,"48,832",13.6,
California,2020,202011,Prenatal bundled payments,"26,465",7.4,
California,2020,202011,Prenatal visits,"135,659",37.9,
California,2020,202012,Postpartum bundled payments,"1,296",0.4,
California,2020,202012,Postpartum visits,"47,593",13.2,
California,2020,202012,Prenatal bundled payments,"28,405",7.9,
California,2020,202012,Prenatal visits,"147,350",40.9,
California,2021,202101,Postpartum bundled payments,"1,290",0.4,
California,2021,202101,Postpartum visits,"47,566",13.1,
California,2021,202101,Prenatal bundled payments,"26,117",7.2,
California,2021,202101,Prenatal visits,"141,903",39.1,
California,2021,202102,Postpartum bundled payments,"1,135",0.3,
California,2021,202102,Postpartum visits,"49,017",13.5,
California,2021,202102,Prenatal bundled payments,"26,517",7.3,
California,2021,202102,Prenatal visits,"144,447",39.8,
California,2021,202103,Postpartum bundled payments,"1,383",0.4,
California,2021,202103,Postpartum visits,"58,324",16.0,
California,2021,202103,Prenatal bundled payments,"30,809",8.4,
California,2021,202103,Prenatal visits,"168,591",46.2,
California,2021,202104,Postpartum bundled payments,"1,283",0.3,
California,2021,202104,Postpartum visits,"54,513",14.8,
California,2021,202104,Prenatal bundled payments,"29,320",8.0,
California,2021,202104,Prenatal visits,"159,700",43.5,
California,2021,202105,Postpartum bundled payments,"1,299",0.4,
California,2021,202105,Postpartum visits,"50,650",13.7,
California,2021,202105,Prenatal bundled payments,"27,733",7.5,
California,2021,202105,Prenatal visits,"149,697",40.5,
California,2021,202106,Postpartum bundled payments,"1,431",0.4,
California,2021,202106,Postpartum visits,"54,695",14.7,
California,2021,202106,Prenatal bundled payments,"31,286",8.4,
California,2021,202106,Prenatal visits,"166,336",44.8,
California,2021,202107,Postpartum bundled payments,"1,403",0.4,
California,2021,202107,Postpartum visits,"53,297",14.3,
California,2021,202107,Prenatal bundled payments,"29,457",7.9,
California,2021,202107,Prenatal visits,"158,992",42.6,
California,2021,202108,Postpartum bundled payments,"1,394",0.4,
California,2021,202108,Postpartum visits,"54,699",14.6,
California,2021,202108,Prenatal bundled payments,"31,006",8.3,
California,2021,202108,Prenatal visits,"160,679",42.8,
California,2021,202109,Postpartum bundled payments,"1,449",0.4,
California,2021,202109,Postpartum visits,"54,106",14.4,
California,2021,202109,Prenatal bundled payments,"30,657",8.1,
California,2021,202109,Prenatal visits,"156,053",41.4,
California,2021,202110,Postpartum bundled payments,"1,433",0.4,
California,2021,202110,Postpartum visits,"52,683",13.9,
California,2021,202110,Prenatal bundled payments,"28,528",7.5,
California,2021,202110,Prenatal visits,"149,071",39.4,
California,2021,202111,Postpartum bundled payments,"1,324",0.3,
California,2021,202111,Postpartum visits,"50,373",13.2,
California,2021,202111,Prenatal bundled payments,"29,604",7.8,
California,2021,202111,Prenatal visits,"148,496",39.0,
California,2021,202112,Postpartum bundled payments,"1,366",0.4,
California,2021,202112,Postpartum visits,"47,748",12.5,
California,2021,202112,Prenatal bundled payments,"28,952",7.6,
California,2021,202112,Prenatal visits,"148,118",38.7,
California,2022,202201,Postpartum bundled payments,"1,261",0.3,
California,2022,202201,Postpartum visits,"48,333",12.5,
California,2022,202201,Prenatal bundled payments,"27,913",7.2,
California,2022,202201,Prenatal visits,"147,294",38.1,
California,2022,202202,Postpartum bundled payments,"1,196",0.3,
California,2022,202202,Postpartum visits,"48,351",12.5,
California,2022,202202,Prenatal bundled payments,"26,589",6.9,
California,2022,202202,Prenatal visits,"145,543",37.6,
California,2022,202203,Postpartum bundled payments,"1,279",0.3,
California,2022,202203,Postpartum visits,"59,130",15.2,
California,2022,202203,Prenatal bundled payments,"31,264",8.0,
California,2022,202203,Prenatal visits,"170,307",43.8,
California,2022,202204,Postpartum bundled payments,"1,196",0.3,
California,2022,202204,Postpartum visits,"49,999",12.8,
California,2022,202204,Prenatal bundled payments,"28,450",7.3,
California,2022,202204,Prenatal visits,"150,113",38.5,
California,2022,202205,Postpartum bundled payments,"1,281",0.3,
California,2022,202205,Postpartum visits,"43,975",11.2,
California,2022,202205,Prenatal bundled payments,"30,082",7.7,
California,2022,202205,Prenatal visits,"132,342",33.8,
California,2022,202206,Postpartum bundled payments,"1,225",0.3,
California,2022,202206,Postpartum visits,"44,613",11.3,
California,2022,202206,Prenatal bundled payments,"32,027",8.1,
California,2022,202206,Prenatal visits,"137,934",35.0,
California,2022,202207,Postpartum bundled payments,"1,250",0.3,
California,2022,202207,Postpartum visits,"41,825",10.6,
California,2022,202207,Prenatal bundled payments,"30,168",7.6,
California,2022,202207,Prenatal visits,"126,961",32.1,
California,2022,202208,Postpartum bundled payments,"1,311",0.3,
California,2022,202208,Postpartum visits,"53,778",13.5,
California,2022,202208,Prenatal bundled payments,"35,035",8.8,
California,2022,202208,Prenatal visits,"161,550",40.5,
California,2022,202209,Postpartum bundled payments,"1,281",0.3,
California,2022,202209,Postpartum visits,"51,148",12.8,
California,2022,202209,Prenatal bundled payments,"33,148",8.3,
California,2022,202209,Prenatal visits,"153,971",38.4,
California,2022,202210,Postpartum bundled payments,"1,278",0.3,
California,2022,202210,Postpartum visits,"49,772",12.4,
California,2022,202210,Prenatal bundled payments,"31,371",7.8,
California,2022,202210,Prenatal visits,"149,025",37.0,
California,2022,202211,Postpartum bundled payments,"1,304",0.3,
California,2022,202211,Postpartum visits,"44,821",11.1,
California,2022,202211,Prenatal bundled payments,"31,971",7.9,
California,2022,202211,Prenatal visits,"133,285",32.9,
California,2022,202212,Postpartum bundled payments,"1,400",0.3,
California,2022,202212,Postpartum visits,"45,370",11.1,
California,2022,202212,Prenatal bundled payments,"30,812",7.6,
California,2022,202212,Prenatal visits,"144,780",35.5,
Colorado,2018,201801,Postpartum bundled payments,"1,365",4.1,Unusable
Colorado,2018,201801,Postpartum visits,"4,885",14.8,Unusable
Colorado,2018,201801,Prenatal bundled payments,"1,473",4.5,Unusable
Colorado,2018,201801,Prenatal visits,"10,180",30.8,Unusable
Colorado,2018,201802,Postpartum bundled payments,"1,206",3.6,Unusable
Colorado,2018,201802,Postpartum visits,"4,288",13.0,Unusable
Colorado,2018,201802,Prenatal bundled payments,"1,285",3.9,Unusable
Colorado,2018,201802,Prenatal visits,"8,962",27.1,Unusable
Colorado,2018,201803,Postpartum bundled payments,"1,372",4.1,Unusable
Colorado,2018,201803,Postpartum visits,"4,577",13.8,Unusable
Colorado,2018,201803,Prenatal bundled payments,"1,477",4.5,Unusable
Colorado,2018,201803,Prenatal visits,"9,630",29.1,Unusable
Colorado,2018,201804,Postpartum bundled payments,"1,226",3.7,Unusable
Colorado,2018,201804,Postpartum visits,"4,484",13.7,Unusable
Colorado,2018,201804,Prenatal bundled payments,"1,306",4.0,Unusable
Colorado,2018,201804,Prenatal visits,"9,677",29.5,Unusable
Colorado,2018,201805,Postpartum bundled payments,"1,377",4.2,Unusable
Colorado,2018,201805,Postpartum visits,"4,592",14.0,Unusable
Colorado,2018,201805,Prenatal bundled payments,"1,475",4.5,Unusable
Colorado,2018,201805,Prenatal visits,"10,386",31.6,Unusable
Colorado,2018,201806,Postpartum bundled payments,"1,276",3.9,Unusable
Colorado,2018,201806,Postpartum visits,"4,149",12.6,Unusable
Colorado,2018,201806,Prenatal bundled payments,"1,556",4.7,Unusable
Colorado,2018,201806,Prenatal visits,"9,915",30.0,Unusable
Colorado,2018,201807,Postpartum bundled payments,"1,374",4.2,Unusable
Colorado,2018,201807,Postpartum visits,"3,999",12.1,Unusable
Colorado,2018,201807,Prenatal bundled payments,"1,402",4.3,Unusable
Colorado,2018,201807,Prenatal visits,"9,759",29.6,Unusable
Colorado,2018,201808,Postpartum bundled payments,"1,410",4.3,
Colorado,2018,201808,Postpartum visits,"4,632",14.0,
Colorado,2018,201808,Prenatal bundled payments,"1,427",4.3,
Colorado,2018,201808,Prenatal visits,"10,101",30.6,
Colorado,2018,201809,Postpartum bundled payments,"1,348",4.1,
Colorado,2018,201809,Postpartum visits,"3,920",11.8,
Colorado,2018,201809,Prenatal bundled payments,"1,386",4.2,
Colorado,2018,201809,Prenatal visits,"8,849",26.7,
Colorado,2018,201810,Postpartum bundled payments,"1,354",4.1,
Colorado,2018,201810,Postpartum visits,"4,605",14.1,
Colorado,2018,201810,Prenatal bundled payments,"1,364",4.2,
Colorado,2018,201810,Prenatal visits,"10,026",30.6,
Colorado,2018,201811,Postpartum bundled payments,"1,246",3.8,
Colorado,2018,201811,Postpartum visits,"3,857",11.9,
Colorado,2018,201811,Prenatal bundled payments,"1,311",4.1,
Colorado,2018,201811,Prenatal visits,"9,454",29.2,
Colorado,2018,201812,Postpartum bundled payments,"1,241",3.9,
Colorado,2018,201812,Postpartum visits,"3,356",10.4,
Colorado,2018,201812,Prenatal bundled payments,"1,485",4.6,
Colorado,2018,201812,Prenatal visits,"8,731",27.1,
Colorado,2019,201901,Postpartum bundled payments,"1,250",3.9,
Colorado,2019,201901,Postpartum visits,"4,461",14.0,
Colorado,2019,201901,Prenatal bundled payments,"1,379",4.3,
Colorado,2019,201901,Prenatal visits,"10,167",31.9,
Colorado,2019,201902,Postpartum bundled payments,"1,162",3.7,
Colorado,2019,201902,Postpartum visits,"4,087",12.9,
Colorado,2019,201902,Prenatal bundled payments,"1,181",3.7,
Colorado,2019,201902,Prenatal visits,"8,875",27.9,
Colorado,2019,201903,Postpartum bundled payments,"1,215",3.8,
Colorado,2019,201903,Postpartum visits,"3,770",11.9,
Colorado,2019,201903,Prenatal bundled payments,"1,273",4.0,
Colorado,2019,201903,Prenatal visits,"8,781",27.8,
Colorado,2019,201904,Postpartum bundled payments,"1,226",3.9,
Colorado,2019,201904,Postpartum visits,"4,524",14.4,
Colorado,2019,201904,Prenatal bundled payments,"1,337",4.3,
Colorado,2019,201904,Prenatal visits,"10,100",32.3,
Colorado,2019,201905,Postpartum bundled payments,"1,335",4.3,
Colorado,2019,201905,Postpartum visits,"4,382",14.0,
Colorado,2019,201905,Prenatal bundled payments,"1,390",4.4,
Colorado,2019,201905,Prenatal visits,"10,564",33.7,
Colorado,2019,201906,Postpartum bundled payments,"1,266",4.0,
Colorado,2019,201906,Postpartum visits,"3,869",12.4,
Colorado,2019,201906,Prenatal bundled payments,"1,337",4.3,
Colorado,2019,201906,Prenatal visits,"9,382",30.0,
Colorado,2019,201907,Postpartum bundled payments,"1,283",4.1,
Colorado,2019,201907,Postpartum visits,"4,299",13.8,
Colorado,2019,201907,Prenatal bundled payments,"1,343",4.3,
Colorado,2019,201907,Prenatal visits,"10,027",32.2,
Colorado,2019,201908,Postpartum bundled payments,"1,344",4.3,
Colorado,2019,201908,Postpartum visits,"4,386",14.1,
Colorado,2019,201908,Prenatal bundled payments,"1,387",4.4,
Colorado,2019,201908,Prenatal visits,"9,991",32.0,
Colorado,2019,201909,Postpartum bundled payments,"1,270",4.1,
Colorado,2019,201909,Postpartum visits,"4,150",13.3,
Colorado,2019,201909,Prenatal bundled payments,"1,341",4.3,
Colorado,2019,201909,Prenatal visits,"9,191",29.4,
Colorado,2019,201910,Postpartum bundled payments,"1,256",4.0,
Colorado,2019,201910,Postpartum visits,"4,188",13.4,
Colorado,2019,201910,Prenatal bundled payments,"1,301",4.2,
Colorado,2019,201910,Prenatal visits,"9,585",30.7,
Colorado,2019,201911,Postpartum bundled payments,"1,172",3.7,
Colorado,2019,201911,Postpartum visits,"3,526",11.3,
Colorado,2019,201911,Prenatal bundled payments,"1,177",3.8,
Colorado,2019,201911,Prenatal visits,"8,403",26.8,
Colorado,2019,201912,Postpartum bundled payments,"1,199",3.9,
Colorado,2019,201912,Postpartum visits,"3,648",11.8,
Colorado,2019,201912,Prenatal bundled payments,"1,395",4.5,
Colorado,2019,201912,Prenatal visits,"9,163",29.6,
Colorado,2020,202001,Postpartum bundled payments,"1,223",4.0,
Colorado,2020,202001,Postpartum visits,"4,424",14.3,
Colorado,2020,202001,Prenatal bundled payments,"1,252",4.0,
Colorado,2020,202001,Prenatal visits,"9,775",31.6,
Colorado,2020,202002,Postpartum bundled payments,"1,099",3.6,
Colorado,2020,202002,Postpartum visits,"3,790",12.3,
Colorado,2020,202002,Prenatal bundled payments,"1,124",3.7,
Colorado,2020,202002,Prenatal visits,"8,261",26.8,
Colorado,2020,202003,Postpartum bundled payments,"1,194",3.9,
Colorado,2020,202003,Postpartum visits,"2,873",9.4,
Colorado,2020,202003,Prenatal bundled payments,"1,234",4.0,
Colorado,2020,202003,Prenatal visits,"8,173",26.8,
Colorado,2020,202004,Postpartum bundled payments,"1,146",3.6,
Colorado,2020,202004,Postpartum visits,"1,756",5.5,
Colorado,2020,202004,Prenatal bundled payments,"1,173",3.7,
Colorado,2020,202004,Prenatal visits,"8,126",25.6,
Colorado,2020,202005,Postpartum bundled payments,"1,232",3.8,
Colorado,2020,202005,Postpartum visits,"2,797",8.6,
Colorado,2020,202005,Prenatal bundled payments,"1,241",3.8,
Colorado,2020,202005,Prenatal visits,"8,191",25.3,
Colorado,2020,202006,Postpartum bundled payments,"1,176",3.6,
Colorado,2020,202006,Postpartum visits,"4,188",12.7,
Colorado,2020,202006,Prenatal bundled payments,"1,201",3.6,
Colorado,2020,202006,Prenatal visits,"9,104",27.5,
Colorado,2020,202007,Postpartum bundled payments,"1,328",3.9,
Colorado,2020,202007,Postpartum visits,"4,327",12.8,
Colorado,2020,202007,Prenatal bundled payments,"1,396",4.1,
Colorado,2020,202007,Prenatal visits,"8,985",26.6,
Colorado,2020,202008,Postpartum bundled payments,"1,271",3.7,
Colorado,2020,202008,Postpartum visits,"4,143",12.1,
Colorado,2020,202008,Prenatal bundled payments,"1,291",3.8,
Colorado,2020,202008,Prenatal visits,"8,747",25.4,
Colorado,2020,202009,Postpartum bundled payments,"1,297",3.7,
Colorado,2020,202009,Postpartum visits,"4,355",12.4,
Colorado,2020,202009,Prenatal bundled payments,"1,290",3.7,
Colorado,2020,202009,Prenatal visits,"8,943",25.6,
Colorado,2020,202010,Postpartum bundled payments,"1,276",3.6,
Colorado,2020,202010,Postpartum visits,"4,319",12.2,
Colorado,2020,202010,Prenatal bundled payments,"1,283",3.6,
Colorado,2020,202010,Prenatal visits,"9,072",25.5,
Colorado,2020,202011,Postpartum bundled payments,"1,157",3.2,
Colorado,2020,202011,Postpartum visits,"3,737",10.4,
Colorado,2020,202011,Prenatal bundled payments,"1,196",3.3,
Colorado,2020,202011,Prenatal visits,"8,178",22.7,
Colorado,2020,202012,Postpartum bundled payments,"1,224",3.3,
Colorado,2020,202012,Postpartum visits,"3,829",10.4,
Colorado,2020,202012,Prenatal bundled payments,"1,395",3.8,
Colorado,2020,202012,Prenatal visits,"9,250",25.2,
Colorado,2021,202101,Postpartum bundled payments,"1,176",3.2,
Colorado,2021,202101,Postpartum visits,"4,126",11.1,
Colorado,2021,202101,Prenatal bundled payments,"1,242",3.3,
Colorado,2021,202101,Prenatal visits,"8,605",23.1,
Colorado,2021,202102,Postpartum bundled payments,"1,066",2.8,
Colorado,2021,202102,Postpartum visits,"4,104",10.9,
Colorado,2021,202102,Prenatal bundled payments,"1,152",3.1,
Colorado,2021,202102,Prenatal visits,"8,476",22.5,
Colorado,2021,202103,Postpartum bundled payments,"1,237",3.3,
Colorado,2021,202103,Postpartum visits,"4,675",12.3,
Colorado,2021,202103,Prenatal bundled payments,"1,343",3.5,
Colorado,2021,202103,Prenatal visits,"9,471",24.9,
Colorado,2021,202104,Postpartum bundled payments,"1,136",3.0,
Colorado,2021,202104,Postpartum visits,"4,586",11.9,
Colorado,2021,202104,Prenatal bundled payments,"1,269",3.3,
Colorado,2021,202104,Prenatal visits,"9,472",24.7,
Colorado,2021,202105,Postpartum bundled payments,"1,218",3.1,
Colorado,2021,202105,Postpartum visits,"4,003",10.3,
Colorado,2021,202105,Prenatal bundled payments,"1,321",3.4,
Colorado,2021,202105,Prenatal visits,"8,532",22.0,
Colorado,2021,202106,Postpartum bundled payments,"1,216",3.1,
Colorado,2021,202106,Postpartum visits,"4,414",11.3,
Colorado,2021,202106,Prenatal bundled payments,"1,288",3.3,
Colorado,2021,202106,Prenatal visits,"9,423",24.1,
Colorado,2021,202107,Postpartum bundled payments,"1,282",3.2,
Colorado,2021,202107,Postpartum visits,"4,082",10.3,
Colorado,2021,202107,Prenatal bundled payments,"1,357",3.4,
Colorado,2021,202107,Prenatal visits,"8,867",22.5,
Colorado,2021,202108,Postpartum bundled payments,"1,268",3.2,
Colorado,2021,202108,Postpartum visits,"4,456",11.2,
Colorado,2021,202108,Prenatal bundled payments,"1,348",3.4,
Colorado,2021,202108,Prenatal visits,"9,022",22.6,
Colorado,2021,202109,Postpartum bundled payments,"1,243",3.1,
Colorado,2021,202109,Postpartum visits,"4,292",10.7,
Colorado,2021,202109,Prenatal bundled payments,"1,297",3.2,
Colorado,2021,202109,Prenatal visits,"8,910",22.2,
Colorado,2021,202110,Postpartum bundled payments,"1,197",3.0,
Colorado,2021,202110,Postpartum visits,"4,171",10.3,
Colorado,2021,202110,Prenatal bundled payments,"1,279",3.2,
Colorado,2021,202110,Prenatal visits,"8,955",22.1,
Colorado,2021,202111,Postpartum bundled payments,"1,108",2.7,
Colorado,2021,202111,Postpartum visits,"4,086",10.0,
Colorado,2021,202111,Prenatal bundled payments,"1,209",3.0,
Colorado,2021,202111,Prenatal visits,"9,180",22.4,
Colorado,2021,202112,Postpartum bundled payments,"1,182",2.9,
Colorado,2021,202112,Postpartum visits,"3,806",9.2,
Colorado,2021,202112,Prenatal bundled payments,"1,431",3.5,
Colorado,2021,202112,Prenatal visits,"9,242",22.4,
Colorado,2022,202201,Postpartum bundled payments,"1,226",3.0,
Colorado,2022,202201,Postpartum visits,"3,874",9.5,
Colorado,2022,202201,Prenatal bundled payments,"1,256",3.1,
Colorado,2022,202201,Prenatal visits,"9,399",22.9,
Colorado,2022,202202,Postpartum bundled payments,"1,083",2.6,
Colorado,2022,202202,Postpartum visits,"3,983",9.7,
Colorado,2022,202202,Prenatal bundled payments,"1,135",2.8,
Colorado,2022,202202,Prenatal visits,"9,037",21.9,
Colorado,2022,202203,Postpartum bundled payments,"1,203",2.9,
Colorado,2022,202203,Postpartum visits,"4,725",11.4,
Colorado,2022,202203,Prenatal bundled payments,"1,298",3.1,
Colorado,2022,202203,Prenatal visits,"10,440",25.2,
Colorado,2022,202204,Postpartum bundled payments,"1,210",2.9,
Colorado,2022,202204,Postpartum visits,"4,419",10.6,
Colorado,2022,202204,Prenatal bundled payments,"1,276",3.1,
Colorado,2022,202204,Prenatal visits,"9,733",23.3,
Colorado,2022,202205,Postpartum bundled payments,"1,306",3.1,
Colorado,2022,202205,Postpartum visits,"4,413",10.5,
Colorado,2022,202205,Prenatal bundled payments,"1,381",3.3,
Colorado,2022,202205,Prenatal visits,"9,754",23.2,
Colorado,2022,202206,Postpartum bundled payments,"1,265",3.0,
Colorado,2022,202206,Postpartum visits,"4,536",10.7,
Colorado,2022,202206,Prenatal bundled payments,"1,309",3.1,
Colorado,2022,202206,Prenatal visits,"9,794",23.1,
Colorado,2022,202207,Postpartum bundled payments,"1,289",2.9,
Colorado,2022,202207,Postpartum visits,"4,193",9.6,
Colorado,2022,202207,Prenatal bundled payments,"1,306",3.0,
Colorado,2022,202207,Prenatal visits,"8,984",20.6,
Colorado,2022,202208,Postpartum bundled payments,"1,297",2.9,
Colorado,2022,202208,Postpartum visits,"5,484",12.4,
Colorado,2022,202208,Prenatal bundled payments,"1,327",3.0,
Colorado,2022,202208,Prenatal visits,"10,240",23.1,
Colorado,2022,202209,Postpartum bundled payments,"1,253",2.8,
Colorado,2022,202209,Postpartum visits,"4,819",10.8,
Colorado,2022,202209,Prenatal bundled payments,"1,282",2.9,
Colorado,2022,202209,Prenatal visits,"9,333",20.9,
Colorado,2022,202210,Postpartum bundled payments,"1,217",2.7,
Colorado,2022,202210,Postpartum visits,"4,910",10.9,
Colorado,2022,202210,Prenatal bundled payments,"1,227",2.7,
Colorado,2022,202210,Prenatal visits,"9,617",21.3,
Colorado,2022,202211,Postpartum bundled payments,"1,143",2.5,
Colorado,2022,202211,Postpartum visits,"4,784",10.5,
Colorado,2022,202211,Prenatal bundled payments,"1,173",2.6,
Colorado,2022,202211,Prenatal visits,"9,494",20.8,
Colorado,2022,202212,Postpartum bundled payments,"1,163",2.5,
Colorado,2022,202212,Postpartum visits,"4,505",9.8,
Colorado,2022,202212,Prenatal bundled payments,"1,238",2.7,
Colorado,2022,202212,Prenatal visits,"9,717",21.1,
Connecticut,2018,201801,Postpartum bundled payments,965,4.7,Unusable
Connecticut,2018,201801,Postpartum visits,"6,530",31.6,Unusable
Connecticut,2018,201801,Prenatal bundled payments,"1,272",6.2,Unusable
Connecticut,2018,201801,Prenatal visits,"6,279",30.4,Unusable
Connecticut,2018,201802,Postpartum bundled payments,802,3.9,Unusable
Connecticut,2018,201802,Postpartum visits,"6,181",29.9,Unusable
Connecticut,2018,201802,Prenatal bundled payments,"1,078",5.2,Unusable
Connecticut,2018,201802,Prenatal visits,"5,807",28.0,Unusable
Connecticut,2018,201803,Postpartum bundled payments,870,4.2,Unusable
Connecticut,2018,201803,Postpartum visits,"6,171",29.8,Unusable
Connecticut,2018,201803,Prenatal bundled payments,"1,227",5.9,Unusable
Connecticut,2018,201803,Prenatal visits,"6,202",29.9,Unusable
Connecticut,2018,201804,Postpartum bundled payments,854,4.1,Unusable
Connecticut,2018,201804,Postpartum visits,"6,444",31.1,Unusable
Connecticut,2018,201804,Prenatal bundled payments,"1,246",6.0,Unusable
Connecticut,2018,201804,Prenatal visits,"6,208",30.0,Unusable
Connecticut,2018,201805,Postpartum bundled payments,958,4.6,Unusable
Connecticut,2018,201805,Postpartum visits,"7,071",34.0,Unusable
Connecticut,2018,201805,Prenatal bundled payments,"1,342",6.5,Unusable
Connecticut,2018,201805,Prenatal visits,"6,836",32.9,Unusable
Connecticut,2018,201806,Postpartum bundled payments,928,4.5,Unusable
Connecticut,2018,201806,Postpartum visits,"6,330",30.4,Unusable
Connecticut,2018,201806,Prenatal bundled payments,"1,277",6.1,Unusable
Connecticut,2018,201806,Prenatal visits,"6,257",30.1,Unusable
Connecticut,2018,201807,Postpartum bundled payments,960,4.6,Unusable
Connecticut,2018,201807,Postpartum visits,"6,258",29.9,Unusable
Connecticut,2018,201807,Prenatal bundled payments,"1,302",6.2,Unusable
Connecticut,2018,201807,Prenatal visits,"6,794",32.4,Unusable
Connecticut,2018,201808,Postpartum bundled payments,970,4.6,
Connecticut,2018,201808,Postpartum visits,"6,552",31.1,
Connecticut,2018,201808,Prenatal bundled payments,"1,383",6.6,
Connecticut,2018,201808,Prenatal visits,"7,061",33.5,
Connecticut,2018,201809,Postpartum bundled payments,980,4.6,
Connecticut,2018,201809,Postpartum visits,"5,827",27.6,
Connecticut,2018,201809,Prenatal bundled payments,"1,291",6.1,
Connecticut,2018,201809,Prenatal visits,"5,940",28.2,
Connecticut,2018,201810,Postpartum bundled payments,989,4.7,
Connecticut,2018,201810,Postpartum visits,"7,197",34.1,
Connecticut,2018,201810,Prenatal bundled payments,"1,383",6.6,
Connecticut,2018,201810,Prenatal visits,"6,618",31.4,
Connecticut,2018,201811,Postpartum bundled payments,923,4.4,
Connecticut,2018,201811,Postpartum visits,"6,067",28.6,
Connecticut,2018,201811,Prenatal bundled payments,"1,290",6.1,
Connecticut,2018,201811,Prenatal visits,"6,084",28.7,
Connecticut,2018,201812,Postpartum bundled payments,939,4.4,
Connecticut,2018,201812,Postpartum visits,"5,372",25.2,
Connecticut,2018,201812,Prenatal bundled payments,"1,278",6.0,
Connecticut,2018,201812,Prenatal visits,"6,101",28.7,
Connecticut,2019,201901,Postpartum bundled payments,989,4.6,
Connecticut,2019,201901,Postpartum visits,"7,266",34.1,
Connecticut,2019,201901,Prenatal bundled payments,"1,412",6.6,
Connecticut,2019,201901,Prenatal visits,"6,962",32.7,
Connecticut,2019,201902,Postpartum bundled payments,819,3.8,
Connecticut,2019,201902,Postpartum visits,"6,279",29.5,
Connecticut,2019,201902,Prenatal bundled payments,"1,183",5.6,
Connecticut,2019,201902,Prenatal visits,"6,063",28.5,
Connecticut,2019,201903,Postpartum bundled payments,984,4.6,
Connecticut,2019,201903,Postpartum visits,"6,532",30.6,
Connecticut,2019,201903,Prenatal bundled payments,"1,312",6.1,
Connecticut,2019,201903,Prenatal visits,"6,497",30.4,
Connecticut,2019,201904,Postpartum bundled payments,835,3.9,
Connecticut,2019,201904,Postpartum visits,"6,913",32.5,
Connecticut,2019,201904,Prenatal bundled payments,"1,198",5.6,
Connecticut,2019,201904,Prenatal visits,"6,734",31.6,
Connecticut,2019,201905,Postpartum bundled payments,886,4.2,
Connecticut,2019,201905,Postpartum visits,"6,957",32.6,
Connecticut,2019,201905,Prenatal bundled payments,"1,264",5.9,
Connecticut,2019,201905,Prenatal visits,"6,993",32.8,
Connecticut,2019,201906,Postpartum bundled payments,888,4.2,
Connecticut,2019,201906,Postpartum visits,"6,198",29.1,
Connecticut,2019,201906,Prenatal bundled payments,"1,236",5.8,
Connecticut,2019,201906,Prenatal visits,"6,251",29.4,
Connecticut,2019,201907,Postpartum bundled payments,949,4.5,
Connecticut,2019,201907,Postpartum visits,"6,857",32.2,
Connecticut,2019,201907,Prenatal bundled payments,"1,316",6.2,
Connecticut,2019,201907,Prenatal visits,"7,111",33.3,
Connecticut,2019,201908,Postpartum bundled payments,"1,059",5.0,
Connecticut,2019,201908,Postpartum visits,"6,576",30.8,
Connecticut,2019,201908,Prenatal bundled payments,"1,338",6.3,
Connecticut,2019,201908,Prenatal visits,"6,703",31.4,
Connecticut,2019,201909,Postpartum bundled payments,938,4.4,
Connecticut,2019,201909,Postpartum visits,"6,482",30.4,
Connecticut,2019,201909,Prenatal bundled payments,"1,238",5.8,
Connecticut,2019,201909,Prenatal visits,"6,246",29.3,
Connecticut,2019,201910,Postpartum bundled payments,983,4.6,
Connecticut,2019,201910,Postpartum visits,"7,438",35.0,
Connecticut,2019,201910,Prenatal bundled payments,"1,312",6.2,
Connecticut,2019,201910,Prenatal visits,"6,991",32.9,
Connecticut,2019,201911,Postpartum bundled payments,884,4.2,
Connecticut,2019,201911,Postpartum visits,"6,016",28.4,
Connecticut,2019,201911,Prenatal bundled payments,"1,137",5.4,
Connecticut,2019,201911,Prenatal visits,"6,176",29.2,
Connecticut,2019,201912,Postpartum bundled payments,902,4.2,
Connecticut,2019,201912,Postpartum visits,"5,486",25.7,
Connecticut,2019,201912,Prenatal bundled payments,"1,213",5.7,
Connecticut,2019,201912,Prenatal visits,"6,193",29.1,
Connecticut,2020,202001,Postpartum bundled payments,957,4.5,
Connecticut,2020,202001,Postpartum visits,"7,540",35.4,
Connecticut,2020,202001,Prenatal bundled payments,"1,249",5.9,
Connecticut,2020,202001,Prenatal visits,"6,997",32.8,
Connecticut,2020,202002,Postpartum bundled payments,801,3.8,
Connecticut,2020,202002,Postpartum visits,"6,574",30.9,
Connecticut,2020,202002,Prenatal bundled payments,"1,054",4.9,
Connecticut,2020,202002,Prenatal visits,"6,162",28.9,
Connecticut,2020,202003,Postpartum bundled payments,852,4.0,
Connecticut,2020,202003,Postpartum visits,"4,654",21.7,
Connecticut,2020,202003,Prenatal bundled payments,"1,170",5.5,
Connecticut,2020,202003,Prenatal visits,"5,775",27.0,
Connecticut,2020,202004,Postpartum bundled payments,859,3.9,
Connecticut,2020,202004,Postpartum visits,"1,962",9.0,
Connecticut,2020,202004,Prenatal bundled payments,"1,121",5.1,
Connecticut,2020,202004,Prenatal visits,"4,953",22.7,
Connecticut,2020,202005,Postpartum bundled payments,877,4.0,
Connecticut,2020,202005,Postpartum visits,"2,985",13.5,
Connecticut,2020,202005,Prenatal bundled payments,"1,128",5.1,
Connecticut,2020,202005,Prenatal visits,"5,187",23.5,
Connecticut,2020,202006,Postpartum bundled payments,885,4.0,
Connecticut,2020,202006,Postpartum visits,"5,971",26.7,
Connecticut,2020,202006,Prenatal bundled payments,"1,152",5.2,
Connecticut,2020,202006,Prenatal visits,"5,612",25.1,
Connecticut,2020,202007,Postpartum bundled payments,"1,002",4.4,
Connecticut,2020,202007,Postpartum visits,"6,694",29.7,
Connecticut,2020,202007,Prenatal bundled payments,"1,295",5.7,
Connecticut,2020,202007,Prenatal visits,"6,259",27.7,
Connecticut,2020,202008,Postpartum bundled payments,985,4.3,
Connecticut,2020,202008,Postpartum visits,"6,167",27.0,
Connecticut,2020,202008,Prenatal bundled payments,"1,215",5.3,
Connecticut,2020,202008,Prenatal visits,"5,695",24.9,
Connecticut,2020,202009,Postpartum bundled payments,939,4.1,
Connecticut,2020,202009,Postpartum visits,"7,075",30.5,
Connecticut,2020,202009,Prenatal bundled payments,"1,231",5.3,
Connecticut,2020,202009,Prenatal visits,"6,044",26.1,
Connecticut,2020,202010,Postpartum bundled payments,837,3.6,
Connecticut,2020,202010,Postpartum visits,"7,436",31.7,
Connecticut,2020,202010,Prenatal bundled payments,"1,200",5.1,
Connecticut,2020,202010,Prenatal visits,"6,188",26.3,
Connecticut,2020,202011,Postpartum bundled payments,794,3.3,
Connecticut,2020,202011,Postpartum visits,"6,349",26.6,
Connecticut,2020,202011,Prenatal bundled payments,"1,031",4.3,
Connecticut,2020,202011,Prenatal visits,"5,586",23.4,
Connecticut,2020,202012,Postpartum bundled payments,873,3.6,
Connecticut,2020,202012,Postpartum visits,"6,029",24.8,
Connecticut,2020,202012,Prenatal bundled payments,"1,149",4.7,
Connecticut,2020,202012,Prenatal visits,"6,221",25.6,
Connecticut,2021,202101,Postpartum bundled payments,811,3.3,
Connecticut,2021,202101,Postpartum visits,"7,071",28.8,
Connecticut,2021,202101,Prenatal bundled payments,"1,020",4.1,
Connecticut,2021,202101,Prenatal visits,"6,220",25.3,
Connecticut,2021,202102,Postpartum bundled payments,801,3.2,
Connecticut,2021,202102,Postpartum visits,"6,438",26.0,
Connecticut,2021,202102,Prenatal bundled payments,"1,049",4.2,
Connecticut,2021,202102,Prenatal visits,"5,920",23.9,
Connecticut,2021,202103,Postpartum bundled payments,860,3.4,
Connecticut,2021,202103,Postpartum visits,"8,232",32.9,
Connecticut,2021,202103,Prenatal bundled payments,"1,282",5.1,
Connecticut,2021,202103,Prenatal visits,"7,175",28.7,
Connecticut,2021,202104,Postpartum bundled payments,849,3.4,
Connecticut,2021,202104,Postpartum visits,"6,687",26.5,
Connecticut,2021,202104,Prenatal bundled payments,"1,157",4.6,
Connecticut,2021,202104,Prenatal visits,"6,810",27.0,
Connecticut,2021,202105,Postpartum bundled payments,862,3.4,
Connecticut,2021,202105,Postpartum visits,"6,169",24.3,
Connecticut,2021,202105,Prenatal bundled payments,"1,179",4.6,
Connecticut,2021,202105,Prenatal visits,"6,440",25.4,
Connecticut,2021,202106,Postpartum bundled payments,888,3.5,
Connecticut,2021,202106,Postpartum visits,"6,579",25.7,
Connecticut,2021,202106,Prenatal bundled payments,"1,237",4.8,
Connecticut,2021,202106,Prenatal visits,"7,009",27.4,
Connecticut,2021,202107,Postpartum bundled payments,944,3.7,
Connecticut,2021,202107,Postpartum visits,"6,343",24.6,
Connecticut,2021,202107,Prenatal bundled payments,"1,239",4.8,
Connecticut,2021,202107,Prenatal visits,"7,093",27.5,
Connecticut,2021,202108,Postpartum bundled payments,968,3.7,
Connecticut,2021,202108,Postpartum visits,"6,638",25.5,
Connecticut,2021,202108,Prenatal bundled payments,"1,297",5.0,
Connecticut,2021,202108,Prenatal visits,"7,025",27.0,
Connecticut,2021,202109,Postpartum bundled payments,942,3.6,
Connecticut,2021,202109,Postpartum visits,"6,919",26.4,
Connecticut,2021,202109,Prenatal bundled payments,"1,244",4.7,
Connecticut,2021,202109,Prenatal visits,"6,954",26.5,
Connecticut,2021,202110,Postpartum bundled payments,910,3.4,
Connecticut,2021,202110,Postpartum visits,"6,623",25.1,
Connecticut,2021,202110,Prenatal bundled payments,"1,106",4.2,
Connecticut,2021,202110,Prenatal visits,"6,390",24.2,
Connecticut,2021,202111,Postpartum bundled payments,868,3.3,
Connecticut,2021,202111,Postpartum visits,"6,415",24.1,
Connecticut,2021,202111,Prenatal bundled payments,"1,001",3.8,
Connecticut,2021,202111,Prenatal visits,"6,505",24.5,
Connecticut,2021,202112,Postpartum bundled payments,911,3.4,
Connecticut,2021,202112,Postpartum visits,"5,861",21.8,
Connecticut,2021,202112,Prenatal bundled payments,"1,059",3.9,
Connecticut,2021,202112,Prenatal visits,"6,549",24.4,
Connecticut,2022,202201,Postpartum bundled payments,873,3.2,
Connecticut,2022,202201,Postpartum visits,"6,264",23.2,
Connecticut,2022,202201,Prenatal bundled payments,966,3.6,
Connecticut,2022,202201,Prenatal visits,"6,440",23.8,
Connecticut,2022,202202,Postpartum bundled payments,779,2.9,
Connecticut,2022,202202,Postpartum visits,"6,505",23.9,
Connecticut,2022,202202,Prenatal bundled payments,900,3.3,
Connecticut,2022,202202,Prenatal visits,"6,178",22.7,
Connecticut,2022,202203,Postpartum bundled payments,863,3.2,
Connecticut,2022,202203,Postpartum visits,"7,817",28.6,
Connecticut,2022,202203,Prenatal bundled payments,997,3.6,
Connecticut,2022,202203,Prenatal visits,"7,296",26.7,
Connecticut,2022,202204,Postpartum bundled payments,817,3.0,
Connecticut,2022,202204,Postpartum visits,"6,513",23.7,
Connecticut,2022,202204,Prenatal bundled payments,961,3.5,
Connecticut,2022,202204,Prenatal visits,"7,024",25.5,
Connecticut,2022,202205,Postpartum bundled payments,831,3.0,
Connecticut,2022,202205,Postpartum visits,"6,769",24.4,
Connecticut,2022,202205,Prenatal bundled payments,936,3.4,
Connecticut,2022,202205,Prenatal visits,"7,627",27.5,
Connecticut,2022,202206,Postpartum bundled payments,861,3.1,
Connecticut,2022,202206,Postpartum visits,"6,682",24.0,
Connecticut,2022,202206,Prenatal bundled payments,"1,020",3.7,
Connecticut,2022,202206,Prenatal visits,"8,030",28.8,
Connecticut,2022,202207,Postpartum bundled payments,946,3.4,
Connecticut,2022,202207,Postpartum visits,"6,091",21.7,
Connecticut,2022,202207,Prenatal bundled payments,"1,092",3.9,
Connecticut,2022,202207,Prenatal visits,"7,594",27.1,
Connecticut,2022,202208,Postpartum bundled payments,975,3.4,
Connecticut,2022,202208,Postpartum visits,"7,070",25.0,
Connecticut,2022,202208,Prenatal bundled payments,"1,137",4.0,
Connecticut,2022,202208,Prenatal visits,"8,191",29.0,
Connecticut,2022,202209,Postpartum bundled payments,872,3.1,
Connecticut,2022,202209,Postpartum visits,"6,625",23.3,
Connecticut,2022,202209,Prenatal bundled payments,"1,056",3.7,
Connecticut,2022,202209,Prenatal visits,"7,681",27.0,
Connecticut,2022,202210,Postpartum bundled payments,852,3.0,
Connecticut,2022,202210,Postpartum visits,"6,744",23.5,
Connecticut,2022,202210,Prenatal bundled payments,"1,040",3.6,
Connecticut,2022,202210,Prenatal visits,"7,599",26.5,
Connecticut,2022,202211,Postpartum bundled payments,843,2.9,
Connecticut,2022,202211,Postpartum visits,"6,808",23.5,
Connecticut,2022,202211,Prenatal bundled payments,"1,087",3.8,
Connecticut,2022,202211,Prenatal visits,"7,858",27.2,
Connecticut,2022,202212,Postpartum bundled payments,948,3.3,
Connecticut,2022,202212,Postpartum visits,"6,326",21.9,
Connecticut,2022,202212,Prenatal bundled payments,"1,246",4.3,
Connecticut,2022,202212,Prenatal visits,"7,519",26.0,
Delaware,2018,201801,Postpartum bundled payments,139,2.4,
Delaware,2018,201801,Postpartum visits,"1,294",22.4,
Delaware,2018,201801,Prenatal bundled payments,202,3.5,
Delaware,2018,201801,Prenatal visits,"3,628",62.7,
Delaware,2018,201802,Postpartum bundled payments,149,2.6,
Delaware,2018,201802,Postpartum visits,"1,262",21.8,
Delaware,2018,201802,Prenatal bundled payments,217,3.8,
Delaware,2018,201802,Prenatal visits,"3,210",55.5,
Delaware,2018,201803,Postpartum bundled payments,129,2.2,
Delaware,2018,201803,Postpartum visits,"1,208",20.9,
Delaware,2018,201803,Prenatal bundled payments,278,4.8,
Delaware,2018,201803,Prenatal visits,"3,430",59.4,
Delaware,2018,201804,Postpartum bundled payments,141,2.5,
Delaware,2018,201804,Postpartum visits,"1,310",22.8,
Delaware,2018,201804,Prenatal bundled payments,341,5.9,
Delaware,2018,201804,Prenatal visits,"3,385",58.9,
Delaware,2018,201805,Postpartum bundled payments,135,2.4,
Delaware,2018,201805,Postpartum visits,"1,400",24.4,
Delaware,2018,201805,Prenatal bundled payments,356,6.2,
Delaware,2018,201805,Prenatal visits,"3,661",63.7,
Delaware,2018,201806,Postpartum bundled payments,154,2.7,
Delaware,2018,201806,Postpartum visits,"1,219",21.2,
Delaware,2018,201806,Prenatal bundled payments,257,4.5,
Delaware,2018,201806,Prenatal visits,"3,375",58.8,
Delaware,2018,201807,Postpartum bundled payments,157,2.7,
Delaware,2018,201807,Postpartum visits,"1,348",23.4,
Delaware,2018,201807,Prenatal bundled payments,298,5.2,
Delaware,2018,201807,Prenatal visits,"3,445",59.8,
Delaware,2018,201808,Postpartum bundled payments,188,3.3,
Delaware,2018,201808,Postpartum visits,"1,331",23.1,
Delaware,2018,201808,Prenatal bundled payments,310,5.4,
Delaware,2018,201808,Prenatal visits,"3,618",62.7,
Delaware,2018,201809,Postpartum bundled payments,146,2.5,
Delaware,2018,201809,Postpartum visits,"1,156",20.1,
Delaware,2018,201809,Prenatal bundled payments,193,3.3,
Delaware,2018,201809,Prenatal visits,"3,131",54.3,
Delaware,2018,201810,Postpartum bundled payments,148,2.6,
Delaware,2018,201810,Postpartum visits,"1,398",24.2,
Delaware,2018,201810,Prenatal bundled payments,257,4.5,
Delaware,2018,201810,Prenatal visits,"3,542",61.4,
Delaware,2018,201811,Postpartum bundled payments,138,2.4,
Delaware,2018,201811,Postpartum visits,"1,230",21.4,
Delaware,2018,201811,Prenatal bundled payments,72,1.3,
Delaware,2018,201811,Prenatal visits,"3,381",58.8,
Delaware,2018,201812,Postpartum bundled payments,121,2.1,
Delaware,2018,201812,Postpartum visits,"1,111",19.3,
Delaware,2018,201812,Prenatal bundled payments,38,0.7,
Delaware,2018,201812,Prenatal visits,"3,202",55.5,
Delaware,2019,201901,Postpartum bundled payments,117,2.0,
Delaware,2019,201901,Postpartum visits,"1,520",26.3,
Delaware,2019,201901,Prenatal bundled payments,34,0.6,
Delaware,2019,201901,Prenatal visits,"3,777",65.4,
Delaware,2019,201902,Postpartum bundled payments,69,1.2,
Delaware,2019,201902,Postpartum visits,"1,317",22.8,
Delaware,2019,201902,Prenatal bundled payments,14,0.2,
Delaware,2019,201902,Prenatal visits,"3,384",58.5,
Delaware,2019,201903,Postpartum bundled payments,101,1.8,
Delaware,2019,201903,Postpartum visits,"1,369",23.7,
Delaware,2019,201903,Prenatal bundled payments,39,0.7,
Delaware,2019,201903,Prenatal visits,"3,552",61.6,
Delaware,2019,201904,Postpartum bundled payments,59,1.0,
Delaware,2019,201904,Postpartum visits,"1,365",23.7,
Delaware,2019,201904,Prenatal bundled payments,26,0.5,
Delaware,2019,201904,Prenatal visits,"3,641",63.2,
Delaware,2019,201905,Postpartum bundled payments,78,1.4,
Delaware,2019,201905,Postpartum visits,"1,419",24.6,
Delaware,2019,201905,Prenatal bundled payments,34,0.6,
Delaware,2019,201905,Prenatal visits,"3,703",64.3,
Delaware,2019,201906,Postpartum bundled payments,96,1.7,
Delaware,2019,201906,Postpartum visits,"1,253",21.9,
Delaware,2019,201906,Prenatal bundled payments,34,0.6,
Delaware,2019,201906,Prenatal visits,"3,349",58.5,
Delaware,2019,201907,Postpartum bundled payments,87,1.5,
Delaware,2019,201907,Postpartum visits,"1,359",23.7,
Delaware,2019,201907,Prenatal bundled payments,34,0.6,
Delaware,2019,201907,Prenatal visits,"3,815",66.5,
Delaware,2019,201908,Postpartum bundled payments,111,1.9,
Delaware,2019,201908,Postpartum visits,"1,343",23.4,
Delaware,2019,201908,Prenatal bundled payments,43,0.7,
Delaware,2019,201908,Prenatal visits,"3,544",61.8,
Delaware,2019,201909,Postpartum bundled payments,86,1.5,
Delaware,2019,201909,Postpartum visits,"1,347",23.6,
Delaware,2019,201909,Prenatal bundled payments,37,0.6,
Delaware,2019,201909,Prenatal visits,"3,287",57.6,
Delaware,2019,201910,Postpartum bundled payments,71,1.3,
Delaware,2019,201910,Postpartum visits,"1,445",25.5,
Delaware,2019,201910,Prenatal bundled payments,37,0.7,
Delaware,2019,201910,Prenatal visits,"3,629",64.0,
Delaware,2019,201911,Postpartum bundled payments,62,1.1,
Delaware,2019,201911,Postpartum visits,"1,162",20.5,
Delaware,2019,201911,Prenatal bundled payments,29,0.5,
Delaware,2019,201911,Prenatal visits,"3,051",53.8,
Delaware,2019,201912,Postpartum bundled payments,61,1.1,
Delaware,2019,201912,Postpartum visits,"1,155",20.4,
Delaware,2019,201912,Prenatal bundled payments,36,0.6,
Delaware,2019,201912,Prenatal visits,"3,190",56.2,
Delaware,2020,202001,Postpartum bundled payments,63,1.1,
Delaware,2020,202001,Postpartum visits,"1,438",25.3,
Delaware,2020,202001,Prenatal bundled payments,32,0.6,
Delaware,2020,202001,Prenatal visits,"3,603",63.3,
Delaware,2020,202002,Postpartum bundled payments,57,1.0,
Delaware,2020,202002,Postpartum visits,"1,238",21.7,
Delaware,2020,202002,Prenatal bundled payments,23,0.4,
Delaware,2020,202002,Prenatal visits,"3,191",55.9,
Delaware,2020,202003,Postpartum bundled payments,56,1.0,
Delaware,2020,202003,Postpartum visits,948,16.5,
Delaware,2020,202003,Prenatal bundled payments,24,0.4,
Delaware,2020,202003,Prenatal visits,"3,349",58.4,
Delaware,2020,202004,Postpartum bundled payments,46,0.8,
Delaware,2020,202004,Postpartum visits,544,9.3,
Delaware,2020,202004,Prenatal bundled payments,21,0.4,
Delaware,2020,202004,Prenatal visits,"3,223",55.3,
Delaware,2020,202005,Postpartum bundled payments,50,0.8,
Delaware,2020,202005,Postpartum visits,703,11.9,
Delaware,2020,202005,Prenatal bundled payments,23,0.4,
Delaware,2020,202005,Prenatal visits,"3,324",56.2,
Delaware,2020,202006,Postpartum bundled payments,61,1.0,
Delaware,2020,202006,Postpartum visits,"1,102",18.4,
Delaware,2020,202006,Prenatal bundled payments,20,0.3,
Delaware,2020,202006,Prenatal visits,"3,611",60.1,
Delaware,2020,202007,Postpartum bundled payments,52,0.9,
Delaware,2020,202007,Postpartum visits,"1,368",22.4,
Delaware,2020,202007,Prenatal bundled payments,20,0.3,
Delaware,2020,202007,Prenatal visits,"3,657",60.0,
Delaware,2020,202008,Postpartum bundled payments,42,0.7,
Delaware,2020,202008,Postpartum visits,"1,321",21.3,
Delaware,2020,202008,Prenatal bundled payments,23,0.4,
Delaware,2020,202008,Prenatal visits,"3,419",55.3,
Delaware,2020,202009,Postpartum bundled payments,46,0.7,
Delaware,2020,202009,Postpartum visits,"1,363",21.8,
Delaware,2020,202009,Prenatal bundled payments,29,0.5,
Delaware,2020,202009,Prenatal visits,"3,363",53.7,
Delaware,2020,202010,Postpartum bundled payments,23,0.4,
Delaware,2020,202010,Postpartum visits,"1,427",22.5,
Delaware,2020,202010,Prenatal bundled payments,14,0.2,
Delaware,2020,202010,Prenatal visits,"3,323",52.4,
Delaware,2020,202011,Postpartum bundled payments,26,0.4,
Delaware,2020,202011,Postpartum visits,"1,316",20.5,
Delaware,2020,202011,Prenatal bundled payments,21,0.3,
Delaware,2020,202011,Prenatal visits,"2,960",46.0,
Delaware,2020,202012,Postpartum bundled payments,24,0.4,
Delaware,2020,202012,Postpartum visits,"1,276",19.5,
Delaware,2020,202012,Prenatal bundled payments,13,0.2,
Delaware,2020,202012,Prenatal visits,"3,111",47.6,
Delaware,2021,202101,Postpartum bundled payments,34,0.5,
Delaware,2021,202101,Postpartum visits,"1,310",19.8,
Delaware,2021,202101,Prenatal bundled payments,24,0.4,
Delaware,2021,202101,Prenatal visits,"2,903",44.0,
Delaware,2021,202102,Postpartum bundled payments,25,0.4,
Delaware,2021,202102,Postpartum visits,"1,181",17.7,
Delaware,2021,202102,Prenatal bundled payments,17,0.3,
Delaware,2021,202102,Prenatal visits,"2,894",43.4,
Delaware,2021,202103,Postpartum bundled payments,32,0.5,
Delaware,2021,202103,Postpartum visits,"1,491",22.1,
Delaware,2021,202103,Prenatal bundled payments,22,0.3,
Delaware,2021,202103,Prenatal visits,"3,535",52.5,
Delaware,2021,202104,Postpartum bundled payments,35,0.5,
Delaware,2021,202104,Postpartum visits,"1,299",19.1,
Delaware,2021,202104,Prenatal bundled payments,20,0.3,
Delaware,2021,202104,Prenatal visits,"3,482",51.1,
Delaware,2021,202105,Postpartum bundled payments,26,0.4,
Delaware,2021,202105,Postpartum visits,"1,306",19.0,
Delaware,2021,202105,Prenatal bundled payments,20,0.3,
Delaware,2021,202105,Prenatal visits,"3,370",49.1,
Delaware,2021,202106,Postpartum bundled payments,34,0.5,
Delaware,2021,202106,Postpartum visits,"1,357",19.6,
Delaware,2021,202106,Prenatal bundled payments,22,0.3,
Delaware,2021,202106,Prenatal visits,"3,639",52.5,
Delaware,2021,202107,Postpartum bundled payments,67,1.0,
Delaware,2021,202107,Postpartum visits,"1,234",17.6,
Delaware,2021,202107,Prenatal bundled payments,30,0.4,
Delaware,2021,202107,Prenatal visits,"3,512",50.1,
Delaware,2021,202108,Postpartum bundled payments,58,0.8,
Delaware,2021,202108,Postpartum visits,"1,338",18.9,
Delaware,2021,202108,Prenatal bundled payments,20,0.3,
Delaware,2021,202108,Prenatal visits,"3,551",50.1,
Delaware,2021,202109,Postpartum bundled payments,57,0.8,
Delaware,2021,202109,Postpartum visits,"1,279",17.9,
Delaware,2021,202109,Prenatal bundled payments,27,0.4,
Delaware,2021,202109,Prenatal visits,"3,355",47.0,
Delaware,2021,202110,Postpartum bundled payments,39,0.5,
Delaware,2021,202110,Postpartum visits,"1,387",19.3,
Delaware,2021,202110,Prenatal bundled payments,23,0.3,
Delaware,2021,202110,Prenatal visits,"3,247",45.1,
Delaware,2021,202111,Postpartum bundled payments,24,0.3,
Delaware,2021,202111,Postpartum visits,"1,453",20.0,
Delaware,2021,202111,Prenatal bundled payments,18,0.2,
Delaware,2021,202111,Prenatal visits,"3,207",44.2,
Delaware,2021,202112,Postpartum bundled payments,32,0.4,
Delaware,2021,202112,Postpartum visits,"1,262",17.3,
Delaware,2021,202112,Prenatal bundled payments,27,0.4,
Delaware,2021,202112,Prenatal visits,"3,145",43.2,
Delaware,2022,202201,Postpartum bundled payments,26,0.4,
Delaware,2022,202201,Postpartum visits,"1,179",16.0,
Delaware,2022,202201,Prenatal bundled payments,22,0.3,
Delaware,2022,202201,Prenatal visits,"2,946",40.0,
Delaware,2022,202202,Postpartum bundled payments,24,0.3,
Delaware,2022,202202,Postpartum visits,"1,205",16.2,
Delaware,2022,202202,Prenatal bundled payments,22,0.3,
Delaware,2022,202202,Prenatal visits,"2,900",39.1,
Delaware,2022,202203,Postpartum bundled payments,38,0.5,
Delaware,2022,202203,Postpartum visits,"1,421",19.0,
Delaware,2022,202203,Prenatal bundled payments,29,0.4,
Delaware,2022,202203,Prenatal visits,"3,282",43.9,
Delaware,2022,202204,Postpartum bundled payments,27,0.4,
Delaware,2022,202204,Postpartum visits,"1,233",16.4,
Delaware,2022,202204,Prenatal bundled payments,21,0.3,
Delaware,2022,202204,Prenatal visits,"2,986",39.7,
Delaware,2022,202205,Postpartum bundled payments,38,0.5,
Delaware,2022,202205,Postpartum visits,"1,298",17.1,
Delaware,2022,202205,Prenatal bundled payments,26,0.3,
Delaware,2022,202205,Prenatal visits,"3,189",42.0,
Delaware,2022,202206,Postpartum bundled payments,32,0.4,
Delaware,2022,202206,Postpartum visits,"1,311",17.2,
Delaware,2022,202206,Prenatal bundled payments,25,0.3,
Delaware,2022,202206,Prenatal visits,"3,412",44.6,
Delaware,2022,202207,Postpartum bundled payments,25,0.3,
Delaware,2022,202207,Postpartum visits,"1,222",15.8,
Delaware,2022,202207,Prenatal bundled payments,18,0.2,
Delaware,2022,202207,Prenatal visits,"3,121",40.5,
Delaware,2022,202208,Postpartum bundled payments,28,0.4,
Delaware,2022,202208,Postpartum visits,"1,454",18.7,
Delaware,2022,202208,Prenatal bundled payments,24,0.3,
Delaware,2022,202208,Prenatal visits,"3,342",42.9,
Delaware,2022,202209,Postpartum bundled payments,20,0.3,
Delaware,2022,202209,Postpartum visits,"1,360",17.3,
Delaware,2022,202209,Prenatal bundled payments,23,0.3,
Delaware,2022,202209,Prenatal visits,"2,966",37.8,
Delaware,2022,202210,Postpartum bundled payments,11,0.1,
Delaware,2022,202210,Postpartum visits,"1,346",17.0,
Delaware,2022,202210,Prenatal bundled payments,DS,DS,
Delaware,2022,202210,Prenatal visits,"2,802",35.5,
Delaware,2022,202211,Postpartum bundled payments,12,0.2,
Delaware,2022,202211,Postpartum visits,"1,234",15.5,
Delaware,2022,202211,Prenatal bundled payments,14,0.2,
Delaware,2022,202211,Prenatal visits,"2,757",34.6,
Delaware,2022,202212,Postpartum bundled payments,DS,DS,
Delaware,2022,202212,Postpartum visits,"1,129",14.1,
Delaware,2022,202212,Prenatal bundled payments,DS,DS,
Delaware,2022,202212,Prenatal visits,"2,700",33.6,
District of Columbia,2018,201801,Postpartum bundled payments,23,0.4,
District of Columbia,2018,201801,Postpartum visits,803,12.8,
District of Columbia,2018,201801,Prenatal bundled payments,13,0.2,
District of Columbia,2018,201801,Prenatal visits,"2,640",42.0,
District of Columbia,2018,201802,Postpartum bundled payments,14,0.2,
District of Columbia,2018,201802,Postpartum visits,721,11.5,
District of Columbia,2018,201802,Prenatal bundled payments,DS,DS,
District of Columbia,2018,201802,Prenatal visits,"2,398",38.1,
District of Columbia,2018,201803,Postpartum bundled payments,17,0.3,
District of Columbia,2018,201803,Postpartum visits,731,11.8,
District of Columbia,2018,201803,Prenatal bundled payments,DS,DS,
District of Columbia,2018,201803,Prenatal visits,"2,473",39.9,
District of Columbia,2018,201804,Postpartum bundled payments,DS,DS,
District of Columbia,2018,201804,Postpartum visits,734,11.9,
District of Columbia,2018,201804,Prenatal bundled payments,15,0.2,
District of Columbia,2018,201804,Prenatal visits,"2,642",42.8,
District of Columbia,2018,201805,Postpartum bundled payments,18,0.3,
District of Columbia,2018,201805,Postpartum visits,730,11.8,
District of Columbia,2018,201805,Prenatal bundled payments,DS,DS,
District of Columbia,2018,201805,Prenatal visits,"2,754",44.6,
District of Columbia,2018,201806,Postpartum bundled payments,23,0.4,
District of Columbia,2018,201806,Postpartum visits,777,12.6,
District of Columbia,2018,201806,Prenatal bundled payments,12,0.2,
District of Columbia,2018,201806,Prenatal visits,"2,709",44.0,
District of Columbia,2018,201807,Postpartum bundled payments,15,0.2,
District of Columbia,2018,201807,Postpartum visits,784,12.8,
District of Columbia,2018,201807,Prenatal bundled payments,12,0.2,
District of Columbia,2018,201807,Prenatal visits,"2,673",43.5,
District of Columbia,2018,201808,Postpartum bundled payments,14,0.2,
District of Columbia,2018,201808,Postpartum visits,862,14.1,
District of Columbia,2018,201808,Prenatal bundled payments,DS,DS,
District of Columbia,2018,201808,Prenatal visits,"2,780",45.3,
District of Columbia,2018,201809,Postpartum bundled payments,11,0.2,
District of Columbia,2018,201809,Postpartum visits,784,12.8,
District of Columbia,2018,201809,Prenatal bundled payments,DS,DS,
District of Columbia,2018,201809,Prenatal visits,"2,438",39.9,
District of Columbia,2018,201810,Postpartum bundled payments,22,0.4,
District of Columbia,2018,201810,Postpartum visits,904,14.8,
District of Columbia,2018,201810,Prenatal bundled payments,DS,DS,
District of Columbia,2018,201810,Prenatal visits,"3,039",49.7,
District of Columbia,2018,201811,Postpartum bundled payments,DS,DS,
District of Columbia,2018,201811,Postpartum visits,722,11.8,
District of Columbia,2018,201811,Prenatal bundled payments,0,0.0,
District of Columbia,2018,201811,Prenatal visits,"2,584",42.1,
District of Columbia,2018,201812,Postpartum bundled payments,16,0.3,
District of Columbia,2018,201812,Postpartum visits,699,11.4,
District of Columbia,2018,201812,Prenatal bundled payments,DS,DS,
District of Columbia,2018,201812,Prenatal visits,"2,567",41.7,
District of Columbia,2019,201901,Postpartum bundled payments,16,0.3,
District of Columbia,2019,201901,Postpartum visits,789,12.9,
District of Columbia,2019,201901,Prenatal bundled payments,DS,DS,
District of Columbia,2019,201901,Prenatal visits,"2,720",44.3,
District of Columbia,2019,201902,Postpartum bundled payments,12,0.2,
District of Columbia,2019,201902,Postpartum visits,746,12.1,
District of Columbia,2019,201902,Prenatal bundled payments,DS,DS,
District of Columbia,2019,201902,Prenatal visits,"2,411",39.3,
District of Columbia,2019,201903,Postpartum bundled payments,DS,DS,
District of Columbia,2019,201903,Postpartum visits,866,14.1,
District of Columbia,2019,201903,Prenatal bundled payments,DS,DS,
District of Columbia,2019,201903,Prenatal visits,"2,682",43.6,
District of Columbia,2019,201904,Postpartum bundled payments,11,0.2,
District of Columbia,2019,201904,Postpartum visits,837,13.6,
District of Columbia,2019,201904,Prenatal bundled payments,DS,DS,
District of Columbia,2019,201904,Prenatal visits,"2,833",46.0,
District of Columbia,2019,201905,Postpartum bundled payments,DS,DS,
District of Columbia,2019,201905,Postpartum visits,780,12.6,
District of Columbia,2019,201905,Prenatal bundled payments,DS,DS,
District of Columbia,2019,201905,Prenatal visits,"2,848",46.2,
District of Columbia,2019,201906,Postpartum bundled payments,DS,DS,
District of Columbia,2019,201906,Postpartum visits,744,12.1,
District of Columbia,2019,201906,Prenatal bundled payments,DS,DS,
District of Columbia,2019,201906,Prenatal visits,"2,640",42.8,
District of Columbia,2019,201907,Postpartum bundled payments,DS,DS,
District of Columbia,2019,201907,Postpartum visits,811,13.1,
District of Columbia,2019,201907,Prenatal bundled payments,12,0.2,
District of Columbia,2019,201907,Prenatal visits,"2,810",45.3,
District of Columbia,2019,201908,Postpartum bundled payments,11,0.2,
District of Columbia,2019,201908,Postpartum visits,787,12.7,
District of Columbia,2019,201908,Prenatal bundled payments,DS,DS,
District of Columbia,2019,201908,Prenatal visits,"2,628",42.4,
District of Columbia,2019,201909,Postpartum bundled payments,DS,DS,
District of Columbia,2019,201909,Postpartum visits,733,12.0,
District of Columbia,2019,201909,Prenatal bundled payments,DS,DS,
District of Columbia,2019,201909,Prenatal visits,"2,453",40.1,
District of Columbia,2019,201910,Postpartum bundled payments,DS,DS,
District of Columbia,2019,201910,Postpartum visits,856,13.9,
District of Columbia,2019,201910,Prenatal bundled payments,DS,DS,
District of Columbia,2019,201910,Prenatal visits,"2,885",46.8,
District of Columbia,2019,201911,Postpartum bundled payments,DS,DS,
District of Columbia,2019,201911,Postpartum visits,667,10.8,
District of Columbia,2019,201911,Prenatal bundled payments,DS,DS,
District of Columbia,2019,201911,Prenatal visits,"2,330",37.8,
District of Columbia,2019,201912,Postpartum bundled payments,16,0.3,
District of Columbia,2019,201912,Postpartum visits,651,10.6,
District of Columbia,2019,201912,Prenatal bundled payments,DS,DS,
District of Columbia,2019,201912,Prenatal visits,"2,543",41.2,
District of Columbia,2020,202001,Postpartum bundled payments,13,0.2,
District of Columbia,2020,202001,Postpartum visits,759,12.3,
District of Columbia,2020,202001,Prenatal bundled payments,DS,DS,
District of Columbia,2020,202001,Prenatal visits,"2,565",41.6,
District of Columbia,2020,202002,Postpartum bundled payments,DS,DS,
District of Columbia,2020,202002,Postpartum visits,676,11.6,
District of Columbia,2020,202002,Prenatal bundled payments,DS,DS,
District of Columbia,2020,202002,Prenatal visits,"2,154",36.9,
District of Columbia,2020,202003,Postpartum bundled payments,11,0.2,
District of Columbia,2020,202003,Postpartum visits,588,10.0,
District of Columbia,2020,202003,Prenatal bundled payments,DS,DS,
District of Columbia,2020,202003,Prenatal visits,"2,182",37.0,
District of Columbia,2020,202004,Postpartum bundled payments,DS,DS,
District of Columbia,2020,202004,Postpartum visits,381,6.4,Unusable
District of Columbia,2020,202004,Prenatal bundled payments,DS,DS,
District of Columbia,2020,202004,Prenatal visits,"2,091",34.9,Unusable
District of Columbia,2020,202005,Postpartum bundled payments,DS,DS,
District of Columbia,2020,202005,Postpartum visits,444,7.3,Unusable
District of Columbia,2020,202005,Prenatal bundled payments,DS,DS,
District of Columbia,2020,202005,Prenatal visits,"2,208",36.4,Unusable
District of Columbia,2020,202006,Postpartum bundled payments,12,0.2,
District of Columbia,2020,202006,Postpartum visits,493,8.0,Unusable
District of Columbia,2020,202006,Prenatal bundled payments,DS,DS,
District of Columbia,2020,202006,Prenatal visits,"2,437",39.7,Unusable
District of Columbia,2020,202007,Postpartum bundled payments,DS,DS,
District of Columbia,2020,202007,Postpartum visits,617,10.0,Unusable
District of Columbia,2020,202007,Prenatal bundled payments,DS,DS,
District of Columbia,2020,202007,Prenatal visits,"2,516",40.6,Unusable
District of Columbia,2020,202008,Postpartum bundled payments,DS,DS,
District of Columbia,2020,202008,Postpartum visits,640,10.2,
District of Columbia,2020,202008,Prenatal bundled payments,DS,DS,
District of Columbia,2020,202008,Prenatal visits,"2,267",36.2,
District of Columbia,2020,202009,Postpartum bundled payments,DS,DS,
District of Columbia,2020,202009,Postpartum visits,647,10.2,
District of Columbia,2020,202009,Prenatal bundled payments,DS,DS,
District of Columbia,2020,202009,Prenatal visits,"2,302",36.5,
District of Columbia,2020,202010,Postpartum bundled payments,23,0.4,
District of Columbia,2020,202010,Postpartum visits,693,10.9,
District of Columbia,2020,202010,Prenatal bundled payments,DS,DS,
District of Columbia,2020,202010,Prenatal visits,"2,242",35.2,
District of Columbia,2020,202011,Postpartum bundled payments,20,0.3,
District of Columbia,2020,202011,Postpartum visits,664,10.3,
District of Columbia,2020,202011,Prenatal bundled payments,DS,DS,
District of Columbia,2020,202011,Prenatal visits,"2,047",31.9,
District of Columbia,2020,202012,Postpartum bundled payments,17,0.3,
District of Columbia,2020,202012,Postpartum visits,782,12.1,
District of Columbia,2020,202012,Prenatal bundled payments,DS,DS,
District of Columbia,2020,202012,Prenatal visits,"2,394",37.0,
District of Columbia,2021,202101,Postpartum bundled payments,17,0.3,
District of Columbia,2021,202101,Postpartum visits,786,12.1,
District of Columbia,2021,202101,Prenatal bundled payments,14,0.2,
District of Columbia,2021,202101,Prenatal visits,"2,231",34.2,
District of Columbia,2021,202102,Postpartum bundled payments,17,0.3,
District of Columbia,2021,202102,Postpartum visits,778,11.9,
District of Columbia,2021,202102,Prenatal bundled payments,DS,DS,
District of Columbia,2021,202102,Prenatal visits,"2,271",34.7,
District of Columbia,2021,202103,Postpartum bundled payments,28,0.4,
District of Columbia,2021,202103,Postpartum visits,869,13.2,
District of Columbia,2021,202103,Prenatal bundled payments,26,0.4,
District of Columbia,2021,202103,Prenatal visits,"2,565",39.0,
District of Columbia,2021,202104,Postpartum bundled payments,24,0.4,
District of Columbia,2021,202104,Postpartum visits,749,11.3,
District of Columbia,2021,202104,Prenatal bundled payments,16,0.2,
District of Columbia,2021,202104,Prenatal visits,"2,391",36.1,
District of Columbia,2021,202105,Postpartum bundled payments,26,0.4,
District of Columbia,2021,202105,Postpartum visits,671,10.1,
District of Columbia,2021,202105,Prenatal bundled payments,DS,DS,
District of Columbia,2021,202105,Prenatal visits,"2,150",32.4,
District of Columbia,2021,202106,Postpartum bundled payments,20,0.3,
District of Columbia,2021,202106,Postpartum visits,738,11.0,
District of Columbia,2021,202106,Prenatal bundled payments,DS,DS,
District of Columbia,2021,202106,Prenatal visits,"2,375",35.6,
District of Columbia,2021,202107,Postpartum bundled payments,31,0.5,
District of Columbia,2021,202107,Postpartum visits,723,10.8,
District of Columbia,2021,202107,Prenatal bundled payments,16,0.2,
District of Columbia,2021,202107,Prenatal visits,"2,267",33.7,
District of Columbia,2021,202108,Postpartum bundled payments,23,0.3,
District of Columbia,2021,202108,Postpartum visits,703,10.4,
District of Columbia,2021,202108,Prenatal bundled payments,DS,DS,
District of Columbia,2021,202108,Prenatal visits,"2,305",34.1,
District of Columbia,2021,202109,Postpartum bundled payments,26,0.4,
District of Columbia,2021,202109,Postpartum visits,717,10.5,
District of Columbia,2021,202109,Prenatal bundled payments,12,0.2,
District of Columbia,2021,202109,Prenatal visits,"2,298",33.8,
District of Columbia,2021,202110,Postpartum bundled payments,24,0.4,
District of Columbia,2021,202110,Postpartum visits,707,10.3,
District of Columbia,2021,202110,Prenatal bundled payments,DS,DS,
District of Columbia,2021,202110,Prenatal visits,"2,059",30.1,
District of Columbia,2021,202111,Postpartum bundled payments,19,0.3,
District of Columbia,2021,202111,Postpartum visits,616,9.0,
District of Columbia,2021,202111,Prenatal bundled payments,DS,DS,
District of Columbia,2021,202111,Prenatal visits,"1,996",29.1,
District of Columbia,2021,202112,Postpartum bundled payments,23,0.3,
District of Columbia,2021,202112,Postpartum visits,559,8.1,
District of Columbia,2021,202112,Prenatal bundled payments,DS,DS,
District of Columbia,2021,202112,Prenatal visits,"1,860",27.0,
District of Columbia,2022,202201,Postpartum bundled payments,16,0.2,
District of Columbia,2022,202201,Postpartum visits,645,9.3,
District of Columbia,2022,202201,Prenatal bundled payments,DS,DS,
District of Columbia,2022,202201,Prenatal visits,"1,975",28.4,
District of Columbia,2022,202202,Postpartum bundled payments,18,0.3,
District of Columbia,2022,202202,Postpartum visits,734,10.5,
District of Columbia,2022,202202,Prenatal bundled payments,DS,DS,
District of Columbia,2022,202202,Prenatal visits,"2,145",30.7,
District of Columbia,2022,202203,Postpartum bundled payments,20,0.3,
District of Columbia,2022,202203,Postpartum visits,794,11.3,
District of Columbia,2022,202203,Prenatal bundled payments,DS,DS,
District of Columbia,2022,202203,Prenatal visits,"2,367",33.7,
District of Columbia,2022,202204,Postpartum bundled payments,20,0.3,
District of Columbia,2022,202204,Postpartum visits,732,10.4,
District of Columbia,2022,202204,Prenatal bundled payments,DS,DS,
District of Columbia,2022,202204,Prenatal visits,"2,101",29.8,
District of Columbia,2022,202205,Postpartum bundled payments,15,0.2,
District of Columbia,2022,202205,Postpartum visits,765,10.8,
District of Columbia,2022,202205,Prenatal bundled payments,DS,DS,
District of Columbia,2022,202205,Prenatal visits,"2,285",32.2,
District of Columbia,2022,202206,Postpartum bundled payments,27,0.4,
District of Columbia,2022,202206,Postpartum visits,716,10.0,
District of Columbia,2022,202206,Prenatal bundled payments,DS,DS,
District of Columbia,2022,202206,Prenatal visits,"2,217",31.1,
District of Columbia,2022,202207,Postpartum bundled payments,24,0.3,
District of Columbia,2022,202207,Postpartum visits,710,9.9,
District of Columbia,2022,202207,Prenatal bundled payments,DS,DS,
District of Columbia,2022,202207,Prenatal visits,"2,143",29.9,
District of Columbia,2022,202208,Postpartum bundled payments,25,0.3,
District of Columbia,2022,202208,Postpartum visits,846,11.7,
District of Columbia,2022,202208,Prenatal bundled payments,DS,DS,
District of Columbia,2022,202208,Prenatal visits,"2,434",33.8,
District of Columbia,2022,202209,Postpartum bundled payments,35,0.5,
District of Columbia,2022,202209,Postpartum visits,750,10.3,
District of Columbia,2022,202209,Prenatal bundled payments,DS,DS,
District of Columbia,2022,202209,Prenatal visits,"2,196",30.3,
District of Columbia,2022,202210,Postpartum bundled payments,28,0.4,
District of Columbia,2022,202210,Postpartum visits,734,10.1,
District of Columbia,2022,202210,Prenatal bundled payments,DS,DS,
District of Columbia,2022,202210,Prenatal visits,"2,094",28.8,
District of Columbia,2022,202211,Postpartum bundled payments,37,0.5,
District of Columbia,2022,202211,Postpartum visits,668,9.2,
District of Columbia,2022,202211,Prenatal bundled payments,DS,DS,
District of Columbia,2022,202211,Prenatal visits,"2,135",29.3,
District of Columbia,2022,202212,Postpartum bundled payments,28,0.4,
District of Columbia,2022,202212,Postpartum visits,699,9.5,
District of Columbia,2022,202212,Prenatal bundled payments,DS,DS,
District of Columbia,2022,202212,Prenatal visits,"1,903",25.9,
Florida,2018,201801,Postpartum bundled payments,"1,108",1.0,Unusable
Florida,2018,201801,Postpartum visits,687,0.6,Unusable
Florida,2018,201801,Prenatal bundled payments,13,0.0,Unusable
Florida,2018,201801,Prenatal visits,"7,799",7.3,Unusable
Florida,2018,201802,Postpartum bundled payments,929,0.9,Unusable
Florida,2018,201802,Postpartum visits,635,0.6,Unusable
Florida,2018,201802,Prenatal bundled payments,11,0.0,Unusable
Florida,2018,201802,Prenatal visits,"7,100",6.6,Unusable
Florida,2018,201803,Postpartum bundled payments,"1,020",1.0,
Florida,2018,201803,Postpartum visits,934,0.9,
Florida,2018,201803,Prenatal bundled payments,12,0.0,
Florida,2018,201803,Prenatal visits,"8,347",7.8,
Florida,2018,201804,Postpartum bundled payments,"1,016",1.0,Unusable
Florida,2018,201804,Postpartum visits,"1,067",1.0,Unusable
Florida,2018,201804,Prenatal bundled payments,11,0.0,Unusable
Florida,2018,201804,Prenatal visits,"8,652",8.2,Unusable
Florida,2018,201805,Postpartum bundled payments,"1,128",1.1,Unusable
Florida,2018,201805,Postpartum visits,"1,132",1.1,Unusable
Florida,2018,201805,Prenatal bundled payments,12,0.0,Unusable
Florida,2018,201805,Prenatal visits,"8,822",8.4,Unusable
Florida,2018,201806,Postpartum bundled payments,935,0.9,Unusable
Florida,2018,201806,Postpartum visits,956,0.9,Unusable
Florida,2018,201806,Prenatal bundled payments,13,0.0,Unusable
Florida,2018,201806,Prenatal visits,"7,504",7.2,Unusable
Florida,2018,201807,Postpartum bundled payments,"1,024",1.0,
Florida,2018,201807,Postpartum visits,918,0.9,
Florida,2018,201807,Prenatal bundled payments,13,0.0,
Florida,2018,201807,Prenatal visits,"7,940",7.6,
Florida,2018,201808,Postpartum bundled payments,"1,093",1.0,
Florida,2018,201808,Postpartum visits,"1,052",1.0,
Florida,2018,201808,Prenatal bundled payments,11,0.0,
Florida,2018,201808,Prenatal visits,"8,603",8.2,
Florida,2018,201809,Postpartum bundled payments,955,0.9,
Florida,2018,201809,Postpartum visits,975,0.9,
Florida,2018,201809,Prenatal bundled payments,DS,DS,
Florida,2018,201809,Prenatal visits,"7,340",7.1,
Florida,2018,201810,Postpartum bundled payments,"1,107",1.1,
Florida,2018,201810,Postpartum visits,"1,020",1.0,
Florida,2018,201810,Prenatal bundled payments,DS,DS,
Florida,2018,201810,Prenatal visits,"8,281",8.0,
Florida,2018,201811,Postpartum bundled payments,"1,078",1.0,
Florida,2018,201811,Postpartum visits,932,0.9,
Florida,2018,201811,Prenatal bundled payments,DS,DS,
Florida,2018,201811,Prenatal visits,"7,466",7.2,
Florida,2018,201812,Postpartum bundled payments,"2,713",2.6,
Florida,2018,201812,Postpartum visits,"4,596",4.5,
Florida,2018,201812,Prenatal bundled payments,49,0.0,
Florida,2018,201812,Prenatal visits,"22,216",21.6,
Florida,2019,201901,Postpartum bundled payments,"4,736",4.5,
Florida,2019,201901,Postpartum visits,"11,427",10.8,
Florida,2019,201901,Prenatal bundled payments,110,0.1,
Florida,2019,201901,Prenatal visits,"50,866",48.2,
Florida,2019,201902,Postpartum bundled payments,"5,708",5.4,
Florida,2019,201902,Postpartum visits,"13,535",12.9,
Florida,2019,201902,Prenatal bundled payments,139,0.1,
Florida,2019,201902,Prenatal visits,"58,875",55.9,
Florida,2019,201903,Postpartum bundled payments,"5,979",5.7,
Florida,2019,201903,Postpartum visits,"13,706",13.1,
Florida,2019,201903,Prenatal bundled payments,116,0.1,
Florida,2019,201903,Prenatal visits,"65,326",62.3,
Florida,2019,201904,Postpartum bundled payments,"6,069",5.8,
Florida,2019,201904,Postpartum visits,"15,031",14.4,
Florida,2019,201904,Prenatal bundled payments,131,0.1,
Florida,2019,201904,Prenatal visits,"69,881",66.8,
Florida,2019,201905,Postpartum bundled payments,"6,101",5.9,
Florida,2019,201905,Postpartum visits,"15,108",14.5,
Florida,2019,201905,Prenatal bundled payments,131,0.1,
Florida,2019,201905,Prenatal visits,"74,395",71.3,
Florida,2019,201906,Postpartum bundled payments,"5,873",5.6,
Florida,2019,201906,Postpartum visits,"13,685",13.2,
Florida,2019,201906,Prenatal bundled payments,131,0.1,
Florida,2019,201906,Prenatal visits,"68,304",65.7,
Florida,2019,201907,Postpartum bundled payments,"6,565",6.3,
Florida,2019,201907,Postpartum visits,"14,960",14.4,
Florida,2019,201907,Prenatal bundled payments,128,0.1,
Florida,2019,201907,Prenatal visits,"77,787",74.9,
Florida,2019,201908,Postpartum bundled payments,"6,907",6.7,
Florida,2019,201908,Postpartum visits,"15,229",14.7,
Florida,2019,201908,Prenatal bundled payments,164,0.2,
Florida,2019,201908,Prenatal visits,"74,747",72.2,
Florida,2019,201909,Postpartum bundled payments,"6,799",6.6,
Florida,2019,201909,Postpartum visits,"14,845",14.4,
Florida,2019,201909,Prenatal bundled payments,169,0.2,
Florida,2019,201909,Prenatal visits,"69,524",67.4,
Florida,2019,201910,Postpartum bundled payments,"6,752",6.6,
Florida,2019,201910,Postpartum visits,"16,856",16.4,
Florida,2019,201910,Prenatal bundled payments,141,0.1,
Florida,2019,201910,Prenatal visits,"72,741",70.7,
Florida,2019,201911,Postpartum bundled payments,"6,473",6.3,
Florida,2019,201911,Postpartum visits,"13,381",13.1,
Florida,2019,201911,Prenatal bundled payments,123,0.1,
Florida,2019,201911,Prenatal visits,"60,649",59.3,
Florida,2019,201912,Postpartum bundled payments,"6,636",6.5,
Florida,2019,201912,Postpartum visits,"13,297",13.0,
Florida,2019,201912,Prenatal bundled payments,141,0.1,
Florida,2019,201912,Prenatal visits,"64,559",63.3,
Florida,2020,202001,Postpartum bundled payments,"6,002",5.9,
Florida,2020,202001,Postpartum visits,"15,062",14.8,
Florida,2020,202001,Prenatal bundled payments,169,0.2,
Florida,2020,202001,Prenatal visits,"67,789",66.7,
Florida,2020,202002,Postpartum bundled payments,"5,190",5.1,
Florida,2020,202002,Postpartum visits,"13,240",13.1,
Florida,2020,202002,Prenatal bundled payments,132,0.1,
Florida,2020,202002,Prenatal visits,"61,446",60.7,
Florida,2020,202003,Postpartum bundled payments,"5,257",5.2,
Florida,2020,202003,Postpartum visits,"11,700",11.6,
Florida,2020,202003,Prenatal bundled payments,131,0.1,
Florida,2020,202003,Prenatal visits,"65,496",64.9,
Florida,2020,202004,Postpartum bundled payments,"5,445",5.3,
Florida,2020,202004,Postpartum visits,"9,696",9.5,
Florida,2020,202004,Prenatal bundled payments,167,0.2,
Florida,2020,202004,Prenatal visits,"63,837",62.4,
Florida,2020,202005,Postpartum bundled payments,"5,580",5.4,
Florida,2020,202005,Postpartum visits,"11,633",11.2,
Florida,2020,202005,Prenatal bundled payments,153,0.1,
Florida,2020,202005,Prenatal visits,"63,090",61.0,
Florida,2020,202006,Postpartum bundled payments,"5,601",5.4,
Florida,2020,202006,Postpartum visits,"15,256",14.6,
Florida,2020,202006,Prenatal bundled payments,151,0.1,
Florida,2020,202006,Prenatal visits,"72,895",69.7,
Florida,2020,202007,Postpartum bundled payments,"5,743",5.4,
Florida,2020,202007,Postpartum visits,"14,779",14.0,
Florida,2020,202007,Prenatal bundled payments,178,0.2,
Florida,2020,202007,Prenatal visits,"74,395",70.5,
Florida,2020,202008,Postpartum bundled payments,"6,343",6.0,
Florida,2020,202008,Postpartum visits,"14,725",13.8,
Florida,2020,202008,Prenatal bundled payments,177,0.2,
Florida,2020,202008,Prenatal visits,"73,628",69.1,
Florida,2020,202009,Postpartum bundled payments,"6,372",5.9,
Florida,2020,202009,Postpartum visits,"16,049",14.9,
Florida,2020,202009,Prenatal bundled payments,160,0.1,
Florida,2020,202009,Prenatal visits,"76,685",71.3,
Florida,2020,202010,Postpartum bundled payments,"6,193",5.7,
Florida,2020,202010,Postpartum visits,"16,829",15.5,
Florida,2020,202010,Prenatal bundled payments,199,0.2,
Florida,2020,202010,Prenatal visits,"72,484",66.7,
Florida,2020,202011,Postpartum bundled payments,"5,785",5.3,
Florida,2020,202011,Postpartum visits,"14,681",13.4,
Florida,2020,202011,Prenatal bundled payments,166,0.2,
Florida,2020,202011,Prenatal visits,"64,710",59.0,
Florida,2020,202012,Postpartum bundled payments,"6,219",5.6,
Florida,2020,202012,Postpartum visits,"15,810",14.3,
Florida,2020,202012,Prenatal bundled payments,227,0.2,
Florida,2020,202012,Prenatal visits,"71,896",64.9,
Florida,2021,202101,Postpartum bundled payments,"5,327",4.8,
Florida,2021,202101,Postpartum visits,"14,596",13.1,
Florida,2021,202101,Prenatal bundled payments,216,0.2,
Florida,2021,202101,Prenatal visits,"61,793",55.3,
Florida,2021,202102,Postpartum bundled payments,"5,330",4.7,
Florida,2021,202102,Postpartum visits,"15,594",13.8,
Florida,2021,202102,Prenatal bundled payments,188,0.2,
Florida,2021,202102,Prenatal visits,"63,655",56.5,
Florida,2021,202103,Postpartum bundled payments,"5,628",4.9,
Florida,2021,202103,Postpartum visits,"18,039",15.8,
Florida,2021,202103,Prenatal bundled payments,222,0.2,
Florida,2021,202103,Prenatal visits,"74,006",65.0,
Florida,2021,202104,Postpartum bundled payments,"5,549",4.8,
Florida,2021,202104,Postpartum visits,"16,743",14.6,
Florida,2021,202104,Prenatal bundled payments,220,0.2,
Florida,2021,202104,Prenatal visits,"72,727",63.5,
Florida,2021,202105,Postpartum bundled payments,"5,357",4.6,
Florida,2021,202105,Postpartum visits,"15,294",13.2,
Florida,2021,202105,Prenatal bundled payments,192,0.2,
Florida,2021,202105,Prenatal visits,"67,441",58.4,
Florida,2021,202106,Postpartum bundled payments,"5,559",4.8,
Florida,2021,202106,Postpartum visits,"17,168",14.7,
Florida,2021,202106,Prenatal bundled payments,240,0.2,
Florida,2021,202106,Prenatal visits,"77,938",66.9,
Florida,2021,202107,Postpartum bundled payments,"5,644",4.8,
Florida,2021,202107,Postpartum visits,"15,931",13.6,
Florida,2021,202107,Prenatal bundled payments,205,0.2,
Florida,2021,202107,Prenatal visits,"71,845",61.3,
Florida,2021,202108,Postpartum bundled payments,"6,255",5.3,
Florida,2021,202108,Postpartum visits,"16,692",14.1,
Florida,2021,202108,Prenatal bundled payments,203,0.2,
Florida,2021,202108,Prenatal visits,"73,257",62.0,
Florida,2021,202109,Postpartum bundled payments,"6,404",5.4,
Florida,2021,202109,Postpartum visits,"17,408",14.6,
Florida,2021,202109,Prenatal bundled payments,201,0.2,
Florida,2021,202109,Prenatal visits,"72,257",60.6,
Florida,2021,202110,Postpartum bundled payments,"6,339",5.3,
Florida,2021,202110,Postpartum visits,"17,375",14.5,
Florida,2021,202110,Prenatal bundled payments,253,0.2,
Florida,2021,202110,Prenatal visits,"67,413",56.1,
Florida,2021,202111,Postpartum bundled payments,"5,888",4.9,
Florida,2021,202111,Postpartum visits,"16,281",13.4,
Florida,2021,202111,Prenatal bundled payments,216,0.2,
Florida,2021,202111,Prenatal visits,"67,328",55.5,
Florida,2021,202112,Postpartum bundled payments,"6,126",5.0,
Florida,2021,202112,Postpartum visits,"15,829",13.0,
Florida,2021,202112,Prenatal bundled payments,281,0.2,
Florida,2021,202112,Prenatal visits,"66,981",54.8,
Florida,2022,202201,Postpartum bundled payments,"5,931",4.7,
Florida,2022,202201,Postpartum visits,"16,660",13.3,
Florida,2022,202201,Prenatal bundled payments,301,0.2,
Florida,2022,202201,Prenatal visits,"64,960",51.9,
Florida,2022,202202,Postpartum bundled payments,"5,267",4.2,
Florida,2022,202202,Postpartum visits,"17,214",13.6,
Florida,2022,202202,Prenatal bundled payments,232,0.2,
Florida,2022,202202,Prenatal visits,"63,334",50.2,
Florida,2022,202203,Postpartum bundled payments,"5,021",3.9,
Florida,2022,202203,Postpartum visits,"17,158",13.5,
Florida,2022,202203,Prenatal bundled payments,193,0.2,
Florida,2022,202203,Prenatal visits,"64,430",50.6,
Florida,2022,202204,Postpartum bundled payments,"4,398",3.4,
Florida,2022,202204,Postpartum visits,"15,181",11.8,
Florida,2022,202204,Prenatal bundled payments,192,0.1,
Florida,2022,202204,Prenatal visits,"56,420",43.9,
Florida,2022,202205,Postpartum bundled payments,"4,429",3.4,
Florida,2022,202205,Postpartum visits,"14,961",11.5,
Florida,2022,202205,Prenatal bundled payments,173,0.1,
Florida,2022,202205,Prenatal visits,"56,893",43.8,
Florida,2022,202206,Postpartum bundled payments,"4,636",3.5,
Florida,2022,202206,Postpartum visits,"15,980",12.2,
Florida,2022,202206,Prenatal bundled payments,176,0.1,
Florida,2022,202206,Prenatal visits,"62,027",47.3,
Florida,2022,202207,Postpartum bundled payments,"4,544",3.4,
Florida,2022,202207,Postpartum visits,"13,974",10.6,
Florida,2022,202207,Prenatal bundled payments,204,0.2,
Florida,2022,202207,Prenatal visits,"45,163",34.1,
Florida,2022,202208,Postpartum bundled payments,"5,035",3.8,
Florida,2022,202208,Postpartum visits,"17,923",13.4,
Florida,2022,202208,Prenatal bundled payments,209,0.2,
Florida,2022,202208,Prenatal visits,"59,131",44.2,
Florida,2022,202209,Postpartum bundled payments,"4,718",3.5,
Florida,2022,202209,Postpartum visits,"15,725",11.7,
Florida,2022,202209,Prenatal bundled payments,233,0.2,
Florida,2022,202209,Prenatal visits,"51,420",38.1,
Florida,2022,202210,Postpartum bundled payments,"4,994",3.7,
Florida,2022,202210,Postpartum visits,"19,309",14.2,
Florida,2022,202210,Prenatal bundled payments,225,0.2,
Florida,2022,202210,Prenatal visits,"62,907",46.2,
Florida,2022,202211,Postpartum bundled payments,"5,358",3.9,
Florida,2022,202211,Postpartum visits,"18,568",13.5,
Florida,2022,202211,Prenatal bundled payments,242,0.2,
Florida,2022,202211,Prenatal visits,"65,128",47.3,
Florida,2022,202212,Postpartum bundled payments,"5,573",4.0,
Florida,2022,202212,Postpartum visits,"18,588",13.4,
Florida,2022,202212,Prenatal bundled payments,265,0.2,
Florida,2022,202212,Prenatal visits,"63,755",45.8,
Georgia,2018,201801,Postpartum bundled payments,"4,245",10.2,
Georgia,2018,201801,Postpartum visits,"9,261",22.1,
Georgia,2018,201801,Prenatal bundled payments,"4,162",10.0,
Georgia,2018,201801,Prenatal visits,"19,980",47.8,
Georgia,2018,201802,Postpartum bundled payments,"3,747",8.8,
Georgia,2018,201802,Postpartum visits,"9,106",21.5,
Georgia,2018,201802,Prenatal bundled payments,"3,678",8.7,
Georgia,2018,201802,Prenatal visits,"18,327",43.2,
Georgia,2018,201803,Postpartum bundled payments,"4,001",9.3,
Georgia,2018,201803,Postpartum visits,"10,262",24.0,
Georgia,2018,201803,Prenatal bundled payments,"3,914",9.1,
Georgia,2018,201803,Prenatal visits,"20,096",46.9,
Georgia,2018,201804,Postpartum bundled payments,"3,709",8.7,
Georgia,2018,201804,Postpartum visits,"9,505",22.2,
Georgia,2018,201804,Prenatal bundled payments,"3,673",8.6,
Georgia,2018,201804,Prenatal visits,"19,603",45.8,
Georgia,2018,201805,Postpartum bundled payments,"3,899",9.1,
Georgia,2018,201805,Postpartum visits,"9,613",22.4,
Georgia,2018,201805,Prenatal bundled payments,"3,928",9.1,
Georgia,2018,201805,Prenatal visits,"20,784",48.3,
Georgia,2018,201806,Postpartum bundled payments,"3,805",8.8,
Georgia,2018,201806,Postpartum visits,"8,935",20.6,
Georgia,2018,201806,Prenatal bundled payments,"3,792",8.8,
Georgia,2018,201806,Prenatal visits,"19,690",45.5,
Georgia,2018,201807,Postpartum bundled payments,"4,001",9.1,
Georgia,2018,201807,Postpartum visits,"9,436",21.5,
Georgia,2018,201807,Prenatal bundled payments,"4,044",9.2,
Georgia,2018,201807,Prenatal visits,"20,139",45.9,
Georgia,2018,201808,Postpartum bundled payments,"4,212",9.8,
Georgia,2018,201808,Postpartum visits,"10,311",24.0,
Georgia,2018,201808,Prenatal bundled payments,"4,123",9.6,
Georgia,2018,201808,Prenatal visits,"21,633",50.4,
Georgia,2018,201809,Postpartum bundled payments,"3,851",9.0,
Georgia,2018,201809,Postpartum visits,"8,456",19.8,
Georgia,2018,201809,Prenatal bundled payments,"3,760",8.8,
Georgia,2018,201809,Prenatal visits,"18,700",43.7,
Georgia,2018,201810,Postpartum bundled payments,"3,979",9.2,
Georgia,2018,201810,Postpartum visits,"9,842",22.8,
Georgia,2018,201810,Prenatal bundled payments,"3,909",9.0,
Georgia,2018,201810,Prenatal visits,"21,360",49.4,
Georgia,2018,201811,Postpartum bundled payments,"3,788",8.7,
Georgia,2018,201811,Postpartum visits,"8,462",19.5,
Georgia,2018,201811,Prenatal bundled payments,"3,751",8.7,
Georgia,2018,201811,Prenatal visits,"19,959",46.0,
Georgia,2018,201812,Postpartum bundled payments,"4,097",9.4,
Georgia,2018,201812,Postpartum visits,"7,956",18.3,
Georgia,2018,201812,Prenatal bundled payments,"4,028",9.3,
Georgia,2018,201812,Prenatal visits,"19,199",44.2,
Georgia,2019,201901,Postpartum bundled payments,"4,262",9.7,
Georgia,2019,201901,Postpartum visits,"10,184",23.1,
Georgia,2019,201901,Prenatal bundled payments,"4,164",9.4,
Georgia,2019,201901,Prenatal visits,"24,089",54.6,
Georgia,2019,201902,Postpartum bundled payments,"3,710",8.4,
Georgia,2019,201902,Postpartum visits,"9,338",21.2,
Georgia,2019,201902,Prenatal bundled payments,"3,643",8.3,
Georgia,2019,201902,Prenatal visits,"21,156",48.0,
Georgia,2019,201903,Postpartum bundled payments,"3,907",8.9,
Georgia,2019,201903,Postpartum visits,"9,421",21.4,
Georgia,2019,201903,Prenatal bundled payments,"3,845",8.7,
Georgia,2019,201903,Prenatal visits,"21,928",49.8,
Georgia,2019,201904,Postpartum bundled payments,"3,656",8.3,
Georgia,2019,201904,Postpartum visits,"9,651",21.9,
Georgia,2019,201904,Prenatal bundled payments,"3,658",8.3,
Georgia,2019,201904,Prenatal visits,"22,760",51.6,
Georgia,2019,201905,Postpartum bundled payments,"3,986",9.0,
Georgia,2019,201905,Postpartum visits,"9,598",21.7,
Georgia,2019,201905,Prenatal bundled payments,"3,949",8.9,
Georgia,2019,201905,Prenatal visits,"23,193",52.4,
Georgia,2019,201906,Postpartum bundled payments,"3,608",8.1,
Georgia,2019,201906,Postpartum visits,"8,806",19.8,
Georgia,2019,201906,Prenatal bundled payments,"3,518",7.9,
Georgia,2019,201906,Prenatal visits,"21,308",47.9,
Georgia,2019,201907,Postpartum bundled payments,"4,123",9.2,
Georgia,2019,201907,Postpartum visits,"9,893",22.1,
Georgia,2019,201907,Prenatal bundled payments,"4,058",9.1,
Georgia,2019,201907,Prenatal visits,"24,282",54.2,
Georgia,2019,201908,Postpartum bundled payments,"4,280",9.6,
Georgia,2019,201908,Postpartum visits,"10,019",22.4,
Georgia,2019,201908,Prenatal bundled payments,"4,193",9.4,
Georgia,2019,201908,Prenatal visits,"24,061",53.7,
Georgia,2019,201909,Postpartum bundled payments,"4,069",9.1,
Georgia,2019,201909,Postpartum visits,"9,446",21.1,
Georgia,2019,201909,Prenatal bundled payments,"4,003",9.0,
Georgia,2019,201909,Prenatal visits,"21,596",48.3,
Georgia,2019,201910,Postpartum bundled payments,"4,065",9.1,
Georgia,2019,201910,Postpartum visits,"10,456",23.4,
Georgia,2019,201910,Prenatal bundled payments,"4,034",9.0,
Georgia,2019,201910,Prenatal visits,"23,751",53.2,
Georgia,2019,201911,Postpartum bundled payments,"3,742",8.4,
Georgia,2019,201911,Postpartum visits,"8,416",19.0,
Georgia,2019,201911,Prenatal bundled payments,"3,657",8.3,
Georgia,2019,201911,Prenatal visits,"20,048",45.2,
Georgia,2019,201912,Postpartum bundled payments,"4,099",9.3,
Georgia,2019,201912,Postpartum visits,"8,300",18.9,
Georgia,2019,201912,Prenatal bundled payments,"4,115",9.4,
Georgia,2019,201912,Prenatal visits,"21,100",48.1,
Georgia,2020,202001,Postpartum bundled payments,"4,200",9.4,
Georgia,2020,202001,Postpartum visits,"10,301",23.2,
Georgia,2020,202001,Prenatal bundled payments,"4,195",9.4,
Georgia,2020,202001,Prenatal visits,"24,618",55.4,
Georgia,2020,202002,Postpartum bundled payments,"3,702",8.3,
Georgia,2020,202002,Postpartum visits,"8,926",20.1,
Georgia,2020,202002,Prenatal bundled payments,"3,672",8.3,
Georgia,2020,202002,Prenatal visits,"21,687",48.8,
Georgia,2020,202003,Postpartum bundled payments,"3,845",8.7,
Georgia,2020,202003,Postpartum visits,"8,410",18.9,
Georgia,2020,202003,Prenatal bundled payments,"3,779",8.5,
Georgia,2020,202003,Prenatal visits,"21,964",49.4,
Georgia,2020,202004,Postpartum bundled payments,"3,737",8.1,
Georgia,2020,202004,Postpartum visits,"6,435",14.0,
Georgia,2020,202004,Prenatal bundled payments,"3,652",7.9,
Georgia,2020,202004,Prenatal visits,"20,086",43.6,
Georgia,2020,202005,Postpartum bundled payments,"3,782",8.0,
Georgia,2020,202005,Postpartum visits,"7,626",16.2,
Georgia,2020,202005,Prenatal bundled payments,"3,727",7.9,
Georgia,2020,202005,Prenatal visits,"20,546",43.6,
Georgia,2020,202006,Postpartum bundled payments,"3,786",7.9,
Georgia,2020,202006,Postpartum visits,"9,570",19.9,
Georgia,2020,202006,Prenatal bundled payments,"3,735",7.8,
Georgia,2020,202006,Prenatal visits,"23,478",48.8,
Georgia,2020,202007,Postpartum bundled payments,"4,019",8.2,
Georgia,2020,202007,Postpartum visits,"9,071",18.4,
Georgia,2020,202007,Prenatal bundled payments,"4,000",8.1,
Georgia,2020,202007,Prenatal visits,"22,911",46.6,
Georgia,2020,202008,Postpartum bundled payments,"4,175",8.3,
Georgia,2020,202008,Postpartum visits,"9,215",18.3,
Georgia,2020,202008,Prenatal bundled payments,"4,181",8.3,
Georgia,2020,202008,Prenatal visits,"22,084",44.0,
Georgia,2020,202009,Postpartum bundled payments,"3,961",7.7,
Georgia,2020,202009,Postpartum visits,"9,564",18.7,
Georgia,2020,202009,Prenatal bundled payments,"3,896",7.6,
Georgia,2020,202009,Prenatal visits,"21,689",42.4,
Georgia,2020,202010,Postpartum bundled payments,"3,878",7.4,
Georgia,2020,202010,Postpartum visits,"9,644",18.5,
Georgia,2020,202010,Prenatal bundled payments,"3,784",7.3,
Georgia,2020,202010,Prenatal visits,"21,737",41.7,
Georgia,2020,202011,Postpartum bundled payments,"3,583",6.8,
Georgia,2020,202011,Postpartum visits,"8,741",16.5,
Georgia,2020,202011,Prenatal bundled payments,"3,559",6.7,
Georgia,2020,202011,Prenatal visits,"20,043",37.8,
Georgia,2020,202012,Postpartum bundled payments,"4,045",7.5,
Georgia,2020,202012,Postpartum visits,"8,845",16.4,
Georgia,2020,202012,Prenatal bundled payments,"4,044",7.5,
Georgia,2020,202012,Prenatal visits,"21,600",40.0,
Georgia,2021,202101,Postpartum bundled payments,"3,968",7.2,
Georgia,2021,202101,Postpartum visits,"8,982",16.4,
Georgia,2021,202101,Prenatal bundled payments,"3,801",6.9,
Georgia,2021,202101,Prenatal visits,"20,982",38.3,
Georgia,2021,202102,Postpartum bundled payments,"3,630",6.5,
Georgia,2021,202102,Postpartum visits,"8,896",16.0,
Georgia,2021,202102,Prenatal bundled payments,"3,588",6.5,
Georgia,2021,202102,Prenatal visits,"20,617",37.1,
Georgia,2021,202103,Postpartum bundled payments,"3,928",7.0,
Georgia,2021,202103,Postpartum visits,"10,549",18.7,
Georgia,2021,202103,Prenatal bundled payments,"4,044",7.2,
Georgia,2021,202103,Prenatal visits,"23,400",41.6,
Georgia,2021,202104,Postpartum bundled payments,"3,646",6.4,
Georgia,2021,202104,Postpartum visits,"8,972",15.7,
Georgia,2021,202104,Prenatal bundled payments,"3,971",7.0,
Georgia,2021,202104,Prenatal visits,"21,975",38.6,
Georgia,2021,202105,Postpartum bundled payments,"3,645",6.3,
Georgia,2021,202105,Postpartum visits,"8,765",15.2,
Georgia,2021,202105,Prenatal bundled payments,"3,537",6.1,
Georgia,2021,202105,Prenatal visits,"20,841",36.2,
Georgia,2021,202106,Postpartum bundled payments,"3,778",6.5,
Georgia,2021,202106,Postpartum visits,"9,857",16.9,
Georgia,2021,202106,Prenatal bundled payments,"3,756",6.4,
Georgia,2021,202106,Prenatal visits,"22,640",38.8,
Georgia,2021,202107,Postpartum bundled payments,"4,055",6.9,
Georgia,2021,202107,Postpartum visits,"9,460",16.0,
Georgia,2021,202107,Prenatal bundled payments,"4,004",6.8,
Georgia,2021,202107,Prenatal visits,"21,611",36.5,
Georgia,2021,202108,Postpartum bundled payments,"4,015",6.7,
Georgia,2021,202108,Postpartum visits,"10,085",16.8,
Georgia,2021,202108,Prenatal bundled payments,"3,981",6.6,
Georgia,2021,202108,Prenatal visits,"21,701",36.2,
Georgia,2021,202109,Postpartum bundled payments,"4,072",6.7,
Georgia,2021,202109,Postpartum visits,"9,957",16.4,
Georgia,2021,202109,Prenatal bundled payments,"4,140",6.8,
Georgia,2021,202109,Prenatal visits,"21,054",34.7,
Georgia,2021,202110,Postpartum bundled payments,"3,895",6.4,
Georgia,2021,202110,Postpartum visits,"9,584",15.6,
Georgia,2021,202110,Prenatal bundled payments,"3,816",6.2,
Georgia,2021,202110,Prenatal visits,"20,175",32.9,
Georgia,2021,202111,Postpartum bundled payments,"3,598",5.8,
Georgia,2021,202111,Postpartum visits,"9,202",14.8,
Georgia,2021,202111,Prenatal bundled payments,"3,541",5.7,
Georgia,2021,202111,Prenatal visits,"20,078",32.4,
Georgia,2021,202112,Postpartum bundled payments,"3,946",6.3,
Georgia,2021,202112,Postpartum visits,"8,981",14.3,
Georgia,2021,202112,Prenatal bundled payments,"3,977",6.3,
Georgia,2021,202112,Prenatal visits,"20,595",32.8,
Georgia,2022,202201,Postpartum bundled payments,"3,946",6.2,
Georgia,2022,202201,Postpartum visits,"9,736",15.3,
Georgia,2022,202201,Prenatal bundled payments,"3,793",6.0,
Georgia,2022,202201,Prenatal visits,"20,980",33.0,
Georgia,2022,202202,Postpartum bundled payments,"3,504",5.5,
Georgia,2022,202202,Postpartum visits,"9,834",15.3,
Georgia,2022,202202,Prenatal bundled payments,"3,438",5.4,
Georgia,2022,202202,Prenatal visits,"20,079",31.3,
Georgia,2022,202203,Postpartum bundled payments,"3,843",5.9,
Georgia,2022,202203,Postpartum visits,"11,369",17.6,
Georgia,2022,202203,Prenatal bundled payments,"3,789",5.9,
Georgia,2022,202203,Prenatal visits,"23,415",36.2,
Georgia,2022,202204,Postpartum bundled payments,"3,406",5.2,
Georgia,2022,202204,Postpartum visits,"9,521",14.6,
Georgia,2022,202204,Prenatal bundled payments,"3,391",5.2,
Georgia,2022,202204,Prenatal visits,"20,874",32.0,
Georgia,2022,202205,Postpartum bundled payments,"3,427",5.2,
Georgia,2022,202205,Postpartum visits,"9,868",15.0,
Georgia,2022,202205,Prenatal bundled payments,"3,397",5.2,
Georgia,2022,202205,Prenatal visits,"22,250",33.8,
Georgia,2022,202206,Postpartum bundled payments,"3,736",5.6,
Georgia,2022,202206,Postpartum visits,"10,366",15.6,
Georgia,2022,202206,Prenatal bundled payments,"3,780",5.7,
Georgia,2022,202206,Prenatal visits,"23,072",34.7,
Georgia,2022,202207,Postpartum bundled payments,"3,890",5.8,
Georgia,2022,202207,Postpartum visits,"8,987",13.4,
Georgia,2022,202207,Prenatal bundled payments,"3,881",5.8,
Georgia,2022,202207,Prenatal visits,"20,943",31.3,
Georgia,2022,202208,Postpartum bundled payments,"4,167",6.2,
Georgia,2022,202208,Postpartum visits,"11,995",17.7,
Georgia,2022,202208,Prenatal bundled payments,"4,188",6.2,
Georgia,2022,202208,Prenatal visits,"23,774",35.1,
Georgia,2022,202209,Postpartum bundled payments,"3,619",5.3,
Georgia,2022,202209,Postpartum visits,"10,764",15.8,
Georgia,2022,202209,Prenatal bundled payments,"3,644",5.3,
Georgia,2022,202209,Prenatal visits,"21,736",31.8,
Georgia,2022,202210,Postpartum bundled payments,"3,521",5.1,
Georgia,2022,202210,Postpartum visits,"10,565",15.3,
Georgia,2022,202210,Prenatal bundled payments,"3,429",5.0,
Georgia,2022,202210,Prenatal visits,"21,666",31.4,
Georgia,2022,202211,Postpartum bundled payments,"3,771",5.4,
Georgia,2022,202211,Postpartum visits,"10,109",14.5,
Georgia,2022,202211,Prenatal bundled payments,"3,730",5.4,
Georgia,2022,202211,Prenatal visits,"21,834",31.4,
Georgia,2022,202212,Postpartum bundled payments,"3,954",5.7,
Georgia,2022,202212,Postpartum visits,"9,382",13.5,
Georgia,2022,202212,Prenatal bundled payments,"3,867",5.5,
Georgia,2022,202212,Prenatal visits,"20,936",30.0,
Hawaii,2018,201801,Postpartum bundled payments,318,4.1,
Hawaii,2018,201801,Postpartum visits,"1,543",19.9,
Hawaii,2018,201801,Prenatal bundled payments,334,4.3,
Hawaii,2018,201801,Prenatal visits,"2,401",30.9,
Hawaii,2018,201802,Postpartum bundled payments,279,3.6,
Hawaii,2018,201802,Postpartum visits,"1,430",18.4,
Hawaii,2018,201802,Prenatal bundled payments,291,3.7,
Hawaii,2018,201802,Prenatal visits,"2,171",27.9,
Hawaii,2018,201803,Postpartum bundled payments,287,3.7,
Hawaii,2018,201803,Postpartum visits,"1,556",19.9,
Hawaii,2018,201803,Prenatal bundled payments,307,3.9,
Hawaii,2018,201803,Prenatal visits,"2,304",29.5,
Hawaii,2018,201804,Postpartum bundled payments,258,3.3,
Hawaii,2018,201804,Postpartum visits,"1,601",20.5,
Hawaii,2018,201804,Prenatal bundled payments,277,3.5,
Hawaii,2018,201804,Prenatal visits,"2,368",30.3,
Hawaii,2018,201805,Postpartum bundled payments,289,3.7,
Hawaii,2018,201805,Postpartum visits,"1,588",20.5,
Hawaii,2018,201805,Prenatal bundled payments,321,4.1,
Hawaii,2018,201805,Prenatal visits,"2,412",31.1,
Hawaii,2018,201806,Postpartum bundled payments,260,3.4,
Hawaii,2018,201806,Postpartum visits,"1,348",17.6,
Hawaii,2018,201806,Prenatal bundled payments,268,3.5,
Hawaii,2018,201806,Prenatal visits,"2,235",29.2,
Hawaii,2018,201807,Postpartum bundled payments,272,3.6,
Hawaii,2018,201807,Postpartum visits,"1,448",19.1,
Hawaii,2018,201807,Prenatal bundled payments,293,3.9,
Hawaii,2018,201807,Prenatal visits,"2,300",30.3,
Hawaii,2018,201808,Postpartum bundled payments,272,3.6,
Hawaii,2018,201808,Postpartum visits,"1,448",19.2,
Hawaii,2018,201808,Prenatal bundled payments,269,3.6,
Hawaii,2018,201808,Prenatal visits,"2,282",30.2,
Hawaii,2018,201809,Postpartum bundled payments,282,3.8,
Hawaii,2018,201809,Postpartum visits,"1,281",17.1,
Hawaii,2018,201809,Prenatal bundled payments,293,3.9,
Hawaii,2018,201809,Prenatal visits,"2,077",27.8,
Hawaii,2018,201810,Postpartum bundled payments,296,4.0,
Hawaii,2018,201810,Postpartum visits,"1,415",19.0,
Hawaii,2018,201810,Prenatal bundled payments,318,4.3,
Hawaii,2018,201810,Prenatal visits,"2,242",30.1,
Hawaii,2018,201811,Postpartum bundled payments,271,3.7,
Hawaii,2018,201811,Postpartum visits,"1,289",17.4,
Hawaii,2018,201811,Prenatal bundled payments,293,4.0,
Hawaii,2018,201811,Prenatal visits,"2,218",30.0,
Hawaii,2018,201812,Postpartum bundled payments,261,3.6,
Hawaii,2018,201812,Postpartum visits,"1,219",16.6,
Hawaii,2018,201812,Prenatal bundled payments,273,3.7,
Hawaii,2018,201812,Prenatal visits,"2,154",29.3,
Hawaii,2019,201901,Postpartum bundled payments,273,3.7,
Hawaii,2019,201901,Postpartum visits,"1,559",21.3,
Hawaii,2019,201901,Prenatal bundled payments,298,4.1,
Hawaii,2019,201901,Prenatal visits,"2,312",31.6,
Hawaii,2019,201902,Postpartum bundled payments,289,4.0,
Hawaii,2019,201902,Postpartum visits,"1,371",19.0,
Hawaii,2019,201902,Prenatal bundled payments,292,4.0,
Hawaii,2019,201902,Prenatal visits,"2,079",28.8,
Hawaii,2019,201903,Postpartum bundled payments,269,3.7,
Hawaii,2019,201903,Postpartum visits,"1,406",19.4,
Hawaii,2019,201903,Prenatal bundled payments,291,4.0,
Hawaii,2019,201903,Prenatal visits,"2,148",29.6,
Hawaii,2019,201904,Postpartum bundled payments,238,3.3,
Hawaii,2019,201904,Postpartum visits,"1,668",23.2,
Hawaii,2019,201904,Prenatal bundled payments,280,3.9,
Hawaii,2019,201904,Prenatal visits,"2,297",31.9,
Hawaii,2019,201905,Postpartum bundled payments,243,3.4,
Hawaii,2019,201905,Postpartum visits,"1,539",21.4,
Hawaii,2019,201905,Prenatal bundled payments,271,3.8,
Hawaii,2019,201905,Prenatal visits,"2,371",32.9,
Hawaii,2019,201906,Postpartum bundled payments,219,3.0,
Hawaii,2019,201906,Postpartum visits,"1,433",19.9,
Hawaii,2019,201906,Prenatal bundled payments,239,3.3,
Hawaii,2019,201906,Prenatal visits,"2,091",29.1,
Hawaii,2019,201907,Postpartum bundled payments,254,3.5,
Hawaii,2019,201907,Postpartum visits,"1,430",19.8,
Hawaii,2019,201907,Prenatal bundled payments,279,3.9,
Hawaii,2019,201907,Prenatal visits,"2,324",32.2,
Hawaii,2019,201908,Postpartum bundled payments,267,3.7,
Hawaii,2019,201908,Postpartum visits,"1,507",20.9,
Hawaii,2019,201908,Prenatal bundled payments,285,4.0,
Hawaii,2019,201908,Prenatal visits,"2,249",31.2,
Hawaii,2019,201909,Postpartum bundled payments,264,3.7,
Hawaii,2019,201909,Postpartum visits,"1,391",19.3,
Hawaii,2019,201909,Prenatal bundled payments,286,4.0,
Hawaii,2019,201909,Prenatal visits,"2,135",29.6,
Hawaii,2019,201910,Postpartum bundled payments,275,3.8,
Hawaii,2019,201910,Postpartum visits,"1,473",20.4,
Hawaii,2019,201910,Prenatal bundled payments,284,3.9,
Hawaii,2019,201910,Prenatal visits,"2,327",32.3,
Hawaii,2019,201911,Postpartum bundled payments,293,4.1,
Hawaii,2019,201911,Postpartum visits,"1,257",17.5,
Hawaii,2019,201911,Prenatal bundled payments,303,4.2,
Hawaii,2019,201911,Prenatal visits,"2,030",28.2,
Hawaii,2019,201912,Postpartum bundled payments,271,3.8,
Hawaii,2019,201912,Postpartum visits,"1,343",18.7,
Hawaii,2019,201912,Prenatal bundled payments,287,4.0,
Hawaii,2019,201912,Prenatal visits,"2,087",29.1,
Hawaii,2020,202001,Postpartum bundled payments,266,3.7,
Hawaii,2020,202001,Postpartum visits,"1,534",21.4,
Hawaii,2020,202001,Prenatal bundled payments,282,3.9,
Hawaii,2020,202001,Prenatal visits,"2,192",30.6,
Hawaii,2020,202002,Postpartum bundled payments,245,3.4,
Hawaii,2020,202002,Postpartum visits,"1,334",18.7,
Hawaii,2020,202002,Prenatal bundled payments,250,3.5,
Hawaii,2020,202002,Prenatal visits,"2,029",28.4,
Hawaii,2020,202003,Postpartum bundled payments,260,3.6,
Hawaii,2020,202003,Postpartum visits,"1,079",14.9,
Hawaii,2020,202003,Prenatal bundled payments,258,3.6,
Hawaii,2020,202003,Prenatal visits,"2,027",28.0,
Hawaii,2020,202004,Postpartum bundled payments,256,3.4,
Hawaii,2020,202004,Postpartum visits,838,11.2,
Hawaii,2020,202004,Prenatal bundled payments,265,3.5,
Hawaii,2020,202004,Prenatal visits,"1,981",26.4,
Hawaii,2020,202005,Postpartum bundled payments,268,3.5,
Hawaii,2020,202005,Postpartum visits,"1,015",13.2,
Hawaii,2020,202005,Prenatal bundled payments,277,3.6,
Hawaii,2020,202005,Prenatal visits,"1,970",25.6,
Hawaii,2020,202006,Postpartum bundled payments,238,3.0,
Hawaii,2020,202006,Postpartum visits,"1,421",18.0,
Hawaii,2020,202006,Prenatal bundled payments,246,3.1,
Hawaii,2020,202006,Prenatal visits,"2,045",25.9,
Hawaii,2020,202007,Postpartum bundled payments,260,3.2,
Hawaii,2020,202007,Postpartum visits,"1,528",18.9,
Hawaii,2020,202007,Prenatal bundled payments,271,3.4,
Hawaii,2020,202007,Prenatal visits,"2,060",25.5,
Hawaii,2020,202008,Postpartum bundled payments,292,3.5,
Hawaii,2020,202008,Postpartum visits,"1,366",16.6,
Hawaii,2020,202008,Prenatal bundled payments,290,3.5,
Hawaii,2020,202008,Prenatal visits,"2,070",25.1,
Hawaii,2020,202009,Postpartum bundled payments,270,3.2,
Hawaii,2020,202009,Postpartum visits,"1,406",16.7,
Hawaii,2020,202009,Prenatal bundled payments,276,3.3,
Hawaii,2020,202009,Prenatal visits,"2,074",24.6,
Hawaii,2020,202010,Postpartum bundled payments,266,3.1,
Hawaii,2020,202010,Postpartum visits,"1,527",17.8,
Hawaii,2020,202010,Prenatal bundled payments,279,3.2,
Hawaii,2020,202010,Prenatal visits,"2,090",24.3,
Hawaii,2020,202011,Postpartum bundled payments,267,3.0,
Hawaii,2020,202011,Postpartum visits,"1,441",16.4,
Hawaii,2020,202011,Prenatal bundled payments,252,2.9,
Hawaii,2020,202011,Prenatal visits,"1,818",20.7,
Hawaii,2020,202012,Postpartum bundled payments,219,2.4,
Hawaii,2020,202012,Postpartum visits,"1,488",16.6,
Hawaii,2020,202012,Prenatal bundled payments,230,2.6,
Hawaii,2020,202012,Prenatal visits,"1,995",22.2,
Hawaii,2021,202101,Postpartum bundled payments,218,2.4,
Hawaii,2021,202101,Postpartum visits,"1,505",16.5,
Hawaii,2021,202101,Prenatal bundled payments,231,2.5,
Hawaii,2021,202101,Prenatal visits,"1,903",20.9,
Hawaii,2021,202102,Postpartum bundled payments,195,2.1,
Hawaii,2021,202102,Postpartum visits,"1,440",15.5,
Hawaii,2021,202102,Prenatal bundled payments,197,2.1,
Hawaii,2021,202102,Prenatal visits,"1,915",20.6,
Hawaii,2021,202103,Postpartum bundled payments,231,2.5,
Hawaii,2021,202103,Postpartum visits,"1,759",18.7,
Hawaii,2021,202103,Prenatal bundled payments,240,2.6,
Hawaii,2021,202103,Prenatal visits,"2,182",23.2,
Hawaii,2021,202104,Postpartum bundled payments,211,2.2,
Hawaii,2021,202104,Postpartum visits,"1,725",18.2,
Hawaii,2021,202104,Prenatal bundled payments,212,2.2,
Hawaii,2021,202104,Prenatal visits,"2,218",23.4,
Hawaii,2021,202105,Postpartum bundled payments,225,2.3,
Hawaii,2021,202105,Postpartum visits,"1,571",16.4,
Hawaii,2021,202105,Prenatal bundled payments,235,2.5,
Hawaii,2021,202105,Prenatal visits,"2,016",21.0,
Hawaii,2021,202106,Postpartum bundled payments,213,2.2,
Hawaii,2021,202106,Postpartum visits,"1,543",16.0,
Hawaii,2021,202106,Prenatal bundled payments,234,2.4,
Hawaii,2021,202106,Prenatal visits,"2,137",22.1,
Hawaii,2021,202107,Postpartum bundled payments,205,2.1,
Hawaii,2021,202107,Postpartum visits,"1,518",15.6,
Hawaii,2021,202107,Prenatal bundled payments,210,2.2,
Hawaii,2021,202107,Prenatal visits,"2,204",22.6,
Hawaii,2021,202108,Postpartum bundled payments,228,2.3,
Hawaii,2021,202108,Postpartum visits,"1,554",15.8,
Hawaii,2021,202108,Prenatal bundled payments,221,2.2,
Hawaii,2021,202108,Prenatal visits,"2,240",22.7,
Hawaii,2021,202109,Postpartum bundled payments,223,2.2,
Hawaii,2021,202109,Postpartum visits,"1,483",14.9,
Hawaii,2021,202109,Prenatal bundled payments,229,2.3,
Hawaii,2021,202109,Prenatal visits,"2,228",22.4,
Hawaii,2021,202110,Postpartum bundled payments,212,2.1,
Hawaii,2021,202110,Postpartum visits,"1,491",14.9,
Hawaii,2021,202110,Prenatal bundled payments,260,2.6,
Hawaii,2021,202110,Prenatal visits,"2,102",21.0,
Hawaii,2021,202111,Postpartum bundled payments,214,2.1,
Hawaii,2021,202111,Postpartum visits,"1,487",14.8,
Hawaii,2021,202111,Prenatal bundled payments,236,2.3,
Hawaii,2021,202111,Prenatal visits,"1,965",19.5,
Hawaii,2021,202112,Postpartum bundled payments,202,2.0,
Hawaii,2021,202112,Postpartum visits,"1,268",12.5,
Hawaii,2021,202112,Prenatal bundled payments,211,2.1,
Hawaii,2021,202112,Prenatal visits,"2,019",19.9,
Hawaii,2022,202201,Postpartum bundled payments,218,2.1,
Hawaii,2022,202201,Postpartum visits,"1,349",13.2,
Hawaii,2022,202201,Prenatal bundled payments,212,2.1,
Hawaii,2022,202201,Prenatal visits,"2,263",22.1,
Hawaii,2022,202202,Postpartum bundled payments,184,1.8,
Hawaii,2022,202202,Postpartum visits,"1,582",15.4,
Hawaii,2022,202202,Prenatal bundled payments,171,1.7,
Hawaii,2022,202202,Prenatal visits,"2,221",21.6,
Hawaii,2022,202203,Postpartum bundled payments,194,1.9,
Hawaii,2022,202203,Postpartum visits,"1,684",16.2,
Hawaii,2022,202203,Prenatal bundled payments,209,2.0,
Hawaii,2022,202203,Prenatal visits,"2,747",26.5,
Hawaii,2022,202204,Postpartum bundled payments,178,1.7,
Hawaii,2022,202204,Postpartum visits,"1,671",16.0,
Hawaii,2022,202204,Prenatal bundled payments,185,1.8,
Hawaii,2022,202204,Prenatal visits,"2,605",25.0,
Hawaii,2022,202205,Postpartum bundled payments,185,1.8,
Hawaii,2022,202205,Postpartum visits,"1,612",15.4,
Hawaii,2022,202205,Prenatal bundled payments,192,1.8,
Hawaii,2022,202205,Prenatal visits,"2,589",24.7,
Hawaii,2022,202206,Postpartum bundled payments,196,1.9,
Hawaii,2022,202206,Postpartum visits,"1,587",15.0,
Hawaii,2022,202206,Prenatal bundled payments,212,2.0,
Hawaii,2022,202206,Prenatal visits,"2,725",25.8,
Hawaii,2022,202207,Postpartum bundled payments,228,2.1,
Hawaii,2022,202207,Postpartum visits,"1,610",15.2,
Hawaii,2022,202207,Prenatal bundled payments,238,2.2,
Hawaii,2022,202207,Prenatal visits,"2,593",24.4,
Hawaii,2022,202208,Postpartum bundled payments,193,1.8,
Hawaii,2022,202208,Postpartum visits,"1,817",17.0,
Hawaii,2022,202208,Prenatal bundled payments,209,2.0,
Hawaii,2022,202208,Prenatal visits,"2,903",27.1,
Hawaii,2022,202209,Postpartum bundled payments,209,1.9,
Hawaii,2022,202209,Postpartum visits,"1,604",14.9,
Hawaii,2022,202209,Prenatal bundled payments,229,2.1,
Hawaii,2022,202209,Prenatal visits,"2,611",24.3,
Hawaii,2022,202210,Postpartum bundled payments,207,1.9,
Hawaii,2022,202210,Postpartum visits,"1,581",14.6,
Hawaii,2022,202210,Prenatal bundled payments,216,2.0,
Hawaii,2022,202210,Prenatal visits,"2,512",23.3,
Hawaii,2022,202211,Postpartum bundled payments,218,2.0,
Hawaii,2022,202211,Postpartum visits,"1,485",13.7,
Hawaii,2022,202211,Prenatal bundled payments,226,2.1,
Hawaii,2022,202211,Prenatal visits,"2,367",21.8,
Hawaii,2022,202212,Postpartum bundled payments,219,2.0,
Hawaii,2022,202212,Postpartum visits,"1,359",12.4,
Hawaii,2022,202212,Prenatal bundled payments,227,2.1,
Hawaii,2022,202212,Prenatal visits,"2,421",22.2,
Idaho,2018,201801,Postpartum bundled payments,433,8.4,
Idaho,2018,201801,Postpartum visits,876,16.9,
Idaho,2018,201801,Prenatal bundled payments,498,9.6,
Idaho,2018,201801,Prenatal visits,"1,555",30.1,
Idaho,2018,201802,Postpartum bundled payments,415,8.1,
Idaho,2018,201802,Postpartum visits,757,14.7,
Idaho,2018,201802,Prenatal bundled payments,452,8.8,
Idaho,2018,201802,Prenatal visits,"1,390",27.0,
Idaho,2018,201803,Postpartum bundled payments,544,11.1,
Idaho,2018,201803,Postpartum visits,974,19.9,
Idaho,2018,201803,Prenatal bundled payments,592,12.1,
Idaho,2018,201803,Prenatal visits,"1,716",35.1,
Idaho,2018,201804,Postpartum bundled payments,476,9.9,
Idaho,2018,201804,Postpartum visits,944,19.7,
Idaho,2018,201804,Prenatal bundled payments,540,11.3,
Idaho,2018,201804,Prenatal visits,"1,655",34.5,
Idaho,2018,201805,Postpartum bundled payments,465,9.6,
Idaho,2018,201805,Postpartum visits,822,17.0,
Idaho,2018,201805,Prenatal bundled payments,513,10.6,
Idaho,2018,201805,Prenatal visits,"1,626",33.7,
Idaho,2018,201806,Postpartum bundled payments,515,10.6,
Idaho,2018,201806,Postpartum visits,893,18.4,
Idaho,2018,201806,Prenatal bundled payments,569,11.7,
Idaho,2018,201806,Prenatal visits,"1,612",33.2,
Idaho,2018,201807,Postpartum bundled payments,540,11.1,
Idaho,2018,201807,Postpartum visits,909,18.6,
Idaho,2018,201807,Prenatal bundled payments,605,12.4,
Idaho,2018,201807,Prenatal visits,"1,593",32.6,
Idaho,2018,201808,Postpartum bundled payments,564,11.4,
Idaho,2018,201808,Postpartum visits,953,19.3,
Idaho,2018,201808,Prenatal bundled payments,617,12.5,
Idaho,2018,201808,Prenatal visits,"1,789",36.3,
Idaho,2018,201809,Postpartum bundled payments,528,10.7,
Idaho,2018,201809,Postpartum visits,807,16.3,
Idaho,2018,201809,Prenatal bundled payments,548,11.1,
Idaho,2018,201809,Prenatal visits,"1,551",31.4,
Idaho,2018,201810,Postpartum bundled payments,481,9.7,
Idaho,2018,201810,Postpartum visits,869,17.5,
Idaho,2018,201810,Prenatal bundled payments,503,10.1,
Idaho,2018,201810,Prenatal visits,"1,474",29.7,
Idaho,2018,201811,Postpartum bundled payments,487,9.8,
Idaho,2018,201811,Postpartum visits,888,17.8,
Idaho,2018,201811,Prenatal bundled payments,525,10.5,
Idaho,2018,201811,Prenatal visits,"1,578",31.7,
Idaho,2018,201812,Postpartum bundled payments,493,9.9,
Idaho,2018,201812,Postpartum visits,807,16.1,
Idaho,2018,201812,Prenatal bundled payments,569,11.4,
Idaho,2018,201812,Prenatal visits,"1,520",30.4,
Idaho,2019,201901,Postpartum bundled payments,523,10.8,
Idaho,2019,201901,Postpartum visits,"1,019",21.0,
Idaho,2019,201901,Prenatal bundled payments,563,11.6,
Idaho,2019,201901,Prenatal visits,"1,961",40.4,
Idaho,2019,201902,Postpartum bundled payments,500,10.3,
Idaho,2019,201902,Postpartum visits,847,17.4,
Idaho,2019,201902,Prenatal bundled payments,528,10.8,
Idaho,2019,201902,Prenatal visits,"1,609",33.0,
Idaho,2019,201903,Postpartum bundled payments,544,11.1,
Idaho,2019,201903,Postpartum visits,922,18.8,
Idaho,2019,201903,Prenatal bundled payments,567,11.6,
Idaho,2019,201903,Prenatal visits,"1,780",36.3,
Idaho,2019,201904,Postpartum bundled payments,535,10.8,
Idaho,2019,201904,Postpartum visits,"1,002",20.3,
Idaho,2019,201904,Prenatal bundled payments,579,11.7,
Idaho,2019,201904,Prenatal visits,"1,884",38.2,
Idaho,2019,201905,Postpartum bundled payments,572,11.5,
Idaho,2019,201905,Postpartum visits,991,20.0,
Idaho,2019,201905,Prenatal bundled payments,605,12.2,
Idaho,2019,201905,Prenatal visits,"1,840",37.1,
Idaho,2019,201906,Postpartum bundled payments,548,11.0,
Idaho,2019,201906,Postpartum visits,895,18.0,
Idaho,2019,201906,Prenatal bundled payments,573,11.5,
Idaho,2019,201906,Prenatal visits,"1,638",32.9,
Idaho,2019,201907,Postpartum bundled payments,539,11.2,
Idaho,2019,201907,Postpartum visits,836,17.3,
Idaho,2019,201907,Prenatal bundled payments,583,12.1,
Idaho,2019,201907,Prenatal visits,"1,591",33.0,
Idaho,2019,201908,Postpartum bundled payments,565,11.9,
Idaho,2019,201908,Postpartum visits,986,20.8,
Idaho,2019,201908,Prenatal bundled payments,604,12.7,
Idaho,2019,201908,Prenatal visits,"1,864",39.3,
Idaho,2019,201909,Postpartum bundled payments,540,11.3,
Idaho,2019,201909,Postpartum visits,854,17.9,
Idaho,2019,201909,Prenatal bundled payments,590,12.3,
Idaho,2019,201909,Prenatal visits,"1,586",33.2,
Idaho,2019,201910,Postpartum bundled payments,502,10.4,
Idaho,2019,201910,Postpartum visits,"1,004",20.9,
Idaho,2019,201910,Prenatal bundled payments,532,11.0,
Idaho,2019,201910,Prenatal visits,"1,786",37.1,
Idaho,2019,201911,Postpartum bundled payments,497,10.3,
Idaho,2019,201911,Postpartum visits,750,15.5,
Idaho,2019,201911,Prenatal bundled payments,523,10.8,
Idaho,2019,201911,Prenatal visits,"1,565",32.4,
Idaho,2019,201912,Postpartum bundled payments,530,11.0,
Idaho,2019,201912,Postpartum visits,818,16.9,
Idaho,2019,201912,Prenatal bundled payments,560,11.6,
Idaho,2019,201912,Prenatal visits,"1,670",34.5,
Idaho,2020,202001,Postpartum bundled payments,516,7.2,
Idaho,2020,202001,Postpartum visits,"1,365",19.1,
Idaho,2020,202001,Prenatal bundled payments,541,7.6,
Idaho,2020,202001,Prenatal visits,"1,855",25.9,
Idaho,2020,202002,Postpartum bundled payments,514,7.0,
Idaho,2020,202002,Postpartum visits,"1,274",17.2,
Idaho,2020,202002,Prenatal bundled payments,538,7.3,
Idaho,2020,202002,Prenatal visits,"1,793",24.3,
Idaho,2020,202003,Postpartum bundled payments,520,6.9,
Idaho,2020,202003,Postpartum visits,"1,112",14.7,
Idaho,2020,202003,Prenatal bundled payments,560,7.4,
Idaho,2020,202003,Prenatal visits,"1,744",23.1,
Idaho,2020,202004,Postpartum bundled payments,500,6.4,
Idaho,2020,202004,Postpartum visits,901,11.6,
Idaho,2020,202004,Prenatal bundled payments,543,7.0,
Idaho,2020,202004,Prenatal visits,"1,648",21.2,
Idaho,2020,202005,Postpartum bundled payments,582,7.3,
Idaho,2020,202005,Postpartum visits,"1,057",13.3,
Idaho,2020,202005,Prenatal bundled payments,610,7.7,
Idaho,2020,202005,Prenatal visits,"1,638",20.6,
Idaho,2020,202006,Postpartum bundled payments,512,6.3,
Idaho,2020,202006,Postpartum visits,"1,325",16.4,
Idaho,2020,202006,Prenatal bundled payments,559,6.9,
Idaho,2020,202006,Prenatal visits,"1,749",21.6,
Idaho,2020,202007,Postpartum bundled payments,570,6.9,
Idaho,2020,202007,Postpartum visits,"1,347",16.3,
Idaho,2020,202007,Prenatal bundled payments,633,7.7,
Idaho,2020,202007,Prenatal visits,"1,701",20.6,
Idaho,2020,202008,Postpartum bundled payments,508,6.0,
Idaho,2020,202008,Postpartum visits,"1,296",15.3,
Idaho,2020,202008,Prenatal bundled payments,570,6.7,
Idaho,2020,202008,Prenatal visits,"1,599",18.9,
Idaho,2020,202009,Postpartum bundled payments,478,5.5,
Idaho,2020,202009,Postpartum visits,"1,140",13.2,
Idaho,2020,202009,Prenatal bundled payments,525,6.1,
Idaho,2020,202009,Prenatal visits,"1,571",18.2,
Idaho,2020,202010,Postpartum bundled payments,464,5.3,
Idaho,2020,202010,Postpartum visits,"1,414",16.1,
Idaho,2020,202010,Prenatal bundled payments,503,5.7,
Idaho,2020,202010,Prenatal visits,"1,728",19.7,
Idaho,2020,202011,Postpartum bundled payments,489,5.5,
Idaho,2020,202011,Postpartum visits,"1,213",13.6,
Idaho,2020,202011,Prenatal bundled payments,526,5.9,
Idaho,2020,202011,Prenatal visits,"1,705",19.1,
Idaho,2020,202012,Postpartum bundled payments,499,5.5,
Idaho,2020,202012,Postpartum visits,"1,267",14.0,
Idaho,2020,202012,Prenatal bundled payments,549,6.1,
Idaho,2020,202012,Prenatal visits,"1,796",19.8,
Idaho,2021,202101,Postpartum bundled payments,449,4.8,
Idaho,2021,202101,Postpartum visits,"1,443",15.5,
Idaho,2021,202101,Prenatal bundled payments,482,5.2,
Idaho,2021,202101,Prenatal visits,"1,867",20.1,
Idaho,2021,202102,Postpartum bundled payments,423,4.5,
Idaho,2021,202102,Postpartum visits,"1,355",14.4,
Idaho,2021,202102,Prenatal bundled payments,474,5.0,
Idaho,2021,202102,Prenatal visits,"1,701",18.1,
Idaho,2021,202103,Postpartum bundled payments,473,5.0,
Idaho,2021,202103,Postpartum visits,"1,317",13.8,
Idaho,2021,202103,Prenatal bundled payments,538,5.7,
Idaho,2021,202103,Prenatal visits,"1,962",20.6,
Idaho,2021,202104,Postpartum bundled payments,517,5.4,
Idaho,2021,202104,Postpartum visits,"1,446",15.0,
Idaho,2021,202104,Prenatal bundled payments,563,5.8,
Idaho,2021,202104,Prenatal visits,"1,988",20.6,
Idaho,2021,202105,Postpartum bundled payments,509,5.2,
Idaho,2021,202105,Postpartum visits,"1,326",13.6,
Idaho,2021,202105,Prenatal bundled payments,552,5.7,
Idaho,2021,202105,Prenatal visits,"1,806",18.6,
Idaho,2021,202106,Postpartum bundled payments,485,5.0,
Idaho,2021,202106,Postpartum visits,"1,363",13.9,
Idaho,2021,202106,Prenatal bundled payments,541,5.5,
Idaho,2021,202106,Prenatal visits,"1,748",17.8,
Idaho,2021,202107,Postpartum bundled payments,540,5.5,
Idaho,2021,202107,Postpartum visits,"1,267",12.8,
Idaho,2021,202107,Prenatal bundled payments,599,6.1,
Idaho,2021,202107,Prenatal visits,"1,845",18.7,
Idaho,2021,202108,Postpartum bundled payments,532,5.3,
Idaho,2021,202108,Postpartum visits,"1,337",13.4,
Idaho,2021,202108,Prenatal bundled payments,582,5.8,
Idaho,2021,202108,Prenatal visits,"1,900",19.1,
Idaho,2021,202109,Postpartum bundled payments,513,5.1,
Idaho,2021,202109,Postpartum visits,"1,290",12.8,
Idaho,2021,202109,Prenatal bundled payments,562,5.6,
Idaho,2021,202109,Prenatal visits,"1,750",17.4,
Idaho,2021,202110,Postpartum bundled payments,473,4.7,
Idaho,2021,202110,Postpartum visits,"1,358",13.4,
Idaho,2021,202110,Prenatal bundled payments,543,5.3,
Idaho,2021,202110,Prenatal visits,"1,702",16.7,
Idaho,2021,202111,Postpartum bundled payments,482,4.7,
Idaho,2021,202111,Postpartum visits,"1,237",12.0,
Idaho,2021,202111,Prenatal bundled payments,531,5.2,
Idaho,2021,202111,Prenatal visits,"1,580",15.4,
Idaho,2021,202112,Postpartum bundled payments,501,4.8,
Idaho,2021,202112,Postpartum visits,"1,227",11.8,
Idaho,2021,202112,Prenatal bundled payments,562,5.4,
Idaho,2021,202112,Prenatal visits,"1,700",16.4,
Idaho,2022,202201,Postpartum bundled payments,492,4.7,
Idaho,2022,202201,Postpartum visits,"1,296",12.4,
Idaho,2022,202201,Prenatal bundled payments,549,5.2,
Idaho,2022,202201,Prenatal visits,"1,712",16.3,
Idaho,2022,202202,Postpartum bundled payments,425,4.0,
Idaho,2022,202202,Postpartum visits,"1,240",11.8,
Idaho,2022,202202,Prenatal bundled payments,478,4.5,
Idaho,2022,202202,Prenatal visits,"1,604",15.2,
Idaho,2022,202203,Postpartum bundled payments,478,4.5,
Idaho,2022,202203,Postpartum visits,"1,476",13.9,
Idaho,2022,202203,Prenatal bundled payments,546,5.1,
Idaho,2022,202203,Prenatal visits,"1,977",18.6,
Idaho,2022,202204,Postpartum bundled payments,475,4.4,
Idaho,2022,202204,Postpartum visits,"1,383",12.9,
Idaho,2022,202204,Prenatal bundled payments,536,5.0,
Idaho,2022,202204,Prenatal visits,"1,950",18.2,
Idaho,2022,202205,Postpartum bundled payments,512,4.8,
Idaho,2022,202205,Postpartum visits,"1,463",13.6,
Idaho,2022,202205,Prenatal bundled payments,565,5.2,
Idaho,2022,202205,Prenatal visits,"1,981",18.4,
Idaho,2022,202206,Postpartum bundled payments,500,4.6,
Idaho,2022,202206,Postpartum visits,"1,410",13.0,
Idaho,2022,202206,Prenatal bundled payments,577,5.3,
Idaho,2022,202206,Prenatal visits,"2,033",18.7,
Idaho,2022,202207,Postpartum bundled payments,496,4.5,
Idaho,2022,202207,Postpartum visits,"1,267",11.6,
Idaho,2022,202207,Prenatal bundled payments,565,5.2,
Idaho,2022,202207,Prenatal visits,"1,931",17.6,
Idaho,2022,202208,Postpartum bundled payments,450,4.1,
Idaho,2022,202208,Postpartum visits,"1,374",12.4,
Idaho,2022,202208,Prenatal bundled payments,532,4.8,
Idaho,2022,202208,Prenatal visits,"1,828",16.5,
Idaho,2022,202209,Postpartum bundled payments,482,4.3,
Idaho,2022,202209,Postpartum visits,"1,372",12.3,
Idaho,2022,202209,Prenatal bundled payments,544,4.9,
Idaho,2022,202209,Prenatal visits,"2,013",18.1,
Idaho,2022,202210,Postpartum bundled payments,444,4.0,
Idaho,2022,202210,Postpartum visits,"1,330",11.8,
Idaho,2022,202210,Prenatal bundled payments,490,4.4,
Idaho,2022,202210,Prenatal visits,"1,902",16.9,
Idaho,2022,202211,Postpartum bundled payments,441,3.9,
Idaho,2022,202211,Postpartum visits,"1,188",10.5,
Idaho,2022,202211,Prenatal bundled payments,485,4.3,
Idaho,2022,202211,Prenatal visits,"1,814",16.0,
Idaho,2022,202212,Postpartum bundled payments,478,4.2,
Idaho,2022,202212,Postpartum visits,"1,197",10.5,
Idaho,2022,202212,Prenatal bundled payments,517,4.5,
Idaho,2022,202212,Prenatal visits,"1,855",16.2,
Illinois,2018,201801,Postpartum bundled payments,448,0.6,
Illinois,2018,201801,Postpartum visits,"15,790",21.4,
Illinois,2018,201801,Prenatal bundled payments,341,0.5,
Illinois,2018,201801,Prenatal visits,"55,371",74.9,
Illinois,2018,201802,Postpartum bundled payments,379,0.5,
Illinois,2018,201802,Postpartum visits,"13,702",18.9,
Illinois,2018,201802,Prenatal bundled payments,235,0.3,
Illinois,2018,201802,Prenatal visits,"48,205",66.3,
Illinois,2018,201803,Postpartum bundled payments,435,0.6,
Illinois,2018,201803,Postpartum visits,"14,593",20.3,
Illinois,2018,201803,Prenatal bundled payments,205,0.3,
Illinois,2018,201803,Prenatal visits,"53,233",73.9,
Illinois,2018,201804,Postpartum bundled payments,395,0.6,
Illinois,2018,201804,Postpartum visits,"14,127",19.8,
Illinois,2018,201804,Prenatal bundled payments,359,0.5,
Illinois,2018,201804,Prenatal visits,"49,442",69.1,
Illinois,2018,201805,Postpartum bundled payments,426,0.6,
Illinois,2018,201805,Postpartum visits,"14,473",20.1,
Illinois,2018,201805,Prenatal bundled payments,421,0.6,
Illinois,2018,201805,Prenatal visits,"53,834",74.9,
Illinois,2018,201806,Postpartum bundled payments,399,0.6,
Illinois,2018,201806,Postpartum visits,"13,125",18.3,
Illinois,2018,201806,Prenatal bundled payments,419,0.6,
Illinois,2018,201806,Prenatal visits,"49,657",69.4,
Illinois,2018,201807,Postpartum bundled payments,398,0.6,
Illinois,2018,201807,Postpartum visits,"13,475",18.9,
Illinois,2018,201807,Prenatal bundled payments,417,0.6,
Illinois,2018,201807,Prenatal visits,"51,429",72.2,
Illinois,2018,201808,Postpartum bundled payments,386,0.5,
Illinois,2018,201808,Postpartum visits,"14,696",20.7,
Illinois,2018,201808,Prenatal bundled payments,465,0.7,
Illinois,2018,201808,Prenatal visits,"53,591",75.4,
Illinois,2018,201809,Postpartum bundled payments,355,0.5,
Illinois,2018,201809,Postpartum visits,"13,112",18.7,
Illinois,2018,201809,Prenatal bundled payments,447,0.6,
Illinois,2018,201809,Prenatal visits,"46,616",66.4,
Illinois,2018,201810,Postpartum bundled payments,332,0.5,
Illinois,2018,201810,Postpartum visits,"15,006",21.6,
Illinois,2018,201810,Prenatal bundled payments,529,0.8,
Illinois,2018,201810,Prenatal visits,"52,310",75.4,
Illinois,2018,201811,Postpartum bundled payments,340,0.5,
Illinois,2018,201811,Postpartum visits,"12,777",18.6,
Illinois,2018,201811,Prenatal bundled payments,456,0.7,
Illinois,2018,201811,Prenatal visits,"46,759",68.1,
Illinois,2018,201812,Postpartum bundled payments,351,0.5,
Illinois,2018,201812,Postpartum visits,"11,374",16.7,
Illinois,2018,201812,Prenatal bundled payments,482,0.7,
Illinois,2018,201812,Prenatal visits,"44,374",65.2,
Illinois,2019,201901,Postpartum bundled payments,364,0.5,
Illinois,2019,201901,Postpartum visits,"13,250",19.5,
Illinois,2019,201901,Prenatal bundled payments,516,0.8,
Illinois,2019,201901,Prenatal visits,"49,942",73.7,
Illinois,2019,201902,Postpartum bundled payments,317,0.5,
Illinois,2019,201902,Postpartum visits,"12,880",19.2,
Illinois,2019,201902,Prenatal bundled payments,441,0.7,
Illinois,2019,201902,Prenatal visits,"46,068",68.7,
Illinois,2019,201903,Postpartum bundled payments,312,0.5,
Illinois,2019,201903,Postpartum visits,"12,895",19.4,
Illinois,2019,201903,Prenatal bundled payments,436,0.7,
Illinois,2019,201903,Prenatal visits,"47,215",71.1,
Illinois,2019,201904,Postpartum bundled payments,294,0.4,
Illinois,2019,201904,Postpartum visits,"13,558",20.4,
Illinois,2019,201904,Prenatal bundled payments,435,0.7,
Illinois,2019,201904,Prenatal visits,"51,341",77.2,
Illinois,2019,201905,Postpartum bundled payments,292,0.4,
Illinois,2019,201905,Postpartum visits,"13,356",20.1,
Illinois,2019,201905,Prenatal bundled payments,462,0.7,
Illinois,2019,201905,Prenatal visits,"52,281",78.8,
Illinois,2019,201906,Postpartum bundled payments,316,0.5,
Illinois,2019,201906,Postpartum visits,"12,287",18.5,
Illinois,2019,201906,Prenatal bundled payments,433,0.7,
Illinois,2019,201906,Prenatal visits,"47,897",72.2,
Illinois,2019,201907,Postpartum bundled payments,367,0.6,
Illinois,2019,201907,Postpartum visits,"13,623",20.5,
Illinois,2019,201907,Prenatal bundled payments,493,0.7,
Illinois,2019,201907,Prenatal visits,"53,889",81.3,
Illinois,2019,201908,Postpartum bundled payments,331,0.5,
Illinois,2019,201908,Postpartum visits,"14,025",21.1,
Illinois,2019,201908,Prenatal bundled payments,469,0.7,
Illinois,2019,201908,Prenatal visits,"50,152",75.5,
Illinois,2019,201909,Postpartum bundled payments,313,0.5,
Illinois,2019,201909,Postpartum visits,"13,019",19.7,
Illinois,2019,201909,Prenatal bundled payments,389,0.6,
Illinois,2019,201909,Prenatal visits,"47,259",71.4,
Illinois,2019,201910,Postpartum bundled payments,295,0.4,
Illinois,2019,201910,Postpartum visits,"14,413",21.8,
Illinois,2019,201910,Prenatal bundled payments,392,0.6,
Illinois,2019,201910,Prenatal visits,"51,552",78.0,
Illinois,2019,201911,Postpartum bundled payments,284,0.4,
Illinois,2019,201911,Postpartum visits,"11,908",18.1,
Illinois,2019,201911,Prenatal bundled payments,353,0.5,
Illinois,2019,201911,Prenatal visits,"44,456",67.5,
Illinois,2019,201912,Postpartum bundled payments,288,0.4,
Illinois,2019,201912,Postpartum visits,"11,623",17.7,
Illinois,2019,201912,Prenatal bundled payments,360,0.5,
Illinois,2019,201912,Prenatal visits,"46,612",71.0,
Illinois,2020,202001,Postpartum bundled payments,273,0.4,
Illinois,2020,202001,Postpartum visits,"13,545",20.7,
Illinois,2020,202001,Prenatal bundled payments,427,0.7,
Illinois,2020,202001,Prenatal visits,"50,180",76.5,
Illinois,2020,202002,Postpartum bundled payments,220,0.3,
Illinois,2020,202002,Postpartum visits,"11,793",18.0,
Illinois,2020,202002,Prenatal bundled payments,336,0.5,
Illinois,2020,202002,Prenatal visits,"43,652",66.8,
Illinois,2020,202003,Postpartum bundled payments,244,0.4,
Illinois,2020,202003,Postpartum visits,"9,540",14.5,
Illinois,2020,202003,Prenatal bundled payments,347,0.5,
Illinois,2020,202003,Prenatal visits,"43,956",66.7,
Illinois,2020,202004,Postpartum bundled payments,243,0.4,
Illinois,2020,202004,Postpartum visits,"5,943",8.8,Unusable
Illinois,2020,202004,Prenatal bundled payments,358,0.5,
Illinois,2020,202004,Prenatal visits,"37,524",55.4,Unusable
Illinois,2020,202005,Postpartum bundled payments,205,0.3,Unusable
Illinois,2020,202005,Postpartum visits,"4,259",6.2,Unusable
Illinois,2020,202005,Prenatal bundled payments,128,0.2,Unusable
Illinois,2020,202005,Prenatal visits,"17,415",25.2,Unusable
Illinois,2020,202006,Postpartum bundled payments,278,0.4,
Illinois,2020,202006,Postpartum visits,"10,210",14.6,
Illinois,2020,202006,Prenatal bundled payments,310,0.4,
Illinois,2020,202006,Prenatal visits,"36,819",52.7,
Illinois,2020,202007,Postpartum bundled payments,349,0.5,
Illinois,2020,202007,Postpartum visits,"13,541",19.1,
Illinois,2020,202007,Prenatal bundled payments,508,0.7,
Illinois,2020,202007,Prenatal visits,"49,505",69.8,
Illinois,2020,202008,Postpartum bundled payments,316,0.4,
Illinois,2020,202008,Postpartum visits,"13,075",18.1,
Illinois,2020,202008,Prenatal bundled payments,447,0.6,
Illinois,2020,202008,Prenatal visits,"45,678",63.2,
Illinois,2020,202009,Postpartum bundled payments,295,0.4,
Illinois,2020,202009,Postpartum visits,"14,060",19.2,
Illinois,2020,202009,Prenatal bundled payments,486,0.7,
Illinois,2020,202009,Prenatal visits,"46,513",63.4,
Illinois,2020,202010,Postpartum bundled payments,331,0.4,
Illinois,2020,202010,Postpartum visits,"14,454",19.4,
Illinois,2020,202010,Prenatal bundled payments,512,0.7,
Illinois,2020,202010,Prenatal visits,"45,651",61.4,
Illinois,2020,202011,Postpartum bundled payments,328,0.4,
Illinois,2020,202011,Postpartum visits,"12,242",16.2,
Illinois,2020,202011,Prenatal bundled payments,424,0.6,
Illinois,2020,202011,Prenatal visits,"41,506",54.8,
Illinois,2020,202012,Postpartum bundled payments,304,0.4,
Illinois,2020,202012,Postpartum visits,"12,529",16.2,
Illinois,2020,202012,Prenatal bundled payments,540,0.7,
Illinois,2020,202012,Prenatal visits,"46,429",60.1,
Illinois,2021,202101,Postpartum bundled payments,294,0.4,
Illinois,2021,202101,Postpartum visits,"12,944",16.4,
Illinois,2021,202101,Prenatal bundled payments,492,0.6,
Illinois,2021,202101,Prenatal visits,"44,220",56.1,
Illinois,2021,202102,Postpartum bundled payments,272,0.3,
Illinois,2021,202102,Postpartum visits,"12,695",16.0,
Illinois,2021,202102,Prenatal bundled payments,425,0.5,
Illinois,2021,202102,Prenatal visits,"42,999",54.1,
Illinois,2021,202103,Postpartum bundled payments,270,0.3,
Illinois,2021,202103,Postpartum visits,"14,971",18.7,
Illinois,2021,202103,Prenatal bundled payments,542,0.7,
Illinois,2021,202103,Prenatal visits,"50,339",62.9,
Illinois,2021,202104,Postpartum bundled payments,256,0.3,
Illinois,2021,202104,Postpartum visits,"13,706",17.0,
Illinois,2021,202104,Prenatal bundled payments,527,0.7,
Illinois,2021,202104,Prenatal visits,"48,271",59.8,
Illinois,2021,202105,Postpartum bundled payments,268,0.3,
Illinois,2021,202105,Postpartum visits,"12,551",15.5,
Illinois,2021,202105,Prenatal bundled payments,504,0.6,
Illinois,2021,202105,Prenatal visits,"44,682",55.3,
Illinois,2021,202106,Postpartum bundled payments,318,0.4,
Illinois,2021,202106,Postpartum visits,"13,632",16.7,
Illinois,2021,202106,Prenatal bundled payments,505,0.6,
Illinois,2021,202106,Prenatal visits,"49,345",60.6,
Illinois,2021,202107,Postpartum bundled payments,335,0.4,
Illinois,2021,202107,Postpartum visits,"13,044",15.9,
Illinois,2021,202107,Prenatal bundled payments,274,0.3,
Illinois,2021,202107,Prenatal visits,"46,652",56.7,
Illinois,2021,202108,Postpartum bundled payments,309,0.4,
Illinois,2021,202108,Postpartum visits,"14,412",17.4,
Illinois,2021,202108,Prenatal bundled payments,256,0.3,
Illinois,2021,202108,Prenatal visits,"47,427",57.1,
Illinois,2021,202109,Postpartum bundled payments,316,0.4,
Illinois,2021,202109,Postpartum visits,"14,439",17.3,
Illinois,2021,202109,Prenatal bundled payments,221,0.3,
Illinois,2021,202109,Prenatal visits,"46,377",55.4,
Illinois,2021,202110,Postpartum bundled payments,304,0.4,
Illinois,2021,202110,Postpartum visits,"13,998",16.6,
Illinois,2021,202110,Prenatal bundled payments,242,0.3,
Illinois,2021,202110,Prenatal visits,"42,974",51.0,
Illinois,2021,202111,Postpartum bundled payments,258,0.3,
Illinois,2021,202111,Postpartum visits,"13,442",15.8,
Illinois,2021,202111,Prenatal bundled payments,219,0.3,
Illinois,2021,202111,Prenatal visits,"43,447",51.1,
Illinois,2021,202112,Postpartum bundled payments,290,0.3,
Illinois,2021,202112,Postpartum visits,"12,477",14.5,
Illinois,2021,202112,Prenatal bundled payments,250,0.3,
Illinois,2021,202112,Prenatal visits,"44,141",51.5,
Illinois,2022,202201,Postpartum bundled payments,289,0.3,
Illinois,2022,202201,Postpartum visits,"13,660",15.7,
Illinois,2022,202201,Prenatal bundled payments,215,0.2,
Illinois,2022,202201,Prenatal visits,"43,881",50.4,
Illinois,2022,202202,Postpartum bundled payments,261,0.3,
Illinois,2022,202202,Postpartum visits,"13,152",15.1,
Illinois,2022,202202,Prenatal bundled payments,218,0.2,
Illinois,2022,202202,Prenatal visits,"41,459",47.4,
Illinois,2022,202203,Postpartum bundled payments,287,0.3,
Illinois,2022,202203,Postpartum visits,"16,053",18.3,
Illinois,2022,202203,Prenatal bundled payments,246,0.3,
Illinois,2022,202203,Prenatal visits,"48,645",55.4,
Illinois,2022,202204,Postpartum bundled payments,241,0.3,
Illinois,2022,202204,Postpartum visits,"14,319",16.2,
Illinois,2022,202204,Prenatal bundled payments,275,0.3,
Illinois,2022,202204,Prenatal visits,"44,052",49.9,
Illinois,2022,202205,Postpartum bundled payments,252,0.3,
Illinois,2022,202205,Postpartum visits,"14,516",16.3,
Illinois,2022,202205,Prenatal bundled payments,259,0.3,
Illinois,2022,202205,Prenatal visits,"45,573",51.3,
Illinois,2022,202206,Postpartum bundled payments,254,0.3,
Illinois,2022,202206,Postpartum visits,"14,892",16.7,
Illinois,2022,202206,Prenatal bundled payments,245,0.3,
Illinois,2022,202206,Prenatal visits,"47,138",52.7,
Illinois,2022,202207,Postpartum bundled payments,275,0.3,
Illinois,2022,202207,Postpartum visits,"13,722",15.2,
Illinois,2022,202207,Prenatal bundled payments,244,0.3,
Illinois,2022,202207,Prenatal visits,"42,253",46.9,
Illinois,2022,202208,Postpartum bundled payments,277,0.3,
Illinois,2022,202208,Postpartum visits,"16,680",18.4,
Illinois,2022,202208,Prenatal bundled payments,250,0.3,
Illinois,2022,202208,Prenatal visits,"47,865",52.7,
Illinois,2022,202209,Postpartum bundled payments,285,0.3,
Illinois,2022,202209,Postpartum visits,"15,202",16.6,
Illinois,2022,202209,Prenatal bundled payments,248,0.3,
Illinois,2022,202209,Prenatal visits,"43,719",47.8,
Illinois,2022,202210,Postpartum bundled payments,283,0.3,
Illinois,2022,202210,Postpartum visits,"15,239",16.6,
Illinois,2022,202210,Prenatal bundled payments,210,0.2,
Illinois,2022,202210,Prenatal visits,"41,874",45.5,
Illinois,2022,202211,Postpartum bundled payments,296,0.3,
Illinois,2022,202211,Postpartum visits,"14,686",15.8,
Illinois,2022,202211,Prenatal bundled payments,198,0.2,
Illinois,2022,202211,Prenatal visits,"42,219",45.5,
Illinois,2022,202212,Postpartum bundled payments,288,0.3,
Illinois,2022,202212,Postpartum visits,"14,229",15.2,
Illinois,2022,202212,Prenatal bundled payments,208,0.2,
Illinois,2022,202212,Prenatal visits,"40,144",42.9,
Indiana,2018,201801,Postpartum bundled payments,34,0.1,
Indiana,2018,201801,Postpartum visits,"6,689",19.8,
Indiana,2018,201801,Prenatal bundled payments,"18,944",56.0,
Indiana,2018,201801,Prenatal visits,"6,546",19.3,
Indiana,2018,201802,Postpartum bundled payments,17,0.1,
Indiana,2018,201802,Postpartum visits,"6,142",18.2,
Indiana,2018,201802,Prenatal bundled payments,"17,186",50.8,
Indiana,2018,201802,Prenatal visits,"6,284",18.6,
Indiana,2018,201803,Postpartum bundled payments,18,0.1,
Indiana,2018,201803,Postpartum visits,"6,966",20.5,
Indiana,2018,201803,Prenatal bundled payments,"19,149",56.3,
Indiana,2018,201803,Prenatal visits,"7,125",21.0,
Indiana,2018,201804,Postpartum bundled payments,21,0.1,
Indiana,2018,201804,Postpartum visits,"6,739",20.0,
Indiana,2018,201804,Prenatal bundled payments,"18,531",54.9,
Indiana,2018,201804,Prenatal visits,"6,857",20.3,
Indiana,2018,201805,Postpartum bundled payments,29,0.1,
Indiana,2018,201805,Postpartum visits,"6,995",20.9,
Indiana,2018,201805,Prenatal bundled payments,"20,458",61.1,
Indiana,2018,201805,Prenatal visits,"7,319",21.8,
Indiana,2018,201806,Postpartum bundled payments,30,0.1,
Indiana,2018,201806,Postpartum visits,"5,991",18.0,
Indiana,2018,201806,Prenatal bundled payments,"18,059",54.4,
Indiana,2018,201806,Prenatal visits,"6,848",20.6,
Indiana,2018,201807,Postpartum bundled payments,27,0.1,
Indiana,2018,201807,Postpartum visits,"5,946",18.0,
Indiana,2018,201807,Prenatal bundled payments,"18,874",57.1,
Indiana,2018,201807,Prenatal visits,"6,916",20.9,
Indiana,2018,201808,Postpartum bundled payments,34,0.1,
Indiana,2018,201808,Postpartum visits,"6,715",20.3,
Indiana,2018,201808,Prenatal bundled payments,"19,723",59.7,
Indiana,2018,201808,Prenatal visits,"7,221",21.9,
Indiana,2018,201809,Postpartum bundled payments,20,0.1,
Indiana,2018,201809,Postpartum visits,"5,718",17.5,
Indiana,2018,201809,Prenatal bundled payments,"16,904",51.8,
Indiana,2018,201809,Prenatal visits,"6,315",19.4,
Indiana,2018,201810,Postpartum bundled payments,18,0.1,
Indiana,2018,201810,Postpartum visits,"6,667",20.7,
Indiana,2018,201810,Prenatal bundled payments,"19,520",60.6,
Indiana,2018,201810,Prenatal visits,"7,049",21.9,
Indiana,2018,201811,Postpartum bundled payments,14,0.0,
Indiana,2018,201811,Postpartum visits,"5,737",17.9,
Indiana,2018,201811,Prenatal bundled payments,"18,277",57.1,
Indiana,2018,201811,Prenatal visits,"6,537",20.4,
Indiana,2018,201812,Postpartum bundled payments,12,0.0,
Indiana,2018,201812,Postpartum visits,"4,281",9.5,
Indiana,2018,201812,Prenatal bundled payments,"15,775",35.1,
Indiana,2018,201812,Prenatal visits,"5,829",13.0,
Indiana,2019,201901,Postpartum bundled payments,DS,DS,
Indiana,2019,201901,Postpartum visits,"4,790",15.0,
Indiana,2019,201901,Prenatal bundled payments,"14,485",45.5,
Indiana,2019,201901,Prenatal visits,"6,122",19.2,
Indiana,2019,201902,Postpartum bundled payments,DS,DS,
Indiana,2019,201902,Postpartum visits,"4,521",14.1,
Indiana,2019,201902,Prenatal bundled payments,"12,926",40.2,
Indiana,2019,201902,Prenatal visits,"5,485",17.1,
Indiana,2019,201903,Postpartum bundled payments,DS,DS,
Indiana,2019,201903,Postpartum visits,"4,460",13.8,
Indiana,2019,201903,Prenatal bundled payments,"12,412",38.4,
Indiana,2019,201903,Prenatal visits,"5,688",17.6,
Indiana,2019,201904,Postpartum bundled payments,DS,DS,
Indiana,2019,201904,Postpartum visits,"4,851",15.0,
Indiana,2019,201904,Prenatal bundled payments,"13,864",42.8,
Indiana,2019,201904,Prenatal visits,"5,974",18.4,
Indiana,2019,201905,Postpartum bundled payments,12,0.0,
Indiana,2019,201905,Postpartum visits,"5,012",15.5,
Indiana,2019,201905,Prenatal bundled payments,"14,065",43.5,
Indiana,2019,201905,Prenatal visits,"5,868",18.1,
Indiana,2019,201906,Postpartum bundled payments,DS,DS,
Indiana,2019,201906,Postpartum visits,"4,276",13.2,
Indiana,2019,201906,Prenatal bundled payments,"12,693",39.3,
Indiana,2019,201906,Prenatal visits,"5,573",17.3,
Indiana,2019,201907,Postpartum bundled payments,DS,DS,
Indiana,2019,201907,Postpartum visits,"4,624",14.3,
Indiana,2019,201907,Prenatal bundled payments,"14,362",44.4,
Indiana,2019,201907,Prenatal visits,"6,201",19.2,
Indiana,2019,201908,Postpartum bundled payments,DS,DS,
Indiana,2019,201908,Postpartum visits,"5,022",15.5,
Indiana,2019,201908,Prenatal bundled payments,"14,453",44.7,
Indiana,2019,201908,Prenatal visits,"6,260",19.3,
Indiana,2019,201909,Postpartum bundled payments,DS,DS,
Indiana,2019,201909,Postpartum visits,"4,946",15.2,
Indiana,2019,201909,Prenatal bundled payments,"14,964",46.1,
Indiana,2019,201909,Prenatal visits,"5,638",17.4,
Indiana,2019,201910,Postpartum bundled payments,DS,DS,
Indiana,2019,201910,Postpartum visits,"5,644",17.3,
Indiana,2019,201910,Prenatal bundled payments,"17,836",54.7,
Indiana,2019,201910,Prenatal visits,"6,170",18.9,
Indiana,2019,201911,Postpartum bundled payments,DS,DS,
Indiana,2019,201911,Postpartum visits,"4,774",14.7,
Indiana,2019,201911,Prenatal bundled payments,"15,783",48.5,
Indiana,2019,201911,Prenatal visits,"5,471",16.8,
Indiana,2019,201912,Postpartum bundled payments,DS,DS,
Indiana,2019,201912,Postpartum visits,"4,633",10.8,
Indiana,2019,201912,Prenatal bundled payments,"17,006",39.6,
Indiana,2019,201912,Prenatal visits,"5,865",13.7,
Indiana,2020,202001,Postpartum bundled payments,DS,DS,
Indiana,2020,202001,Postpartum visits,"5,787",17.6,
Indiana,2020,202001,Prenatal bundled payments,"18,151",55.2,
Indiana,2020,202001,Prenatal visits,"6,741",20.5,
Indiana,2020,202002,Postpartum bundled payments,DS,DS,
Indiana,2020,202002,Postpartum visits,"5,157",15.5,
Indiana,2020,202002,Prenatal bundled payments,"16,157",48.5,
Indiana,2020,202002,Prenatal visits,"5,831",17.5,
Indiana,2020,202003,Postpartum bundled payments,11,0.0,
Indiana,2020,202003,Postpartum visits,"4,081",11.8,
Indiana,2020,202003,Prenatal bundled payments,"17,339",50.1,
Indiana,2020,202003,Prenatal visits,"5,747",16.6,
Indiana,2020,202004,Postpartum bundled payments,DS,DS,
Indiana,2020,202004,Postpartum visits,"2,991",8.3,
Indiana,2020,202004,Prenatal bundled payments,"18,406",51.3,
Indiana,2020,202004,Prenatal visits,"5,903",16.4,
Indiana,2020,202005,Postpartum bundled payments,DS,DS,
Indiana,2020,202005,Postpartum visits,"4,124",11.1,
Indiana,2020,202005,Prenatal bundled payments,"18,247",49.3,
Indiana,2020,202005,Prenatal visits,"6,123",16.5,
Indiana,2020,202006,Postpartum bundled payments,DS,DS,
Indiana,2020,202006,Postpartum visits,"6,399",16.7,
Indiana,2020,202006,Prenatal bundled payments,"20,603",53.8,
Indiana,2020,202006,Prenatal visits,"6,695",17.5,
Indiana,2020,202007,Postpartum bundled payments,13,0.0,
Indiana,2020,202007,Postpartum visits,"6,731",17.1,
Indiana,2020,202007,Prenatal bundled payments,"21,142",53.7,
Indiana,2020,202007,Prenatal visits,"6,875",17.5,
Indiana,2020,202008,Postpartum bundled payments,12,0.0,
Indiana,2020,202008,Postpartum visits,"7,078",17.5,
Indiana,2020,202008,Prenatal bundled payments,"19,731",48.9,
Indiana,2020,202008,Prenatal visits,"6,552",16.2,
Indiana,2020,202009,Postpartum bundled payments,12,0.0,
Indiana,2020,202009,Postpartum visits,"7,416",18.0,
Indiana,2020,202009,Prenatal bundled payments,"20,433",49.6,
Indiana,2020,202009,Prenatal visits,"6,624",16.1,
Indiana,2020,202010,Postpartum bundled payments,DS,DS,
Indiana,2020,202010,Postpartum visits,"7,341",17.5,
Indiana,2020,202010,Prenatal bundled payments,"19,644",46.9,
Indiana,2020,202010,Prenatal visits,"6,938",16.6,
Indiana,2020,202011,Postpartum bundled payments,DS,DS,
Indiana,2020,202011,Postpartum visits,"6,507",15.3,
Indiana,2020,202011,Prenatal bundled payments,"18,368",43.1,
Indiana,2020,202011,Prenatal visits,"6,286",14.7,
Indiana,2020,202012,Postpartum bundled payments,11,0.0,
Indiana,2020,202012,Postpartum visits,"6,498",14.4,
Indiana,2020,202012,Prenatal bundled payments,"20,966",46.5,
Indiana,2020,202012,Prenatal visits,"6,878",15.3,
Indiana,2021,202101,Postpartum bundled payments,DS,DS,
Indiana,2021,202101,Postpartum visits,"7,317",16.6,
Indiana,2021,202101,Prenatal bundled payments,"19,971",45.3,
Indiana,2021,202101,Prenatal visits,"7,171",16.3,
Indiana,2021,202102,Postpartum bundled payments,11,0.0,
Indiana,2021,202102,Postpartum visits,"6,854",15.4,
Indiana,2021,202102,Prenatal bundled payments,"19,520",43.7,
Indiana,2021,202102,Prenatal visits,"6,737",15.1,
Indiana,2021,202103,Postpartum bundled payments,12,0.0,
Indiana,2021,202103,Postpartum visits,"8,378",18.5,
Indiana,2021,202103,Prenatal bundled payments,"23,507",51.9,
Indiana,2021,202103,Prenatal visits,"7,986",17.6,
Indiana,2021,202104,Postpartum bundled payments,DS,DS,
Indiana,2021,202104,Postpartum visits,"7,683",16.7,
Indiana,2021,202104,Prenatal bundled payments,"22,684",49.4,
Indiana,2021,202104,Prenatal visits,"7,986",17.4,
Indiana,2021,202105,Postpartum bundled payments,DS,DS,
Indiana,2021,202105,Postpartum visits,"7,456",16.1,
Indiana,2021,202105,Prenatal bundled payments,"21,526",46.4,
Indiana,2021,202105,Prenatal visits,"7,487",16.1,
Indiana,2021,202106,Postpartum bundled payments,DS,DS,
Indiana,2021,202106,Postpartum visits,"7,820",16.7,
Indiana,2021,202106,Prenatal bundled payments,"24,451",52.1,
Indiana,2021,202106,Prenatal visits,"7,975",17.0,
Indiana,2021,202107,Postpartum bundled payments,DS,DS,
Indiana,2021,202107,Postpartum visits,"7,110",15.0,
Indiana,2021,202107,Prenatal bundled payments,"22,167",46.6,
Indiana,2021,202107,Prenatal visits,"11,027",23.2,
Indiana,2021,202108,Postpartum bundled payments,DS,DS,
Indiana,2021,202108,Postpartum visits,"8,206",17.1,
Indiana,2021,202108,Prenatal bundled payments,"22,562",46.9,
Indiana,2021,202108,Prenatal visits,"11,340",23.6,
Indiana,2021,202109,Postpartum bundled payments,DS,DS,
Indiana,2021,202109,Postpartum visits,"7,791",16.0,
Indiana,2021,202109,Prenatal bundled payments,"22,581",46.4,
Indiana,2021,202109,Prenatal visits,"10,978",22.6,
Indiana,2021,202110,Postpartum bundled payments,12,0.0,
Indiana,2021,202110,Postpartum visits,"7,568",15.4,
Indiana,2021,202110,Prenatal bundled payments,"20,720",42.2,
Indiana,2021,202110,Prenatal visits,"10,644",21.7,
Indiana,2021,202111,Postpartum bundled payments,DS,DS,
Indiana,2021,202111,Postpartum visits,"7,575",15.3,
Indiana,2021,202111,Prenatal bundled payments,"21,118",42.6,
Indiana,2021,202111,Prenatal visits,"10,756",21.7,
Indiana,2021,202112,Postpartum bundled payments,DS,DS,
Indiana,2021,202112,Postpartum visits,"6,846",13.3,
Indiana,2021,202112,Prenatal bundled payments,"21,205",41.2,
Indiana,2021,202112,Prenatal visits,"10,676",20.7,
Indiana,2022,202201,Postpartum bundled payments,DS,DS,
Indiana,2022,202201,Postpartum visits,"7,511",14.8,
Indiana,2022,202201,Prenatal bundled payments,"20,628",40.7,
Indiana,2022,202201,Prenatal visits,"11,294",22.3,
Indiana,2022,202202,Postpartum bundled payments,11,0.0,
Indiana,2022,202202,Postpartum visits,"6,888",13.5,
Indiana,2022,202202,Prenatal bundled payments,"19,112",37.4,
Indiana,2022,202202,Prenatal visits,"10,024",19.6,
Indiana,2022,202203,Postpartum bundled payments,DS,DS,
Indiana,2022,202203,Postpartum visits,"8,692",16.8,
Indiana,2022,202203,Prenatal bundled payments,"22,917",44.4,
Indiana,2022,202203,Prenatal visits,"12,321",23.9,
Indiana,2022,202204,Postpartum bundled payments,11,0.0,
Indiana,2022,202204,Postpartum visits,"8,023",15.4,
Indiana,2022,202204,Prenatal bundled payments,"20,622",39.6,
Indiana,2022,202204,Prenatal visits,"11,366",21.8,
Indiana,2022,202205,Postpartum bundled payments,DS,DS,
Indiana,2022,202205,Postpartum visits,"8,388",16.0,
Indiana,2022,202205,Prenatal bundled payments,"21,681",41.3,
Indiana,2022,202205,Prenatal visits,"11,817",22.5,
Indiana,2022,202206,Postpartum bundled payments,DS,DS,
Indiana,2022,202206,Postpartum visits,"8,035",15.2,
Indiana,2022,202206,Prenatal bundled payments,"22,906",43.3,
Indiana,2022,202206,Prenatal visits,"11,911",22.5,
Indiana,2022,202207,Postpartum bundled payments,12,0.0,
Indiana,2022,202207,Postpartum visits,"7,195",13.5,
Indiana,2022,202207,Prenatal bundled payments,"20,944",39.3,
Indiana,2022,202207,Prenatal visits,"11,358",21.3,
Indiana,2022,202208,Postpartum bundled payments,12,0.0,
Indiana,2022,202208,Postpartum visits,"8,920",16.6,
Indiana,2022,202208,Prenatal bundled payments,"23,550",43.7,
Indiana,2022,202208,Prenatal visits,"12,710",23.6,
Indiana,2022,202209,Postpartum bundled payments,DS,DS,
Indiana,2022,202209,Postpartum visits,"8,240",15.2,
Indiana,2022,202209,Prenatal bundled payments,"22,056",40.6,
Indiana,2022,202209,Prenatal visits,"12,139",22.3,
Indiana,2022,202210,Postpartum bundled payments,20,0.0,
Indiana,2022,202210,Postpartum visits,"8,035",14.7,
Indiana,2022,202210,Prenatal bundled payments,"21,406",39.1,
Indiana,2022,202210,Prenatal visits,"11,795",21.5,
Indiana,2022,202211,Postpartum bundled payments,16,0.0,
Indiana,2022,202211,Postpartum visits,"7,949",14.4,
Indiana,2022,202211,Prenatal bundled payments,"22,442",40.6,
Indiana,2022,202211,Prenatal visits,"12,078",21.8,
Indiana,2022,202212,Postpartum bundled payments,15,0.0,
Indiana,2022,202212,Postpartum visits,"7,175",12.6,
Indiana,2022,202212,Prenatal bundled payments,"21,480",37.7,
Indiana,2022,202212,Prenatal visits,"11,643",20.4,
Iowa,2018,201801,Postpartum bundled payments,"1,027",6.6,
Iowa,2018,201801,Postpartum visits,"2,575",16.6,
Iowa,2018,201801,Prenatal bundled payments,"1,123",7.3,
Iowa,2018,201801,Prenatal visits,"6,571",42.5,
Iowa,2018,201802,Postpartum bundled payments,971,6.3,
Iowa,2018,201802,Postpartum visits,"2,341",15.1,
Iowa,2018,201802,Prenatal bundled payments,"1,050",6.8,
Iowa,2018,201802,Prenatal visits,"5,738",37.0,
Iowa,2018,201803,Postpartum bundled payments,"1,054",6.8,
Iowa,2018,201803,Postpartum visits,"2,601",16.7,
Iowa,2018,201803,Prenatal bundled payments,"1,142",7.3,
Iowa,2018,201803,Prenatal visits,"6,443",41.4,
Iowa,2018,201804,Postpartum bundled payments,941,6.0,
Iowa,2018,201804,Postpartum visits,"2,596",16.6,
Iowa,2018,201804,Prenatal bundled payments,967,6.2,
Iowa,2018,201804,Prenatal visits,"6,170",39.6,
Iowa,2018,201805,Postpartum bundled payments,"1,019",6.5,
Iowa,2018,201805,Postpartum visits,"2,756",17.6,
Iowa,2018,201805,Prenatal bundled payments,"1,108",7.1,
Iowa,2018,201805,Prenatal visits,"6,756",43.2,
Iowa,2018,201806,Postpartum bundled payments,944,6.0,
Iowa,2018,201806,Postpartum visits,"2,354",15.0,
Iowa,2018,201806,Prenatal bundled payments,992,6.3,
Iowa,2018,201806,Prenatal visits,"6,192",39.5,
Iowa,2018,201807,Postpartum bundled payments,"1,067",6.8,
Iowa,2018,201807,Postpartum visits,"2,374",15.1,
Iowa,2018,201807,Prenatal bundled payments,"1,084",6.9,
Iowa,2018,201807,Prenatal visits,"6,450",41.0,
Iowa,2018,201808,Postpartum bundled payments,"1,035",6.5,
Iowa,2018,201808,Postpartum visits,"2,624",16.6,
Iowa,2018,201808,Prenatal bundled payments,"1,102",7.0,
Iowa,2018,201808,Prenatal visits,"6,674",42.1,
Iowa,2018,201809,Postpartum bundled payments,912,5.8,
Iowa,2018,201809,Postpartum visits,"2,264",14.3,
Iowa,2018,201809,Prenatal bundled payments,"1,000",6.3,
Iowa,2018,201809,Prenatal visits,"5,849",36.9,
Iowa,2018,201810,Postpartum bundled payments,983,6.2,
Iowa,2018,201810,Postpartum visits,"2,673",16.9,
Iowa,2018,201810,Prenatal bundled payments,"1,014",6.4,
Iowa,2018,201810,Prenatal visits,"6,607",41.6,
Iowa,2018,201811,Postpartum bundled payments,919,5.8,
Iowa,2018,201811,Postpartum visits,"2,220",14.0,
Iowa,2018,201811,Prenatal bundled payments,976,6.1,
Iowa,2018,201811,Prenatal visits,"6,009",37.8,
Iowa,2018,201812,Postpartum bundled payments,928,5.8,
Iowa,2018,201812,Postpartum visits,"1,995",12.5,
Iowa,2018,201812,Prenatal bundled payments,"1,068",6.7,
Iowa,2018,201812,Prenatal visits,"5,630",35.4,
Iowa,2019,201901,Postpartum bundled payments,937,5.9,
Iowa,2019,201901,Postpartum visits,"2,453",15.4,
Iowa,2019,201901,Prenatal bundled payments,"1,024",6.4,
Iowa,2019,201901,Prenatal visits,"6,510",40.8,
Iowa,2019,201902,Postpartum bundled payments,950,6.0,
Iowa,2019,201902,Postpartum visits,"2,299",14.4,
Iowa,2019,201902,Prenatal bundled payments,"1,043",6.5,
Iowa,2019,201902,Prenatal visits,"5,877",36.9,
Iowa,2019,201903,Postpartum bundled payments,987,6.2,
Iowa,2019,201903,Postpartum visits,"2,329",14.6,
Iowa,2019,201903,Prenatal bundled payments,"1,072",6.7,
Iowa,2019,201903,Prenatal visits,"6,221",39.1,
Iowa,2019,201904,Postpartum bundled payments,957,6.0,
Iowa,2019,201904,Postpartum visits,"2,626",16.5,
Iowa,2019,201904,Prenatal bundled payments,"1,060",6.7,
Iowa,2019,201904,Prenatal visits,"6,465",40.6,
Iowa,2019,201905,Postpartum bundled payments,976,6.1,
Iowa,2019,201905,Postpartum visits,"2,482",15.5,
Iowa,2019,201905,Prenatal bundled payments,"1,082",6.8,
Iowa,2019,201905,Prenatal visits,"6,656",41.6,
Iowa,2019,201906,Postpartum bundled payments,945,5.9,
Iowa,2019,201906,Postpartum visits,"2,228",13.9,
Iowa,2019,201906,Prenatal bundled payments,"1,526",9.5,
Iowa,2019,201906,Prenatal visits,"6,024",37.7,
Iowa,2019,201907,Postpartum bundled payments,"1,024",6.4,
Iowa,2019,201907,Postpartum visits,"2,335",14.5,
Iowa,2019,201907,Prenatal bundled payments,"1,006",6.3,
Iowa,2019,201907,Prenatal visits,"6,997",43.6,
Iowa,2019,201908,Postpartum bundled payments,998,6.2,
Iowa,2019,201908,Postpartum visits,"2,374",14.7,
Iowa,2019,201908,Prenatal bundled payments,"1,131",7.0,
Iowa,2019,201908,Prenatal visits,"6,368",39.5,
Iowa,2019,201909,Postpartum bundled payments,999,6.2,
Iowa,2019,201909,Postpartum visits,"2,403",15.0,
Iowa,2019,201909,Prenatal bundled payments,"1,123",7.0,
Iowa,2019,201909,Prenatal visits,"5,928",36.9,
Iowa,2019,201910,Postpartum bundled payments,921,5.7,
Iowa,2019,201910,Postpartum visits,"2,552",15.9,
Iowa,2019,201910,Prenatal bundled payments,"1,052",6.5,
Iowa,2019,201910,Prenatal visits,"6,209",38.6,
Iowa,2019,201911,Postpartum bundled payments,837,5.2,
Iowa,2019,201911,Postpartum visits,"2,093",13.0,
Iowa,2019,201911,Prenatal bundled payments,979,6.1,
Iowa,2019,201911,Prenatal visits,"5,435",33.8,
Iowa,2019,201912,Postpartum bundled payments,950,5.9,
Iowa,2019,201912,Postpartum visits,"2,037",12.6,
Iowa,2019,201912,Prenatal bundled payments,"1,105",6.9,
Iowa,2019,201912,Prenatal visits,"5,985",37.2,
Iowa,2020,202001,Postpartum bundled payments,"1,036",6.4,
Iowa,2020,202001,Postpartum visits,"2,389",14.8,
Iowa,2020,202001,Prenatal bundled payments,"1,173",7.3,
Iowa,2020,202001,Prenatal visits,"6,480",40.2,
Iowa,2020,202002,Postpartum bundled payments,916,5.7,
Iowa,2020,202002,Postpartum visits,"2,244",14.0,
Iowa,2020,202002,Prenatal bundled payments,"1,040",6.5,
Iowa,2020,202002,Prenatal visits,"5,939",37.1,
Iowa,2020,202003,Postpartum bundled payments,941,5.9,
Iowa,2020,202003,Postpartum visits,"1,849",11.6,
Iowa,2020,202003,Prenatal bundled payments,"1,058",6.6,
Iowa,2020,202003,Prenatal visits,"5,707",35.7,
Iowa,2020,202004,Postpartum bundled payments,846,5.2,
Iowa,2020,202004,Postpartum visits,"1,017",6.2,
Iowa,2020,202004,Prenatal bundled payments,961,5.9,
Iowa,2020,202004,Prenatal visits,"5,164",31.7,
Iowa,2020,202005,Postpartum bundled payments,963,5.8,
Iowa,2020,202005,Postpartum visits,"1,482",9.0,
Iowa,2020,202005,Prenatal bundled payments,"1,083",6.6,
Iowa,2020,202005,Prenatal visits,"5,389",32.6,
Iowa,2020,202006,Postpartum bundled payments,881,5.2,
Iowa,2020,202006,Postpartum visits,"2,265",13.5,
Iowa,2020,202006,Prenatal bundled payments,"1,036",6.2,
Iowa,2020,202006,Prenatal visits,"5,983",35.6,
Iowa,2020,202007,Postpartum bundled payments,948,5.5,
Iowa,2020,202007,Postpartum visits,"2,333",13.6,
Iowa,2020,202007,Prenatal bundled payments,"1,112",6.5,
Iowa,2020,202007,Prenatal visits,"5,971",34.9,
Iowa,2020,202008,Postpartum bundled payments,985,5.7,
Iowa,2020,202008,Postpartum visits,"2,298",13.2,
Iowa,2020,202008,Prenatal bundled payments,"1,110",6.4,
Iowa,2020,202008,Prenatal visits,"5,624",32.4,
Iowa,2020,202009,Postpartum bundled payments,981,5.6,
Iowa,2020,202009,Postpartum visits,"2,580",14.6,
Iowa,2020,202009,Prenatal bundled payments,"1,150",6.5,
Iowa,2020,202009,Prenatal visits,"5,737",32.5,
Iowa,2020,202010,Postpartum bundled payments,852,4.8,
Iowa,2020,202010,Postpartum visits,"2,560",14.3,
Iowa,2020,202010,Prenatal bundled payments,999,5.6,
Iowa,2020,202010,Prenatal visits,"5,874",32.9,
Iowa,2020,202011,Postpartum bundled payments,876,4.8,
Iowa,2020,202011,Postpartum visits,"2,173",12.0,
Iowa,2020,202011,Prenatal bundled payments,"1,012",5.6,
Iowa,2020,202011,Prenatal visits,"5,576",30.7,
Iowa,2020,202012,Postpartum bundled payments,917,5.0,
Iowa,2020,202012,Postpartum visits,"2,214",12.0,
Iowa,2020,202012,Prenatal bundled payments,"1,104",6.0,
Iowa,2020,202012,Prenatal visits,"6,226",33.8,
Iowa,2021,202101,Postpartum bundled payments,911,4.9,
Iowa,2021,202101,Postpartum visits,"2,473",13.3,
Iowa,2021,202101,Prenatal bundled payments,"1,058",5.7,
Iowa,2021,202101,Prenatal visits,"6,250",33.5,
Iowa,2021,202102,Postpartum bundled payments,889,4.7,
Iowa,2021,202102,Postpartum visits,"2,492",13.2,
Iowa,2021,202102,Prenatal bundled payments,"1,031",5.5,
Iowa,2021,202102,Prenatal visits,"5,859",31.1,
Iowa,2021,202103,Postpartum bundled payments,887,4.7,
Iowa,2021,202103,Postpartum visits,"2,804",14.7,
Iowa,2021,202103,Prenatal bundled payments,"1,093",5.7,
Iowa,2021,202103,Prenatal visits,"6,854",36.0,
Iowa,2021,202104,Postpartum bundled payments,851,4.4,
Iowa,2021,202104,Postpartum visits,"2,587",13.4,
Iowa,2021,202104,Prenatal bundled payments,"1,029",5.3,
Iowa,2021,202104,Prenatal visits,"6,484",33.7,
Iowa,2021,202105,Postpartum bundled payments,873,4.5,
Iowa,2021,202105,Postpartum visits,"2,325",12.0,
Iowa,2021,202105,Prenatal bundled payments,"1,030",5.3,
Iowa,2021,202105,Prenatal visits,"6,416",33.1,
Iowa,2021,202106,Postpartum bundled payments,959,4.9,
Iowa,2021,202106,Postpartum visits,"2,487",12.7,
Iowa,2021,202106,Prenatal bundled payments,"1,140",5.8,
Iowa,2021,202106,Prenatal visits,"6,812",34.9,
Iowa,2021,202107,Postpartum bundled payments,"1,006",5.1,
Iowa,2021,202107,Postpartum visits,"2,346",11.9,
Iowa,2021,202107,Prenatal bundled payments,"1,147",5.8,
Iowa,2021,202107,Prenatal visits,"6,422",32.6,
Iowa,2021,202108,Postpartum bundled payments,963,4.8,
Iowa,2021,202108,Postpartum visits,"2,483",12.5,
Iowa,2021,202108,Prenatal bundled payments,"1,138",5.7,
Iowa,2021,202108,Prenatal visits,"6,728",33.8,
Iowa,2021,202109,Postpartum bundled payments,950,4.8,
Iowa,2021,202109,Postpartum visits,"2,482",12.4,
Iowa,2021,202109,Prenatal bundled payments,"1,111",5.6,
Iowa,2021,202109,Prenatal visits,"6,483",32.4,
Iowa,2021,202110,Postpartum bundled payments,880,4.4,
Iowa,2021,202110,Postpartum visits,"2,474",12.3,
Iowa,2021,202110,Prenatal bundled payments,"1,042",5.2,
Iowa,2021,202110,Prenatal visits,"6,192",30.8,
Iowa,2021,202111,Postpartum bundled payments,892,4.4,
Iowa,2021,202111,Postpartum visits,"2,379",11.8,
Iowa,2021,202111,Prenatal bundled payments,"1,053",5.2,
Iowa,2021,202111,Prenatal visits,"6,376",31.5,
Iowa,2021,202112,Postpartum bundled payments,904,4.4,
Iowa,2021,202112,Postpartum visits,"2,078",10.2,
Iowa,2021,202112,Prenatal bundled payments,"1,083",5.3,
Iowa,2021,202112,Prenatal visits,"6,439",31.6,
Iowa,2022,202201,Postpartum bundled payments,970,4.7,
Iowa,2022,202201,Postpartum visits,"2,271",11.1,
Iowa,2022,202201,Prenatal bundled payments,"1,127",5.5,
Iowa,2022,202201,Prenatal visits,"6,686",32.6,
Iowa,2022,202202,Postpartum bundled payments,791,3.8,
Iowa,2022,202202,Postpartum visits,"2,280",11.1,
Iowa,2022,202202,Prenatal bundled payments,939,4.6,
Iowa,2022,202202,Prenatal visits,"6,315",30.6,
Iowa,2022,202203,Postpartum bundled payments,902,4.4,
Iowa,2022,202203,Postpartum visits,"2,671",12.9,
Iowa,2022,202203,Prenatal bundled payments,"1,116",5.4,
Iowa,2022,202203,Prenatal visits,"7,022",33.9,
Iowa,2022,202204,Postpartum bundled payments,890,4.3,
Iowa,2022,202204,Postpartum visits,"2,662",12.8,
Iowa,2022,202204,Prenatal bundled payments,"1,062",5.1,
Iowa,2022,202204,Prenatal visits,"6,680",32.0,
Iowa,2022,202205,Postpartum bundled payments,854,4.1,
Iowa,2022,202205,Postpartum visits,"2,610",12.5,
Iowa,2022,202205,Prenatal bundled payments,"1,048",5.0,
Iowa,2022,202205,Prenatal visits,"6,829",32.6,
Iowa,2022,202206,Postpartum bundled payments,871,4.1,
Iowa,2022,202206,Postpartum visits,"2,543",12.1,
Iowa,2022,202206,Prenatal bundled payments,"1,130",5.4,
Iowa,2022,202206,Prenatal visits,"7,309",34.7,
Iowa,2022,202207,Postpartum bundled payments,960,4.5,
Iowa,2022,202207,Postpartum visits,"2,278",10.7,
Iowa,2022,202207,Prenatal bundled payments,"1,187",5.6,
Iowa,2022,202207,Prenatal visits,"6,694",31.6,
Iowa,2022,202208,Postpartum bundled payments,951,4.4,
Iowa,2022,202208,Postpartum visits,"2,837",13.3,
Iowa,2022,202208,Prenatal bundled payments,"1,156",5.4,
Iowa,2022,202208,Prenatal visits,"7,302",34.2,
Iowa,2022,202209,Postpartum bundled payments,870,4.0,
Iowa,2022,202209,Postpartum visits,"2,613",12.1,
Iowa,2022,202209,Prenatal bundled payments,"1,102",5.1,
Iowa,2022,202209,Prenatal visits,"6,973",32.4,
Iowa,2022,202210,Postpartum bundled payments,866,4.0,
Iowa,2022,202210,Postpartum visits,"2,738",12.6,
Iowa,2022,202210,Prenatal bundled payments,"1,059",4.9,
Iowa,2022,202210,Prenatal visits,"6,976",32.2,
Iowa,2022,202211,Postpartum bundled payments,868,4.0,
Iowa,2022,202211,Postpartum visits,"2,509",11.5,
Iowa,2022,202211,Prenatal bundled payments,"1,080",4.9,
Iowa,2022,202211,Prenatal visits,"7,011",32.1,
Iowa,2022,202212,Postpartum bundled payments,878,4.0,
Iowa,2022,202212,Postpartum visits,"2,406",10.9,
Iowa,2022,202212,Prenatal bundled payments,"1,105",5.0,
Iowa,2022,202212,Prenatal visits,"6,737",30.7,
Kansas,2018,201801,Postpartum bundled payments,786,10.1,Unusable
Kansas,2018,201801,Postpartum visits,"1,733",22.3,Unusable
Kansas,2018,201801,Prenatal bundled payments,757,9.7,Unusable
Kansas,2018,201801,Prenatal visits,"2,967",38.1,Unusable
Kansas,2018,201802,Postpartum bundled payments,739,9.4,
Kansas,2018,201802,Postpartum visits,"1,585",20.3,
Kansas,2018,201802,Prenatal bundled payments,710,9.1,
Kansas,2018,201802,Prenatal visits,"2,557",32.7,
Kansas,2018,201803,Postpartum bundled payments,775,10.0,Unusable
Kansas,2018,201803,Postpartum visits,"1,648",21.3,Unusable
Kansas,2018,201803,Prenatal bundled payments,788,10.2,Unusable
Kansas,2018,201803,Prenatal visits,"2,657",34.4,Unusable
Kansas,2018,201804,Postpartum bundled payments,710,9.3,Unusable
Kansas,2018,201804,Postpartum visits,"1,590",20.8,Unusable
Kansas,2018,201804,Prenatal bundled payments,684,8.9,Unusable
Kansas,2018,201804,Prenatal visits,"2,655",34.7,Unusable
Kansas,2018,201805,Postpartum bundled payments,761,10.0,Unusable
Kansas,2018,201805,Postpartum visits,"1,591",20.9,Unusable
Kansas,2018,201805,Prenatal bundled payments,768,10.1,Unusable
Kansas,2018,201805,Prenatal visits,"2,822",37.0,Unusable
Kansas,2018,201806,Postpartum bundled payments,809,10.6,Unusable
Kansas,2018,201806,Postpartum visits,"1,479",19.5,Unusable
Kansas,2018,201806,Prenatal bundled payments,784,10.3,Unusable
Kansas,2018,201806,Prenatal visits,"2,710",35.7,Unusable
Kansas,2018,201807,Postpartum bundled payments,823,10.9,
Kansas,2018,201807,Postpartum visits,"1,506",19.9,
Kansas,2018,201807,Prenatal bundled payments,809,10.7,
Kansas,2018,201807,Prenatal visits,"2,768",36.6,
Kansas,2018,201808,Postpartum bundled payments,899,11.9,
Kansas,2018,201808,Postpartum visits,"1,723",22.8,
Kansas,2018,201808,Prenatal bundled payments,890,11.8,
Kansas,2018,201808,Prenatal visits,"2,882",38.1,
Kansas,2018,201809,Postpartum bundled payments,817,10.8,
Kansas,2018,201809,Postpartum visits,"1,464",19.4,
Kansas,2018,201809,Prenatal bundled payments,808,10.7,
Kansas,2018,201809,Prenatal visits,"2,540",33.6,
Kansas,2018,201810,Postpartum bundled payments,807,10.7,
Kansas,2018,201810,Postpartum visits,"1,749",23.1,
Kansas,2018,201810,Prenatal bundled payments,797,10.5,
Kansas,2018,201810,Prenatal visits,"2,959",39.1,
Kansas,2018,201811,Postpartum bundled payments,797,10.6,
Kansas,2018,201811,Postpartum visits,"1,502",20.0,
Kansas,2018,201811,Prenatal bundled payments,780,10.4,
Kansas,2018,201811,Prenatal visits,"2,555",33.9,
Kansas,2018,201812,Postpartum bundled payments,803,10.6,
Kansas,2018,201812,Postpartum visits,"1,440",19.1,
Kansas,2018,201812,Prenatal bundled payments,974,12.9,
Kansas,2018,201812,Prenatal visits,"2,545",33.7,
Kansas,2019,201901,Postpartum bundled payments,854,11.4,
Kansas,2019,201901,Postpartum visits,"1,719",22.9,
Kansas,2019,201901,Prenatal bundled payments,793,10.6,
Kansas,2019,201901,Prenatal visits,"2,973",39.6,
Kansas,2019,201902,Postpartum bundled payments,678,9.2,
Kansas,2019,201902,Postpartum visits,"1,467",19.9,
Kansas,2019,201902,Prenatal bundled payments,658,8.9,
Kansas,2019,201902,Prenatal visits,"2,627",35.6,
Kansas,2019,201903,Postpartum bundled payments,742,10.1,
Kansas,2019,201903,Postpartum visits,"1,581",21.4,
Kansas,2019,201903,Prenatal bundled payments,716,9.7,
Kansas,2019,201903,Prenatal visits,"2,828",38.3,
Kansas,2019,201904,Postpartum bundled payments,723,10.0,
Kansas,2019,201904,Postpartum visits,"1,608",22.2,
Kansas,2019,201904,Prenatal bundled payments,728,10.1,
Kansas,2019,201904,Prenatal visits,"2,953",40.8,
Kansas,2019,201905,Postpartum bundled payments,752,10.4,
Kansas,2019,201905,Postpartum visits,"1,686",23.4,
Kansas,2019,201905,Prenatal bundled payments,759,10.5,
Kansas,2019,201905,Prenatal visits,"2,832",39.2,
Kansas,2019,201906,Postpartum bundled payments,735,10.2,
Kansas,2019,201906,Postpartum visits,"1,451",20.2,
Kansas,2019,201906,Prenatal bundled payments,727,10.1,
Kansas,2019,201906,Prenatal visits,"2,659",37.0,
Kansas,2019,201907,Postpartum bundled payments,778,10.8,
Kansas,2019,201907,Postpartum visits,"1,582",21.9,
Kansas,2019,201907,Prenatal bundled payments,769,10.7,
Kansas,2019,201907,Prenatal visits,"2,894",40.1,
Kansas,2019,201908,Postpartum bundled payments,831,11.5,
Kansas,2019,201908,Postpartum visits,"1,746",24.1,
Kansas,2019,201908,Prenatal bundled payments,812,11.2,
Kansas,2019,201908,Prenatal visits,"2,946",40.7,
Kansas,2019,201909,Postpartum bundled payments,785,10.9,
Kansas,2019,201909,Postpartum visits,"1,609",22.3,
Kansas,2019,201909,Prenatal bundled payments,793,11.0,
Kansas,2019,201909,Prenatal visits,"2,801",38.8,
Kansas,2019,201910,Postpartum bundled payments,759,10.5,
Kansas,2019,201910,Postpartum visits,"1,817",25.2,
Kansas,2019,201910,Prenatal bundled payments,748,10.4,
Kansas,2019,201910,Prenatal visits,"2,809",38.9,
Kansas,2019,201911,Postpartum bundled payments,745,10.3,
Kansas,2019,201911,Postpartum visits,"1,520",21.1,
Kansas,2019,201911,Prenatal bundled payments,720,10.0,
Kansas,2019,201911,Prenatal visits,"2,505",34.8,
Kansas,2019,201912,Postpartum bundled payments,842,11.7,
Kansas,2019,201912,Postpartum visits,"1,445",20.1,
Kansas,2019,201912,Prenatal bundled payments,842,11.7,
Kansas,2019,201912,Prenatal visits,"2,637",36.6,
Kansas,2020,202001,Postpartum bundled payments,821,11.4,
Kansas,2020,202001,Postpartum visits,"1,643",22.8,
Kansas,2020,202001,Prenatal bundled payments,815,11.3,
Kansas,2020,202001,Prenatal visits,"3,055",42.4,
Kansas,2020,202002,Postpartum bundled payments,749,10.5,
Kansas,2020,202002,Postpartum visits,"1,453",20.3,
Kansas,2020,202002,Prenatal bundled payments,722,10.1,
Kansas,2020,202002,Prenatal visits,"2,560",35.8,
Kansas,2020,202003,Postpartum bundled payments,750,10.5,
Kansas,2020,202003,Postpartum visits,"1,342",18.7,
Kansas,2020,202003,Prenatal bundled payments,719,10.0,
Kansas,2020,202003,Prenatal visits,"2,629",36.7,
Kansas,2020,202004,Postpartum bundled payments,792,10.8,
Kansas,2020,202004,Postpartum visits,"1,103",15.0,
Kansas,2020,202004,Prenatal bundled payments,773,10.5,
Kansas,2020,202004,Prenatal visits,"2,525",34.3,
Kansas,2020,202005,Postpartum bundled payments,784,10.4,
Kansas,2020,202005,Postpartum visits,"1,192",15.8,
Kansas,2020,202005,Prenatal bundled payments,745,9.9,
Kansas,2020,202005,Prenatal visits,"2,576",34.1,
Kansas,2020,202006,Postpartum bundled payments,765,9.9,
Kansas,2020,202006,Postpartum visits,"1,636",21.1,
Kansas,2020,202006,Prenatal bundled payments,764,9.9,
Kansas,2020,202006,Prenatal visits,"2,904",37.5,
Kansas,2020,202007,Postpartum bundled payments,801,10.1,
Kansas,2020,202007,Postpartum visits,"1,668",21.0,
Kansas,2020,202007,Prenatal bundled payments,773,9.7,
Kansas,2020,202007,Prenatal visits,"3,110",39.2,
Kansas,2020,202008,Postpartum bundled payments,785,9.7,
Kansas,2020,202008,Postpartum visits,"1,627",20.1,
Kansas,2020,202008,Prenatal bundled payments,727,9.0,
Kansas,2020,202008,Prenatal visits,"2,852",35.2,
Kansas,2020,202009,Postpartum bundled payments,790,9.6,
Kansas,2020,202009,Postpartum visits,"1,637",19.8,
Kansas,2020,202009,Prenatal bundled payments,742,9.0,
Kansas,2020,202009,Prenatal visits,"2,820",34.1,
Kansas,2020,202010,Postpartum bundled payments,777,9.2,
Kansas,2020,202010,Postpartum visits,"1,724",20.4,
Kansas,2020,202010,Prenatal bundled payments,744,8.8,
Kansas,2020,202010,Prenatal visits,"2,940",34.8,
Kansas,2020,202011,Postpartum bundled payments,739,8.6,
Kansas,2020,202011,Postpartum visits,"1,525",17.7,
Kansas,2020,202011,Prenatal bundled payments,703,8.2,
Kansas,2020,202011,Prenatal visits,"2,583",30.0,
Kansas,2020,202012,Postpartum bundled payments,795,9.0,
Kansas,2020,202012,Postpartum visits,"1,546",17.6,
Kansas,2020,202012,Prenatal bundled payments,766,8.7,
Kansas,2020,202012,Prenatal visits,"2,766",31.4,
Kansas,2021,202101,Postpartum bundled payments,800,8.9,
Kansas,2021,202101,Postpartum visits,"1,553",17.3,
Kansas,2021,202101,Prenatal bundled payments,743,8.3,
Kansas,2021,202101,Prenatal visits,"2,764",30.9,
Kansas,2021,202102,Postpartum bundled payments,717,7.9,
Kansas,2021,202102,Postpartum visits,"1,506",16.5,
Kansas,2021,202102,Prenatal bundled payments,701,7.7,
Kansas,2021,202102,Prenatal visits,"2,755",30.2,
Kansas,2021,202103,Postpartum bundled payments,788,8.5,
Kansas,2021,202103,Postpartum visits,"1,912",20.6,
Kansas,2021,202103,Prenatal bundled payments,783,8.4,
Kansas,2021,202103,Prenatal visits,"3,074",33.1,
Kansas,2021,202104,Postpartum bundled payments,763,8.1,
Kansas,2021,202104,Postpartum visits,"1,805",19.2,
Kansas,2021,202104,Prenatal bundled payments,742,7.9,
Kansas,2021,202104,Prenatal visits,"2,949",31.4,
Kansas,2021,202105,Postpartum bundled payments,725,7.6,
Kansas,2021,202105,Postpartum visits,"1,634",17.2,
Kansas,2021,202105,Prenatal bundled payments,688,7.2,
Kansas,2021,202105,Prenatal visits,"2,956",31.0,
Kansas,2021,202106,Postpartum bundled payments,772,8.0,
Kansas,2021,202106,Postpartum visits,"1,773",18.3,
Kansas,2021,202106,Prenatal bundled payments,809,8.3,
Kansas,2021,202106,Prenatal visits,"3,261",33.7,
Kansas,2021,202107,Postpartum bundled payments,814,8.3,
Kansas,2021,202107,Postpartum visits,"1,698",17.3,
Kansas,2021,202107,Prenatal bundled payments,790,8.1,
Kansas,2021,202107,Prenatal visits,"2,994",30.5,
Kansas,2021,202108,Postpartum bundled payments,832,8.3,
Kansas,2021,202108,Postpartum visits,"1,838",18.4,
Kansas,2021,202108,Prenatal bundled payments,804,8.1,
Kansas,2021,202108,Prenatal visits,"3,123",31.3,
Kansas,2021,202109,Postpartum bundled payments,866,8.6,
Kansas,2021,202109,Postpartum visits,"1,743",17.2,
Kansas,2021,202109,Prenatal bundled payments,840,8.3,
Kansas,2021,202109,Prenatal visits,"2,954",29.2,
Kansas,2021,202110,Postpartum bundled payments,787,7.7,
Kansas,2021,202110,Postpartum visits,"1,707",16.6,
Kansas,2021,202110,Prenatal bundled payments,744,7.3,
Kansas,2021,202110,Prenatal visits,"2,857",27.9,
Kansas,2021,202111,Postpartum bundled payments,703,6.8,
Kansas,2021,202111,Postpartum visits,"1,622",15.6,
Kansas,2021,202111,Prenatal bundled payments,688,6.6,
Kansas,2021,202111,Prenatal visits,"2,882",27.7,
Kansas,2021,202112,Postpartum bundled payments,776,7.4,
Kansas,2021,202112,Postpartum visits,"1,526",14.5,
Kansas,2021,202112,Prenatal bundled payments,788,7.5,
Kansas,2021,202112,Prenatal visits,"2,913",27.7,
Kansas,2022,202201,Postpartum bundled payments,725,6.8,
Kansas,2022,202201,Postpartum visits,"1,543",14.4,
Kansas,2022,202201,Prenatal bundled payments,681,6.4,
Kansas,2022,202201,Prenatal visits,"2,813",26.3,
Kansas,2022,202202,Postpartum bundled payments,681,6.3,
Kansas,2022,202202,Postpartum visits,"1,467",13.5,
Kansas,2022,202202,Prenatal bundled payments,649,6.0,
Kansas,2022,202202,Prenatal visits,"2,682",24.8,
Kansas,2022,202203,Postpartum bundled payments,723,6.6,
Kansas,2022,202203,Postpartum visits,"1,833",16.7,
Kansas,2022,202203,Prenatal bundled payments,699,6.4,
Kansas,2022,202203,Prenatal visits,"3,233",29.5,
Kansas,2022,202204,Postpartum bundled payments,643,5.8,
Kansas,2022,202204,Postpartum visits,"1,729",15.6,
Kansas,2022,202204,Prenatal bundled payments,615,5.6,
Kansas,2022,202204,Prenatal visits,"2,925",26.4,
Kansas,2022,202205,Postpartum bundled payments,698,6.2,
Kansas,2022,202205,Postpartum visits,"1,766",15.8,
Kansas,2022,202205,Prenatal bundled payments,700,6.3,
Kansas,2022,202205,Prenatal visits,"3,166",28.3,
Kansas,2022,202206,Postpartum bundled payments,705,6.2,
Kansas,2022,202206,Postpartum visits,"1,765",15.6,
Kansas,2022,202206,Prenatal bundled payments,706,6.2,
Kansas,2022,202206,Prenatal visits,"3,257",28.8,
Kansas,2022,202207,Postpartum bundled payments,682,6.0,
Kansas,2022,202207,Postpartum visits,"1,705",14.9,
Kansas,2022,202207,Prenatal bundled payments,634,5.5,
Kansas,2022,202207,Prenatal visits,"2,980",26.0,
Kansas,2022,202208,Postpartum bundled payments,827,7.2,
Kansas,2022,202208,Postpartum visits,"2,098",18.1,
Kansas,2022,202208,Prenatal bundled payments,784,6.8,
Kansas,2022,202208,Prenatal visits,"3,356",29.0,
Kansas,2022,202209,Postpartum bundled payments,744,6.4,
Kansas,2022,202209,Postpartum visits,"1,895",16.2,
Kansas,2022,202209,Prenatal bundled payments,713,6.1,
Kansas,2022,202209,Prenatal visits,"3,115",26.6,
Kansas,2022,202210,Postpartum bundled payments,694,5.9,
Kansas,2022,202210,Postpartum visits,"1,896",16.1,
Kansas,2022,202210,Prenatal bundled payments,657,5.6,
Kansas,2022,202210,Prenatal visits,"2,980",25.3,
Kansas,2022,202211,Postpartum bundled payments,712,6.0,
Kansas,2022,202211,Postpartum visits,"1,806",15.2,
Kansas,2022,202211,Prenatal bundled payments,687,5.8,
Kansas,2022,202211,Prenatal visits,"3,111",26.1,
Kansas,2022,202212,Postpartum bundled payments,721,6.0,
Kansas,2022,202212,Postpartum visits,"1,682",14.0,
Kansas,2022,202212,Prenatal bundled payments,689,5.7,
Kansas,2022,202212,Prenatal visits,"2,935",24.4,
Kentucky,2018,201801,Postpartum bundled payments,547,1.4,
Kentucky,2018,201801,Postpartum visits,"7,672",19.4,
Kentucky,2018,201801,Prenatal bundled payments,59,0.1,
Kentucky,2018,201801,Prenatal visits,"26,806",67.9,
Kentucky,2018,201802,Postpartum bundled payments,506,1.3,
Kentucky,2018,201802,Postpartum visits,"7,486",18.9,
Kentucky,2018,201802,Prenatal bundled payments,57,0.1,
Kentucky,2018,201802,Prenatal visits,"23,618",59.8,
Kentucky,2018,201803,Postpartum bundled payments,654,1.7,
Kentucky,2018,201803,Postpartum visits,"8,248",20.8,
Kentucky,2018,201803,Prenatal bundled payments,49,0.1,
Kentucky,2018,201803,Prenatal visits,"26,053",65.8,
Kentucky,2018,201804,Postpartum bundled payments,594,1.5,
Kentucky,2018,201804,Postpartum visits,"7,498",19.1,
Kentucky,2018,201804,Prenatal bundled payments,48,0.1,
Kentucky,2018,201804,Prenatal visits,"25,076",64.0,
Kentucky,2018,201805,Postpartum bundled payments,615,1.6,
Kentucky,2018,201805,Postpartum visits,"8,230",21.0,
Kentucky,2018,201805,Prenatal bundled payments,51,0.1,
Kentucky,2018,201805,Prenatal visits,"27,870",71.1,
Kentucky,2018,201806,Postpartum bundled payments,601,1.5,
Kentucky,2018,201806,Postpartum visits,"7,066",18.0,
Kentucky,2018,201806,Prenatal bundled payments,65,0.2,
Kentucky,2018,201806,Prenatal visits,"25,221",64.4,
Kentucky,2018,201807,Postpartum bundled payments,665,1.7,
Kentucky,2018,201807,Postpartum visits,"7,596",19.4,
Kentucky,2018,201807,Prenatal bundled payments,67,0.2,
Kentucky,2018,201807,Prenatal visits,"26,513",67.7,
Kentucky,2018,201808,Postpartum bundled payments,704,1.8,
Kentucky,2018,201808,Postpartum visits,"8,550",21.8,
Kentucky,2018,201808,Prenatal bundled payments,75,0.2,
Kentucky,2018,201808,Prenatal visits,"28,064",71.7,
Kentucky,2018,201809,Postpartum bundled payments,645,1.7,
Kentucky,2018,201809,Postpartum visits,"7,290",18.7,
Kentucky,2018,201809,Prenatal bundled payments,52,0.1,
Kentucky,2018,201809,Prenatal visits,"23,641",60.6,
Kentucky,2018,201810,Postpartum bundled payments,681,1.7,
Kentucky,2018,201810,Postpartum visits,"8,181",21.0,
Kentucky,2018,201810,Prenatal bundled payments,70,0.2,
Kentucky,2018,201810,Prenatal visits,"26,894",69.0,
Kentucky,2018,201811,Postpartum bundled payments,630,1.6,
Kentucky,2018,201811,Postpartum visits,"7,127",18.3,
Kentucky,2018,201811,Prenatal bundled payments,55,0.1,
Kentucky,2018,201811,Prenatal visits,"24,423",62.6,
Kentucky,2018,201812,Postpartum bundled payments,564,1.4,
Kentucky,2018,201812,Postpartum visits,"6,233",16.0,
Kentucky,2018,201812,Prenatal bundled payments,69,0.2,
Kentucky,2018,201812,Prenatal visits,"22,575",57.9,
Kentucky,2019,201901,Postpartum bundled payments,659,1.7,
Kentucky,2019,201901,Postpartum visits,"8,179",20.7,
Kentucky,2019,201901,Prenatal bundled payments,106,0.3,
Kentucky,2019,201901,Prenatal visits,"26,719",67.5,
Kentucky,2019,201902,Postpartum bundled payments,546,1.4,
Kentucky,2019,201902,Postpartum visits,"7,767",19.6,
Kentucky,2019,201902,Prenatal bundled payments,66,0.2,
Kentucky,2019,201902,Prenatal visits,"23,469",59.3,
Kentucky,2019,201903,Postpartum bundled payments,564,1.4,
Kentucky,2019,201903,Postpartum visits,"7,986",20.2,
Kentucky,2019,201903,Prenatal bundled payments,69,0.2,
Kentucky,2019,201903,Prenatal visits,"24,243",61.3,
Kentucky,2019,201904,Postpartum bundled payments,549,1.4,
Kentucky,2019,201904,Postpartum visits,"8,001",20.2,
Kentucky,2019,201904,Prenatal bundled payments,63,0.2,
Kentucky,2019,201904,Prenatal visits,"25,823",65.3,
Kentucky,2019,201905,Postpartum bundled payments,552,1.4,
Kentucky,2019,201905,Postpartum visits,"8,136",20.6,
Kentucky,2019,201905,Prenatal bundled payments,75,0.2,
Kentucky,2019,201905,Prenatal visits,"26,886",68.0,
Kentucky,2019,201906,Postpartum bundled payments,479,1.2,
Kentucky,2019,201906,Postpartum visits,"7,270",18.4,
Kentucky,2019,201906,Prenatal bundled payments,54,0.1,
Kentucky,2019,201906,Prenatal visits,"24,106",60.9,
Kentucky,2019,201907,Postpartum bundled payments,652,1.6,
Kentucky,2019,201907,Postpartum visits,"8,071",20.4,
Kentucky,2019,201907,Prenatal bundled payments,77,0.2,
Kentucky,2019,201907,Prenatal visits,"27,453",69.3,
Kentucky,2019,201908,Postpartum bundled payments,685,1.7,
Kentucky,2019,201908,Postpartum visits,"8,391",21.2,
Kentucky,2019,201908,Prenatal bundled payments,65,0.2,
Kentucky,2019,201908,Prenatal visits,"26,545",66.9,
Kentucky,2019,201909,Postpartum bundled payments,625,1.6,
Kentucky,2019,201909,Postpartum visits,"7,683",19.4,
Kentucky,2019,201909,Prenatal bundled payments,68,0.2,
Kentucky,2019,201909,Prenatal visits,"24,400",61.6,
Kentucky,2019,201910,Postpartum bundled payments,594,1.5,
Kentucky,2019,201910,Postpartum visits,"8,167",20.7,
Kentucky,2019,201910,Prenatal bundled payments,51,0.1,
Kentucky,2019,201910,Prenatal visits,"26,260",66.4,
Kentucky,2019,201911,Postpartum bundled payments,533,1.4,
Kentucky,2019,201911,Postpartum visits,"6,537",16.6,
Kentucky,2019,201911,Prenatal bundled payments,48,0.1,
Kentucky,2019,201911,Prenatal visits,"22,779",57.8,
Kentucky,2019,201912,Postpartum bundled payments,588,1.5,
Kentucky,2019,201912,Postpartum visits,"6,428",16.3,
Kentucky,2019,201912,Prenatal bundled payments,67,0.2,
Kentucky,2019,201912,Prenatal visits,"23,582",59.9,
Kentucky,2020,202001,Postpartum bundled payments,612,1.6,
Kentucky,2020,202001,Postpartum visits,"8,065",20.5,
Kentucky,2020,202001,Prenatal bundled payments,93,0.2,
Kentucky,2020,202001,Prenatal visits,"25,855",65.8,
Kentucky,2020,202002,Postpartum bundled payments,534,1.4,
Kentucky,2020,202002,Postpartum visits,"7,242",18.4,
Kentucky,2020,202002,Prenatal bundled payments,50,0.1,
Kentucky,2020,202002,Prenatal visits,"22,826",58.1,
Kentucky,2020,202003,Postpartum bundled payments,551,1.4,
Kentucky,2020,202003,Postpartum visits,"5,877",14.9,
Kentucky,2020,202003,Prenatal bundled payments,51,0.1,
Kentucky,2020,202003,Prenatal visits,"23,751",60.4,
Kentucky,2020,202004,Postpartum bundled payments,524,1.3,
Kentucky,2020,202004,Postpartum visits,"3,509",8.8,
Kentucky,2020,202004,Prenatal bundled payments,50,0.1,
Kentucky,2020,202004,Prenatal visits,"22,759",57.1,
Kentucky,2020,202005,Postpartum bundled payments,512,1.3,
Kentucky,2020,202005,Postpartum visits,"5,422",13.5,
Kentucky,2020,202005,Prenatal bundled payments,50,0.1,
Kentucky,2020,202005,Prenatal visits,"22,890",57.0,
Kentucky,2020,202006,Postpartum bundled payments,586,1.4,
Kentucky,2020,202006,Postpartum visits,"7,889",19.4,
Kentucky,2020,202006,Prenatal bundled payments,73,0.2,
Kentucky,2020,202006,Prenatal visits,"26,140",64.1,
Kentucky,2020,202007,Postpartum bundled payments,599,1.4,
Kentucky,2020,202007,Postpartum visits,"8,706",21.1,
Kentucky,2020,202007,Prenatal bundled payments,71,0.2,
Kentucky,2020,202007,Prenatal visits,"26,541",64.2,
Kentucky,2020,202008,Postpartum bundled payments,549,1.3,
Kentucky,2020,202008,Postpartum visits,"8,389",20.1,
Kentucky,2020,202008,Prenatal bundled payments,61,0.1,
Kentucky,2020,202008,Prenatal visits,"25,285",60.6,
Kentucky,2020,202009,Postpartum bundled payments,600,1.4,
Kentucky,2020,202009,Postpartum visits,"8,979",21.3,
Kentucky,2020,202009,Prenatal bundled payments,66,0.2,
Kentucky,2020,202009,Prenatal visits,"25,806",61.3,
Kentucky,2020,202010,Postpartum bundled payments,634,1.5,
Kentucky,2020,202010,Postpartum visits,"8,686",20.7,
Kentucky,2020,202010,Prenatal bundled payments,77,0.2,
Kentucky,2020,202010,Prenatal visits,"25,216",60.0,
Kentucky,2020,202011,Postpartum bundled payments,520,1.2,
Kentucky,2020,202011,Postpartum visits,"7,347",17.5,
Kentucky,2020,202011,Prenatal bundled payments,61,0.1,
Kentucky,2020,202011,Prenatal visits,"23,420",55.7,
Kentucky,2020,202012,Postpartum bundled payments,605,1.4,
Kentucky,2020,202012,Postpartum visits,"7,468",17.8,
Kentucky,2020,202012,Prenatal bundled payments,69,0.2,
Kentucky,2020,202012,Prenatal visits,"26,079",62.2,
Kentucky,2021,202101,Postpartum bundled payments,556,1.3,
Kentucky,2021,202101,Postpartum visits,"8,211",19.5,
Kentucky,2021,202101,Prenatal bundled payments,44,0.1,
Kentucky,2021,202101,Prenatal visits,"24,585",58.3,
Kentucky,2021,202102,Postpartum bundled payments,496,1.2,
Kentucky,2021,202102,Postpartum visits,"7,072",16.7,
Kentucky,2021,202102,Prenatal bundled payments,45,0.1,
Kentucky,2021,202102,Prenatal visits,"21,962",51.9,
Kentucky,2021,202103,Postpartum bundled payments,564,1.3,
Kentucky,2021,202103,Postpartum visits,"9,797",23.1,
Kentucky,2021,202103,Prenatal bundled payments,48,0.1,
Kentucky,2021,202103,Prenatal visits,"27,446",64.7,
Kentucky,2021,202104,Postpartum bundled payments,534,1.3,
Kentucky,2021,202104,Postpartum visits,"8,452",19.9,
Kentucky,2021,202104,Prenatal bundled payments,42,0.1,
Kentucky,2021,202104,Prenatal visits,"25,862",60.7,
Kentucky,2021,202105,Postpartum bundled payments,539,1.3,
Kentucky,2021,202105,Postpartum visits,"7,748",18.1,
Kentucky,2021,202105,Prenatal bundled payments,41,0.1,
Kentucky,2021,202105,Prenatal visits,"24,649",57.7,
Kentucky,2021,202106,Postpartum bundled payments,606,1.4,
Kentucky,2021,202106,Postpartum visits,"8,116",19.0,
Kentucky,2021,202106,Prenatal bundled payments,38,0.1,
Kentucky,2021,202106,Prenatal visits,"27,659",64.6,
Kentucky,2021,202107,Postpartum bundled payments,637,1.6,
Kentucky,2021,202107,Postpartum visits,"7,894",19.4,
Kentucky,2021,202107,Prenatal bundled payments,43,0.1,
Kentucky,2021,202107,Prenatal visits,"25,782",63.4,
Kentucky,2021,202108,Postpartum bundled payments,635,1.6,
Kentucky,2021,202108,Postpartum visits,"8,291",20.4,
Kentucky,2021,202108,Prenatal bundled payments,44,0.1,
Kentucky,2021,202108,Prenatal visits,"25,549",62.8,
Kentucky,2021,202109,Postpartum bundled payments,649,1.6,
Kentucky,2021,202109,Postpartum visits,"8,027",19.7,
Kentucky,2021,202109,Prenatal bundled payments,43,0.1,
Kentucky,2021,202109,Prenatal visits,"24,536",60.3,
Kentucky,2021,202110,Postpartum bundled payments,586,1.4,
Kentucky,2021,202110,Postpartum visits,"7,962",19.5,
Kentucky,2021,202110,Prenatal bundled payments,34,0.1,
Kentucky,2021,202110,Prenatal visits,"22,886",56.1,
Kentucky,2021,202111,Postpartum bundled payments,587,1.4,
Kentucky,2021,202111,Postpartum visits,"7,803",19.1,
Kentucky,2021,202111,Prenatal bundled payments,35,0.1,
Kentucky,2021,202111,Prenatal visits,"23,635",57.9,
Kentucky,2021,202112,Postpartum bundled payments,608,1.5,
Kentucky,2021,202112,Postpartum visits,"7,042",17.2,
Kentucky,2021,202112,Prenatal bundled payments,28,0.1,
Kentucky,2021,202112,Prenatal visits,"23,685",57.9,
Kentucky,2022,202201,Postpartum bundled payments,601,1.5,
Kentucky,2022,202201,Postpartum visits,"7,254",17.5,
Kentucky,2022,202201,Prenatal bundled payments,21,0.1,
Kentucky,2022,202201,Prenatal visits,"22,646",54.7,
Kentucky,2022,202202,Postpartum bundled payments,543,1.3,
Kentucky,2022,202202,Postpartum visits,"7,391",17.8,
Kentucky,2022,202202,Prenatal bundled payments,23,0.1,
Kentucky,2022,202202,Prenatal visits,"22,200",53.6,
Kentucky,2022,202203,Postpartum bundled payments,551,1.3,
Kentucky,2022,202203,Postpartum visits,"9,159",22.1,
Kentucky,2022,202203,Prenatal bundled payments,23,0.1,
Kentucky,2022,202203,Prenatal visits,"26,311",63.4,
Kentucky,2022,202204,Postpartum bundled payments,533,1.3,
Kentucky,2022,202204,Postpartum visits,"7,797",18.7,
Kentucky,2022,202204,Prenatal bundled payments,21,0.1,
Kentucky,2022,202204,Prenatal visits,"23,352",56.1,
Kentucky,2022,202205,Postpartum bundled payments,548,1.3,
Kentucky,2022,202205,Postpartum visits,"8,311",19.9,
Kentucky,2022,202205,Prenatal bundled payments,36,0.1,
Kentucky,2022,202205,Prenatal visits,"24,689",59.2,
Kentucky,2022,202206,Postpartum bundled payments,559,1.3,
Kentucky,2022,202206,Postpartum visits,"8,410",20.1,
Kentucky,2022,202206,Prenatal bundled payments,28,0.1,
Kentucky,2022,202206,Prenatal visits,"26,466",63.3,
Kentucky,2022,202207,Postpartum bundled payments,623,1.5,
Kentucky,2022,202207,Postpartum visits,"7,543",18.0,
Kentucky,2022,202207,Prenatal bundled payments,31,0.1,
Kentucky,2022,202207,Prenatal visits,"24,228",57.8,
Kentucky,2022,202208,Postpartum bundled payments,666,1.6,
Kentucky,2022,202208,Postpartum visits,"9,764",23.2,
Kentucky,2022,202208,Prenatal bundled payments,36,0.1,
Kentucky,2022,202208,Prenatal visits,"27,522",65.4,
Kentucky,2022,202209,Postpartum bundled payments,576,1.4,
Kentucky,2022,202209,Postpartum visits,"8,563",20.3,
Kentucky,2022,202209,Prenatal bundled payments,30,0.1,
Kentucky,2022,202209,Prenatal visits,"25,119",59.6,
Kentucky,2022,202210,Postpartum bundled payments,601,1.4,
Kentucky,2022,202210,Postpartum visits,"8,008",18.9,
Kentucky,2022,202210,Prenatal bundled payments,35,0.1,
Kentucky,2022,202210,Prenatal visits,"23,679",56.0,
Kentucky,2022,202211,Postpartum bundled payments,540,1.3,
Kentucky,2022,202211,Postpartum visits,"8,203",19.4,
Kentucky,2022,202211,Prenatal bundled payments,32,0.1,
Kentucky,2022,202211,Prenatal visits,"24,958",58.9,
Kentucky,2022,202212,Postpartum bundled payments,548,1.3,
Kentucky,2022,202212,Postpartum visits,"7,344",17.3,
Kentucky,2022,202212,Prenatal bundled payments,26,0.1,
Kentucky,2022,202212,Prenatal visits,"23,084",54.3,
Louisiana,2018,201801,Postpartum bundled payments,107,0.3,Unusable
Louisiana,2018,201801,Postpartum visits,"10,006",25.0,Unusable
Louisiana,2018,201801,Prenatal bundled payments,102,0.3,Unusable
Louisiana,2018,201801,Prenatal visits,"35,017",87.5,Unusable
Louisiana,2018,201802,Postpartum bundled payments,94,0.2,Unusable
Louisiana,2018,201802,Postpartum visits,"9,353",23.3,Unusable
Louisiana,2018,201802,Prenatal bundled payments,87,0.2,Unusable
Louisiana,2018,201802,Prenatal visits,"31,270",78.0,Unusable
Louisiana,2018,201803,Postpartum bundled payments,91,0.2,Unusable
Louisiana,2018,201803,Postpartum visits,"10,531",26.2,Unusable
Louisiana,2018,201803,Prenatal bundled payments,86,0.2,Unusable
Louisiana,2018,201803,Prenatal visits,"34,408",85.6,Unusable
Louisiana,2018,201804,Postpartum bundled payments,79,0.2,Unusable
Louisiana,2018,201804,Postpartum visits,"10,368",25.8,Unusable
Louisiana,2018,201804,Prenatal bundled payments,76,0.2,Unusable
Louisiana,2018,201804,Prenatal visits,"33,961",84.5,Unusable
Louisiana,2018,201805,Postpartum bundled payments,93,0.2,Unusable
Louisiana,2018,201805,Postpartum visits,"10,061",25.1,Unusable
Louisiana,2018,201805,Prenatal bundled payments,89,0.2,Unusable
Louisiana,2018,201805,Prenatal visits,"37,146",92.5,Unusable
Louisiana,2018,201806,Postpartum bundled payments,93,0.2,Unusable
Louisiana,2018,201806,Postpartum visits,"9,608",24.0,Unusable
Louisiana,2018,201806,Prenatal bundled payments,105,0.3,Unusable
Louisiana,2018,201806,Prenatal visits,"34,100",85.2,Unusable
Louisiana,2018,201807,Postpartum bundled payments,109,0.3,Unusable
Louisiana,2018,201807,Postpartum visits,"9,898",24.7,Unusable
Louisiana,2018,201807,Prenatal bundled payments,199,0.5,Unusable
Louisiana,2018,201807,Prenatal visits,"35,933",89.7,Unusable
Louisiana,2018,201808,Postpartum bundled payments,119,0.3,
Louisiana,2018,201808,Postpartum visits,"10,893",27.1,
Louisiana,2018,201808,Prenatal bundled payments,190,0.5,
Louisiana,2018,201808,Prenatal visits,"37,769",94.0,
Louisiana,2018,201809,Postpartum bundled payments,99,0.2,
Louisiana,2018,201809,Postpartum visits,"8,981",22.3,
Louisiana,2018,201809,Prenatal bundled payments,164,0.4,
Louisiana,2018,201809,Prenatal visits,"31,996",79.6,
Louisiana,2018,201810,Postpartum bundled payments,110,0.3,
Louisiana,2018,201810,Postpartum visits,"10,707",26.5,
Louisiana,2018,201810,Prenatal bundled payments,166,0.4,
Louisiana,2018,201810,Prenatal visits,"36,790",91.2,
Louisiana,2018,201811,Postpartum bundled payments,110,0.3,
Louisiana,2018,201811,Postpartum visits,"8,717",21.3,
Louisiana,2018,201811,Prenatal bundled payments,151,0.4,
Louisiana,2018,201811,Prenatal visits,"32,868",80.5,
Louisiana,2018,201812,Postpartum bundled payments,81,0.2,
Louisiana,2018,201812,Postpartum visits,"7,995",19.4,
Louisiana,2018,201812,Prenatal bundled payments,121,0.3,
Louisiana,2018,201812,Prenatal visits,"29,948",72.6,
Louisiana,2019,201901,Postpartum bundled payments,108,0.3,
Louisiana,2019,201901,Postpartum visits,"11,003",26.4,
Louisiana,2019,201901,Prenatal bundled payments,144,0.3,
Louisiana,2019,201901,Prenatal visits,"36,118",86.8,
Louisiana,2019,201902,Postpartum bundled payments,98,0.2,
Louisiana,2019,201902,Postpartum visits,"9,721",23.3,
Louisiana,2019,201902,Prenatal bundled payments,133,0.3,
Louisiana,2019,201902,Prenatal visits,"31,083",74.6,
Louisiana,2019,201903,Postpartum bundled payments,87,0.2,
Louisiana,2019,201903,Postpartum visits,"9,193",21.9,
Louisiana,2019,201903,Prenatal bundled payments,113,0.3,
Louisiana,2019,201903,Prenatal visits,"31,440",75.0,
Louisiana,2019,201904,Postpartum bundled payments,95,0.2,
Louisiana,2019,201904,Postpartum visits,"9,300",23.1,
Louisiana,2019,201904,Prenatal bundled payments,124,0.3,
Louisiana,2019,201904,Prenatal visits,"34,195",85.1,
Louisiana,2019,201905,Postpartum bundled payments,93,0.2,
Louisiana,2019,201905,Postpartum visits,"9,477",23.7,
Louisiana,2019,201905,Prenatal bundled payments,114,0.3,
Louisiana,2019,201905,Prenatal visits,"35,506",88.7,
Louisiana,2019,201906,Postpartum bundled payments,73,0.2,
Louisiana,2019,201906,Postpartum visits,"8,635",21.8,
Louisiana,2019,201906,Prenatal bundled payments,101,0.3,
Louisiana,2019,201906,Prenatal visits,"32,428",81.8,
Louisiana,2019,201907,Postpartum bundled payments,102,0.3,
Louisiana,2019,201907,Postpartum visits,"9,084",23.0,
Louisiana,2019,201907,Prenatal bundled payments,114,0.3,
Louisiana,2019,201907,Prenatal visits,"36,993",93.8,
Louisiana,2019,201908,Postpartum bundled payments,107,0.3,
Louisiana,2019,201908,Postpartum visits,"10,062",25.3,
Louisiana,2019,201908,Prenatal bundled payments,107,0.3,
Louisiana,2019,201908,Prenatal visits,"36,238",91.1,
Louisiana,2019,201909,Postpartum bundled payments,100,0.2,
Louisiana,2019,201909,Postpartum visits,"9,443",23.6,
Louisiana,2019,201909,Prenatal bundled payments,95,0.2,
Louisiana,2019,201909,Prenatal visits,"34,252",85.5,
Louisiana,2019,201910,Postpartum bundled payments,91,0.2,
Louisiana,2019,201910,Postpartum visits,"10,575",26.6,
Louisiana,2019,201910,Prenatal bundled payments,87,0.2,
Louisiana,2019,201910,Prenatal visits,"36,962",92.8,
Louisiana,2019,201911,Postpartum bundled payments,84,0.2,
Louisiana,2019,201911,Postpartum visits,"7,842",20.0,
Louisiana,2019,201911,Prenatal bundled payments,78,0.2,
Louisiana,2019,201911,Prenatal visits,"30,147",76.9,
Louisiana,2019,201912,Postpartum bundled payments,93,0.2,
Louisiana,2019,201912,Postpartum visits,"7,592",19.2,
Louisiana,2019,201912,Prenatal bundled payments,84,0.2,
Louisiana,2019,201912,Prenatal visits,"32,140",81.5,
Louisiana,2020,202001,Postpartum bundled payments,96,0.2,
Louisiana,2020,202001,Postpartum visits,"10,079",25.3,
Louisiana,2020,202001,Prenatal bundled payments,88,0.2,
Louisiana,2020,202001,Prenatal visits,"34,587",86.7,
Louisiana,2020,202002,Postpartum bundled payments,96,0.2,
Louisiana,2020,202002,Postpartum visits,"8,497",21.6,
Louisiana,2020,202002,Prenatal bundled payments,89,0.2,
Louisiana,2020,202002,Prenatal visits,"29,476",74.9,
Louisiana,2020,202003,Postpartum bundled payments,102,0.3,
Louisiana,2020,202003,Postpartum visits,"6,819",17.2,
Louisiana,2020,202003,Prenatal bundled payments,93,0.2,
Louisiana,2020,202003,Prenatal visits,"32,626",82.4,
Louisiana,2020,202004,Postpartum bundled payments,87,0.2,
Louisiana,2020,202004,Postpartum visits,"3,152",7.8,
Louisiana,2020,202004,Prenatal bundled payments,81,0.2,
Louisiana,2020,202004,Prenatal visits,"30,476",75.3,
Louisiana,2020,202005,Postpartum bundled payments,81,0.2,
Louisiana,2020,202005,Postpartum visits,"6,219",15.1,
Louisiana,2020,202005,Prenatal bundled payments,97,0.2,
Louisiana,2020,202005,Prenatal visits,"30,723",74.6,
Louisiana,2020,202006,Postpartum bundled payments,106,0.3,
Louisiana,2020,202006,Postpartum visits,"9,805",23.4,
Louisiana,2020,202006,Prenatal bundled payments,136,0.3,
Louisiana,2020,202006,Prenatal visits,"35,245",84.1,
Louisiana,2020,202007,Postpartum bundled payments,94,0.2,
Louisiana,2020,202007,Postpartum visits,"10,159",23.9,
Louisiana,2020,202007,Prenatal bundled payments,101,0.2,
Louisiana,2020,202007,Prenatal visits,"36,425",85.6,
Louisiana,2020,202008,Postpartum bundled payments,104,0.2,
Louisiana,2020,202008,Postpartum visits,"9,316",21.6,
Louisiana,2020,202008,Prenatal bundled payments,102,0.2,
Louisiana,2020,202008,Prenatal visits,"33,075",76.7,
Louisiana,2020,202009,Postpartum bundled payments,107,0.2,
Louisiana,2020,202009,Postpartum visits,"10,566",24.2,
Louisiana,2020,202009,Prenatal bundled payments,100,0.2,
Louisiana,2020,202009,Prenatal visits,"34,792",79.7,
Louisiana,2020,202010,Postpartum bundled payments,108,0.2,
Louisiana,2020,202010,Postpartum visits,"10,927",24.8,
Louisiana,2020,202010,Prenatal bundled payments,104,0.2,
Louisiana,2020,202010,Prenatal visits,"33,843",76.7,
Louisiana,2020,202011,Postpartum bundled payments,97,0.2,
Louisiana,2020,202011,Postpartum visits,"9,341",20.9,
Louisiana,2020,202011,Prenatal bundled payments,95,0.2,
Louisiana,2020,202011,Prenatal visits,"31,861",71.4,
Louisiana,2020,202012,Postpartum bundled payments,81,0.2,
Louisiana,2020,202012,Postpartum visits,"9,887",21.9,
Louisiana,2020,202012,Prenatal bundled payments,76,0.2,
Louisiana,2020,202012,Prenatal visits,"34,560",76.5,
Louisiana,2021,202101,Postpartum bundled payments,98,0.2,
Louisiana,2021,202101,Postpartum visits,"10,532",23.1,
Louisiana,2021,202101,Prenatal bundled payments,91,0.2,
Louisiana,2021,202101,Prenatal visits,"32,244",70.8,
Louisiana,2021,202102,Postpartum bundled payments,110,0.2,
Louisiana,2021,202102,Postpartum visits,"9,448",20.6,
Louisiana,2021,202102,Prenatal bundled payments,103,0.2,
Louisiana,2021,202102,Prenatal visits,"29,626",64.6,
Louisiana,2021,202103,Postpartum bundled payments,99,0.2,
Louisiana,2021,202103,Postpartum visits,"12,448",26.9,
Louisiana,2021,202103,Prenatal bundled payments,89,0.2,
Louisiana,2021,202103,Prenatal visits,"37,131",80.3,
Louisiana,2021,202104,Postpartum bundled payments,83,0.2,
Louisiana,2021,202104,Postpartum visits,"10,220",22.0,
Louisiana,2021,202104,Prenatal bundled payments,80,0.2,
Louisiana,2021,202104,Prenatal visits,"34,100",73.3,
Louisiana,2021,202105,Postpartum bundled payments,79,0.2,
Louisiana,2021,202105,Postpartum visits,"9,448",20.2,
Louisiana,2021,202105,Prenatal bundled payments,75,0.2,
Louisiana,2021,202105,Prenatal visits,"32,989",70.5,
Louisiana,2021,202106,Postpartum bundled payments,108,0.2,
Louisiana,2021,202106,Postpartum visits,"10,712",22.8,
Louisiana,2021,202106,Prenatal bundled payments,106,0.2,
Louisiana,2021,202106,Prenatal visits,"37,313",79.3,
Louisiana,2021,202107,Postpartum bundled payments,97,0.2,
Louisiana,2021,202107,Postpartum visits,"10,131",21.4,
Louisiana,2021,202107,Prenatal bundled payments,94,0.2,
Louisiana,2021,202107,Prenatal visits,"34,412",72.7,
Louisiana,2021,202108,Postpartum bundled payments,102,0.2,
Louisiana,2021,202108,Postpartum visits,"10,001",21.0,
Louisiana,2021,202108,Prenatal bundled payments,98,0.2,
Louisiana,2021,202108,Prenatal visits,"33,454",70.3,
Louisiana,2021,202109,Postpartum bundled payments,88,0.2,
Louisiana,2021,202109,Postpartum visits,"9,194",19.2,
Louisiana,2021,202109,Prenatal bundled payments,84,0.2,
Louisiana,2021,202109,Prenatal visits,"32,476",67.9,
Louisiana,2021,202110,Postpartum bundled payments,98,0.2,
Louisiana,2021,202110,Postpartum visits,"10,937",22.8,
Louisiana,2021,202110,Prenatal bundled payments,92,0.2,
Louisiana,2021,202110,Prenatal visits,"32,014",66.6,
Louisiana,2021,202111,Postpartum bundled payments,98,0.2,
Louisiana,2021,202111,Postpartum visits,"10,412",21.6,
Louisiana,2021,202111,Prenatal bundled payments,93,0.2,
Louisiana,2021,202111,Prenatal visits,"32,482",67.3,
Louisiana,2021,202112,Postpartum bundled payments,107,0.2,
Louisiana,2021,202112,Postpartum visits,"9,563",19.7,
Louisiana,2021,202112,Prenatal bundled payments,103,0.2,
Louisiana,2021,202112,Prenatal visits,"32,464",66.9,
Louisiana,2022,202201,Postpartum bundled payments,100,0.2,
Louisiana,2022,202201,Postpartum visits,"10,143",20.8,
Louisiana,2022,202201,Prenatal bundled payments,93,0.2,
Louisiana,2022,202201,Prenatal visits,"31,250",64.0,
Louisiana,2022,202202,Postpartum bundled payments,81,0.2,
Louisiana,2022,202202,Postpartum visits,"9,949",20.3,
Louisiana,2022,202202,Prenatal bundled payments,76,0.2,
Louisiana,2022,202202,Prenatal visits,"30,069",61.4,
Louisiana,2022,202203,Postpartum bundled payments,82,0.2,
Louisiana,2022,202203,Postpartum visits,"11,639",23.7,
Louisiana,2022,202203,Prenatal bundled payments,72,0.1,
Louisiana,2022,202203,Prenatal visits,"34,508",70.2,
Louisiana,2022,202204,Postpartum bundled payments,88,0.2,
Louisiana,2022,202204,Postpartum visits,"10,112",20.5,
Louisiana,2022,202204,Prenatal bundled payments,85,0.2,
Louisiana,2022,202204,Prenatal visits,"31,105",63.1,
Louisiana,2022,202205,Postpartum bundled payments,94,0.2,
Louisiana,2022,202205,Postpartum visits,"10,535",21.3,
Louisiana,2022,202205,Prenatal bundled payments,89,0.2,
Louisiana,2022,202205,Prenatal visits,"33,859",68.3,
Louisiana,2022,202206,Postpartum bundled payments,91,0.2,
Louisiana,2022,202206,Postpartum visits,"10,675",21.5,
Louisiana,2022,202206,Prenatal bundled payments,84,0.2,
Louisiana,2022,202206,Prenatal visits,"35,645",71.7,
Louisiana,2022,202207,Postpartum bundled payments,92,0.2,
Louisiana,2022,202207,Postpartum visits,"9,989",20.0,
Louisiana,2022,202207,Prenatal bundled payments,86,0.2,
Louisiana,2022,202207,Prenatal visits,"32,772",65.6,
Louisiana,2022,202208,Postpartum bundled payments,106,0.2,
Louisiana,2022,202208,Postpartum visits,"12,039",24.0,
Louisiana,2022,202208,Prenatal bundled payments,97,0.2,
Louisiana,2022,202208,Prenatal visits,"37,474",74.7,
Louisiana,2022,202209,Postpartum bundled payments,91,0.2,
Louisiana,2022,202209,Postpartum visits,"10,627",21.1,
Louisiana,2022,202209,Prenatal bundled payments,87,0.2,
Louisiana,2022,202209,Prenatal visits,"33,983",67.5,
Louisiana,2022,202210,Postpartum bundled payments,78,0.2,
Louisiana,2022,202210,Postpartum visits,"10,696",21.2,
Louisiana,2022,202210,Prenatal bundled payments,72,0.1,
Louisiana,2022,202210,Prenatal visits,"32,671",64.6,
Louisiana,2022,202211,Postpartum bundled payments,79,0.2,
Louisiana,2022,202211,Postpartum visits,"10,209",20.1,
Louisiana,2022,202211,Prenatal bundled payments,76,0.1,
Louisiana,2022,202211,Prenatal visits,"32,612",64.2,
Louisiana,2022,202212,Postpartum bundled payments,68,0.1,
Louisiana,2022,202212,Postpartum visits,"9,237",18.1,
Louisiana,2022,202212,Prenatal bundled payments,66,0.1,
Louisiana,2022,202212,Prenatal visits,"28,896",56.6,
Maine,2018,201801,Postpartum bundled payments,281,5.2,
Maine,2018,201801,Postpartum visits,"1,138",20.9,
Maine,2018,201801,Prenatal bundled payments,297,5.5,
Maine,2018,201801,Prenatal visits,"2,767",50.9,
Maine,2018,201802,Postpartum bundled payments,206,3.8,
Maine,2018,201802,Postpartum visits,928,17.1,
Maine,2018,201802,Prenatal bundled payments,226,4.2,
Maine,2018,201802,Prenatal visits,"2,469",45.4,
Maine,2018,201803,Postpartum bundled payments,266,4.9,
Maine,2018,201803,Postpartum visits,"1,066",19.6,
Maine,2018,201803,Prenatal bundled payments,300,5.5,
Maine,2018,201803,Prenatal visits,"2,602",47.9,
Maine,2018,201804,Postpartum bundled payments,251,4.6,
Maine,2018,201804,Postpartum visits,"1,026",19.0,
Maine,2018,201804,Prenatal bundled payments,284,5.2,
Maine,2018,201804,Prenatal visits,"2,575",47.6,
Maine,2018,201805,Postpartum bundled payments,253,4.7,
Maine,2018,201805,Postpartum visits,"1,116",20.7,
Maine,2018,201805,Prenatal bundled payments,295,5.5,
Maine,2018,201805,Prenatal visits,"2,654",49.1,
Maine,2018,201806,Postpartum bundled payments,280,5.2,
Maine,2018,201806,Postpartum visits,"1,024",19.1,
Maine,2018,201806,Prenatal bundled payments,289,5.4,
Maine,2018,201806,Prenatal visits,"2,491",46.4,
Maine,2018,201807,Postpartum bundled payments,231,4.3,
Maine,2018,201807,Postpartum visits,956,17.7,
Maine,2018,201807,Prenatal bundled payments,274,5.1,
Maine,2018,201807,Prenatal visits,"2,705",50.1,
Maine,2018,201808,Postpartum bundled payments,276,5.1,
Maine,2018,201808,Postpartum visits,960,17.8,
Maine,2018,201808,Prenatal bundled payments,306,5.7,
Maine,2018,201808,Prenatal visits,"2,729",50.6,
Maine,2018,201809,Postpartum bundled payments,243,4.5,
Maine,2018,201809,Postpartum visits,897,16.7,
Maine,2018,201809,Prenatal bundled payments,250,4.6,
Maine,2018,201809,Prenatal visits,"2,320",43.1,
Maine,2018,201810,Postpartum bundled payments,231,4.3,
Maine,2018,201810,Postpartum visits,"1,053",19.5,
Maine,2018,201810,Prenatal bundled payments,236,4.4,
Maine,2018,201810,Prenatal visits,"2,510",46.5,
Maine,2018,201811,Postpartum bundled payments,232,4.3,
Maine,2018,201811,Postpartum visits,945,17.5,
Maine,2018,201811,Prenatal bundled payments,262,4.8,
Maine,2018,201811,Prenatal visits,"2,270",42.0,
Maine,2018,201812,Postpartum bundled payments,237,4.4,
Maine,2018,201812,Postpartum visits,808,14.9,
Maine,2018,201812,Prenatal bundled payments,248,4.6,
Maine,2018,201812,Prenatal visits,"2,066",38.0,
Maine,2019,201901,Postpartum bundled payments,250,4.6,
Maine,2019,201901,Postpartum visits,"1,121",20.5,
Maine,2019,201901,Prenatal bundled payments,276,5.0,
Maine,2019,201901,Prenatal visits,"2,517",45.9,
Maine,2019,201902,Postpartum bundled payments,202,3.6,
Maine,2019,201902,Postpartum visits,917,16.3,
Maine,2019,201902,Prenatal bundled payments,223,4.0,
Maine,2019,201902,Prenatal visits,"2,111",37.6,
Maine,2019,201903,Postpartum bundled payments,245,4.3,
Maine,2019,201903,Postpartum visits,"1,164",20.4,
Maine,2019,201903,Prenatal bundled payments,273,4.8,
Maine,2019,201903,Prenatal visits,"2,350",41.1,
Maine,2019,201904,Postpartum bundled payments,194,3.4,
Maine,2019,201904,Postpartum visits,"1,084",18.7,
Maine,2019,201904,Prenatal bundled payments,233,4.0,
Maine,2019,201904,Prenatal visits,"2,324",40.2,
Maine,2019,201905,Postpartum bundled payments,264,4.5,
Maine,2019,201905,Postpartum visits,"1,174",20.1,
Maine,2019,201905,Prenatal bundled payments,306,5.2,
Maine,2019,201905,Prenatal visits,"2,639",45.1,
Maine,2019,201906,Postpartum bundled payments,227,3.8,
Maine,2019,201906,Postpartum visits,"1,102",18.7,
Maine,2019,201906,Prenatal bundled payments,246,4.2,
Maine,2019,201906,Prenatal visits,"2,313",39.2,
Maine,2019,201907,Postpartum bundled payments,256,4.3,
Maine,2019,201907,Postpartum visits,"1,162",19.4,
Maine,2019,201907,Prenatal bundled payments,290,4.8,
Maine,2019,201907,Prenatal visits,"2,512",41.9,
Maine,2019,201908,Postpartum bundled payments,243,4.0,
Maine,2019,201908,Postpartum visits,"1,118",18.4,
Maine,2019,201908,Prenatal bundled payments,298,4.9,
Maine,2019,201908,Prenatal visits,"2,453",40.4,
Maine,2019,201909,Postpartum bundled payments,218,3.6,
Maine,2019,201909,Postpartum visits,"1,081",17.7,
Maine,2019,201909,Prenatal bundled payments,247,4.1,
Maine,2019,201909,Prenatal visits,"2,389",39.2,
Maine,2019,201910,Postpartum bundled payments,247,4.0,
Maine,2019,201910,Postpartum visits,"1,252",20.4,
Maine,2019,201910,Prenatal bundled payments,253,4.1,
Maine,2019,201910,Prenatal visits,"2,670",43.6,
Maine,2019,201911,Postpartum bundled payments,231,3.7,
Maine,2019,201911,Postpartum visits,970,15.7,
Maine,2019,201911,Prenatal bundled payments,205,3.3,
Maine,2019,201911,Prenatal visits,"2,299",37.2,
Maine,2019,201912,Postpartum bundled payments,228,3.7,
Maine,2019,201912,Postpartum visits,963,15.4,
Maine,2019,201912,Prenatal bundled payments,220,3.5,
Maine,2019,201912,Prenatal visits,"2,326",37.3,
Maine,2020,202001,Postpartum bundled payments,211,3.4,
Maine,2020,202001,Postpartum visits,"1,263",20.2,
Maine,2020,202001,Prenatal bundled payments,197,3.1,
Maine,2020,202001,Prenatal visits,"2,564",40.9,
Maine,2020,202002,Postpartum bundled payments,213,3.4,
Maine,2020,202002,Postpartum visits,"1,061",16.9,
Maine,2020,202002,Prenatal bundled payments,187,3.0,
Maine,2020,202002,Prenatal visits,"2,269",36.2,
Maine,2020,202003,Postpartum bundled payments,229,3.6,
Maine,2020,202003,Postpartum visits,857,13.5,
Maine,2020,202003,Prenatal bundled payments,197,3.1,
Maine,2020,202003,Prenatal visits,"2,225",35.0,
Maine,2020,202004,Postpartum bundled payments,217,3.0,
Maine,2020,202004,Postpartum visits,534,7.3,
Maine,2020,202004,Prenatal bundled payments,188,2.6,
Maine,2020,202004,Prenatal visits,"2,009",27.4,
Maine,2020,202005,Postpartum bundled payments,294,3.9,
Maine,2020,202005,Postpartum visits,720,9.6,
Maine,2020,202005,Prenatal bundled payments,241,3.2,
Maine,2020,202005,Prenatal visits,"2,044",27.4,
Maine,2020,202006,Postpartum bundled payments,319,4.2,
Maine,2020,202006,Postpartum visits,986,13.0,
Maine,2020,202006,Prenatal bundled payments,256,3.4,
Maine,2020,202006,Prenatal visits,"2,274",29.9,
Maine,2020,202007,Postpartum bundled payments,293,3.8,
Maine,2020,202007,Postpartum visits,"1,102",14.2,
Maine,2020,202007,Prenatal bundled payments,240,3.1,
Maine,2020,202007,Prenatal visits,"2,382",30.7,
Maine,2020,202008,Postpartum bundled payments,255,3.2,
Maine,2020,202008,Postpartum visits,"1,053",13.4,
Maine,2020,202008,Prenatal bundled payments,220,2.8,
Maine,2020,202008,Prenatal visits,"2,134",27.1,
Maine,2020,202009,Postpartum bundled payments,249,3.1,
Maine,2020,202009,Postpartum visits,"1,249",15.6,
Maine,2020,202009,Prenatal bundled payments,211,2.6,
Maine,2020,202009,Prenatal visits,"2,154",26.9,
Maine,2020,202010,Postpartum bundled payments,268,3.3,
Maine,2020,202010,Postpartum visits,"1,247",15.4,
Maine,2020,202010,Prenatal bundled payments,214,2.6,
Maine,2020,202010,Prenatal visits,"2,249",27.7,
Maine,2020,202011,Postpartum bundled payments,260,3.1,
Maine,2020,202011,Postpartum visits,"1,103",13.3,
Maine,2020,202011,Prenatal bundled payments,212,2.6,
Maine,2020,202011,Prenatal visits,"2,121",25.5,
Maine,2020,202012,Postpartum bundled payments,254,3.0,
Maine,2020,202012,Postpartum visits,"1,074",12.6,
Maine,2020,202012,Prenatal bundled payments,229,2.7,
Maine,2020,202012,Prenatal visits,"2,317",27.2,
Maine,2021,202101,Postpartum bundled payments,266,3.1,
Maine,2021,202101,Postpartum visits,"1,179",13.7,
Maine,2021,202101,Prenatal bundled payments,214,2.5,
Maine,2021,202101,Prenatal visits,"2,302",26.8,
Maine,2021,202102,Postpartum bundled payments,214,2.5,
Maine,2021,202102,Postpartum visits,"1,084",12.5,
Maine,2021,202102,Prenatal bundled payments,206,2.4,
Maine,2021,202102,Prenatal visits,"2,148",24.7,
Maine,2021,202103,Postpartum bundled payments,230,2.6,
Maine,2021,202103,Postpartum visits,"1,443",16.4,
Maine,2021,202103,Prenatal bundled payments,210,2.4,
Maine,2021,202103,Prenatal visits,"2,619",29.8,
Maine,2021,202104,Postpartum bundled payments,222,2.5,
Maine,2021,202104,Postpartum visits,"1,329",15.0,
Maine,2021,202104,Prenatal bundled payments,217,2.4,
Maine,2021,202104,Prenatal visits,"2,331",26.3,
Maine,2021,202105,Postpartum bundled payments,199,2.2,
Maine,2021,202105,Postpartum visits,"1,220",13.6,
Maine,2021,202105,Prenatal bundled payments,199,2.2,
Maine,2021,202105,Prenatal visits,"2,237",25.0,
Maine,2021,202106,Postpartum bundled payments,244,2.7,
Maine,2021,202106,Postpartum visits,"1,324",14.7,
Maine,2021,202106,Prenatal bundled payments,247,2.7,
Maine,2021,202106,Prenatal visits,"2,572",28.5,
Maine,2021,202107,Postpartum bundled payments,246,2.7,
Maine,2021,202107,Postpartum visits,"1,326",14.6,
Maine,2021,202107,Prenatal bundled payments,244,2.7,
Maine,2021,202107,Prenatal visits,"2,472",27.1,
Maine,2021,202108,Postpartum bundled payments,243,2.6,
Maine,2021,202108,Postpartum visits,"1,233",13.4,
Maine,2021,202108,Prenatal bundled payments,244,2.7,
Maine,2021,202108,Prenatal visits,"2,369",25.7,
Maine,2021,202109,Postpartum bundled payments,253,2.7,
Maine,2021,202109,Postpartum visits,"1,363",14.7,
Maine,2021,202109,Prenatal bundled payments,262,2.8,
Maine,2021,202109,Prenatal visits,"2,320",25.0,
Maine,2021,202110,Postpartum bundled payments,212,2.3,
Maine,2021,202110,Postpartum visits,"1,248",13.3,
Maine,2021,202110,Prenatal bundled payments,210,2.2,
Maine,2021,202110,Prenatal visits,"2,126",22.7,
Maine,2021,202111,Postpartum bundled payments,207,2.2,
Maine,2021,202111,Postpartum visits,"1,328",14.0,
Maine,2021,202111,Prenatal bundled payments,210,2.2,
Maine,2021,202111,Prenatal visits,"2,084",22.0,
Maine,2021,202112,Postpartum bundled payments,193,2.0,
Maine,2021,202112,Postpartum visits,"1,190",12.4,
Maine,2021,202112,Prenatal bundled payments,189,2.0,
Maine,2021,202112,Prenatal visits,"2,182",22.8,
Maine,2022,202201,Postpartum bundled payments,188,1.9,
Maine,2022,202201,Postpartum visits,"1,198",12.4,
Maine,2022,202201,Prenatal bundled payments,185,1.9,
Maine,2022,202201,Prenatal visits,"2,247",23.3,
Maine,2022,202202,Postpartum bundled payments,210,2.2,
Maine,2022,202202,Postpartum visits,"1,118",11.5,
Maine,2022,202202,Prenatal bundled payments,205,2.1,
Maine,2022,202202,Prenatal visits,"2,087",21.5,
Maine,2022,202203,Postpartum bundled payments,240,2.5,
Maine,2022,202203,Postpartum visits,"1,574",16.1,
Maine,2022,202203,Prenatal bundled payments,244,2.5,
Maine,2022,202203,Prenatal visits,"2,567",26.2,
Maine,2022,202204,Postpartum bundled payments,225,2.3,
Maine,2022,202204,Postpartum visits,"1,354",13.7,
Maine,2022,202204,Prenatal bundled payments,214,2.2,
Maine,2022,202204,Prenatal visits,"2,263",23.0,
Maine,2022,202205,Postpartum bundled payments,229,2.3,
Maine,2022,202205,Postpartum visits,"1,353",13.7,
Maine,2022,202205,Prenatal bundled payments,233,2.4,
Maine,2022,202205,Prenatal visits,"2,248",22.7,
Maine,2022,202206,Postpartum bundled payments,234,2.3,
Maine,2022,202206,Postpartum visits,"1,365",13.7,
Maine,2022,202206,Prenatal bundled payments,249,2.5,
Maine,2022,202206,Prenatal visits,"2,218",22.2,
Maine,2022,202207,Postpartum bundled payments,229,2.3,
Maine,2022,202207,Postpartum visits,"1,220",12.1,
Maine,2022,202207,Prenatal bundled payments,233,2.3,
Maine,2022,202207,Prenatal visits,"1,994",19.8,
Maine,2022,202208,Postpartum bundled payments,280,2.8,
Maine,2022,202208,Postpartum visits,"1,328",13.1,
Maine,2022,202208,Prenatal bundled payments,263,2.6,
Maine,2022,202208,Prenatal visits,"2,177",21.5,
Maine,2022,202209,Postpartum bundled payments,226,2.2,
Maine,2022,202209,Postpartum visits,"1,280",12.5,
Maine,2022,202209,Prenatal bundled payments,217,2.1,
Maine,2022,202209,Prenatal visits,"2,056",20.1,
Maine,2022,202210,Postpartum bundled payments,254,2.5,
Maine,2022,202210,Postpartum visits,"1,321",12.8,
Maine,2022,202210,Prenatal bundled payments,236,2.3,
Maine,2022,202210,Prenatal visits,"2,063",20.0,
Maine,2022,202211,Postpartum bundled payments,257,2.5,
Maine,2022,202211,Postpartum visits,"1,292",12.4,
Maine,2022,202211,Prenatal bundled payments,250,2.4,
Maine,2022,202211,Prenatal visits,"2,126",20.4,
Maine,2022,202212,Postpartum bundled payments,255,2.4,
Maine,2022,202212,Postpartum visits,"1,226",11.6,
Maine,2022,202212,Prenatal bundled payments,244,2.3,
Maine,2022,202212,Prenatal visits,"2,046",19.4,
Maryland,2018,201801,Postpartum bundled payments,804,2.4,
Maryland,2018,201801,Postpartum visits,"9,021",26.7,
Maryland,2018,201801,Prenatal bundled payments,295,0.9,
Maryland,2018,201801,Prenatal visits,"24,883",73.5,
Maryland,2018,201802,Postpartum bundled payments,725,2.1,
Maryland,2018,201802,Postpartum visits,"8,306",24.5,
Maryland,2018,201802,Prenatal bundled payments,248,0.7,
Maryland,2018,201802,Prenatal visits,"22,464",66.3,
Maryland,2018,201803,Postpartum bundled payments,732,2.2,
Maryland,2018,201803,Postpartum visits,"8,630",25.5,
Maryland,2018,201803,Prenatal bundled payments,211,0.6,
Maryland,2018,201803,Prenatal visits,"24,128",71.2,
Maryland,2018,201804,Postpartum bundled payments,716,2.1,
Maryland,2018,201804,Postpartum visits,"9,018",26.7,
Maryland,2018,201804,Prenatal bundled payments,200,0.6,
Maryland,2018,201804,Prenatal visits,"24,201",71.6,
Maryland,2018,201805,Postpartum bundled payments,833,2.5,
Maryland,2018,201805,Postpartum visits,"9,221",27.5,
Maryland,2018,201805,Prenatal bundled payments,271,0.8,
Maryland,2018,201805,Prenatal visits,"26,146",77.9,
Maryland,2018,201806,Postpartum bundled payments,765,2.3,
Maryland,2018,201806,Postpartum visits,"8,300",25.0,
Maryland,2018,201806,Prenatal bundled payments,182,0.5,
Maryland,2018,201806,Prenatal visits,"24,119",72.6,
Maryland,2018,201807,Postpartum bundled payments,726,2.2,
Maryland,2018,201807,Postpartum visits,"8,512",25.7,
Maryland,2018,201807,Prenatal bundled payments,188,0.6,
Maryland,2018,201807,Prenatal visits,"25,043",75.5,
Maryland,2018,201808,Postpartum bundled payments,752,2.3,
Maryland,2018,201808,Postpartum visits,"9,064",27.3,
Maryland,2018,201808,Prenatal bundled payments,222,0.7,
Maryland,2018,201808,Prenatal visits,"25,990",78.3,
Maryland,2018,201809,Postpartum bundled payments,723,2.2,
Maryland,2018,201809,Postpartum visits,"7,882",23.9,
Maryland,2018,201809,Prenatal bundled payments,198,0.6,
Maryland,2018,201809,Prenatal visits,"22,631",68.5,
Maryland,2018,201810,Postpartum bundled payments,784,2.4,
Maryland,2018,201810,Postpartum visits,"9,508",28.8,
Maryland,2018,201810,Prenatal bundled payments,227,0.7,
Maryland,2018,201810,Prenatal visits,"25,517",77.4,
Maryland,2018,201811,Postpartum bundled payments,664,2.0,
Maryland,2018,201811,Postpartum visits,"7,784",23.6,
Maryland,2018,201811,Prenatal bundled payments,155,0.5,
Maryland,2018,201811,Prenatal visits,"23,106",69.9,
Maryland,2018,201812,Postpartum bundled payments,695,2.1,
Maryland,2018,201812,Postpartum visits,"7,227",21.9,
Maryland,2018,201812,Prenatal bundled payments,175,0.5,
Maryland,2018,201812,Prenatal visits,"21,862",66.2,
Maryland,2019,201901,Postpartum bundled payments,752,2.3,
Maryland,2019,201901,Postpartum visits,"9,212",27.9,
Maryland,2019,201901,Prenatal bundled payments,245,0.7,
Maryland,2019,201901,Prenatal visits,"25,336",76.9,
Maryland,2019,201902,Postpartum bundled payments,648,2.0,
Maryland,2019,201902,Postpartum visits,"7,907",23.9,
Maryland,2019,201902,Prenatal bundled payments,190,0.6,
Maryland,2019,201902,Prenatal visits,"22,005",66.6,
Maryland,2019,201903,Postpartum bundled payments,717,2.2,
Maryland,2019,201903,Postpartum visits,"9,038",27.2,
Maryland,2019,201903,Prenatal bundled payments,210,0.6,
Maryland,2019,201903,Prenatal visits,"23,634",71.2,
Maryland,2019,201904,Postpartum bundled payments,712,2.1,
Maryland,2019,201904,Postpartum visits,"9,362",28.2,
Maryland,2019,201904,Prenatal bundled payments,196,0.6,
Maryland,2019,201904,Prenatal visits,"24,788",74.6,
Maryland,2019,201905,Postpartum bundled payments,732,2.2,
Maryland,2019,201905,Postpartum visits,"8,960",26.9,
Maryland,2019,201905,Prenatal bundled payments,202,0.6,
Maryland,2019,201905,Prenatal visits,"25,760",77.3,
Maryland,2019,201906,Postpartum bundled payments,722,2.2,
Maryland,2019,201906,Postpartum visits,"8,045",24.1,
Maryland,2019,201906,Prenatal bundled payments,225,0.7,
Maryland,2019,201906,Prenatal visits,"22,959",68.9,
Maryland,2019,201907,Postpartum bundled payments,788,2.4,
Maryland,2019,201907,Postpartum visits,"8,907",26.6,
Maryland,2019,201907,Prenatal bundled payments,219,0.7,
Maryland,2019,201907,Prenatal visits,"26,195",78.3,
Maryland,2019,201908,Postpartum bundled payments,795,2.4,
Maryland,2019,201908,Postpartum visits,"8,902",26.5,
Maryland,2019,201908,Prenatal bundled payments,205,0.6,
Maryland,2019,201908,Prenatal visits,"24,621",73.4,
Maryland,2019,201909,Postpartum bundled payments,740,2.2,
Maryland,2019,201909,Postpartum visits,"8,651",25.8,
Maryland,2019,201909,Prenatal bundled payments,220,0.7,
Maryland,2019,201909,Prenatal visits,"23,318",69.6,
Maryland,2019,201910,Postpartum bundled payments,729,2.2,
Maryland,2019,201910,Postpartum visits,"9,586",28.5,
Maryland,2019,201910,Prenatal bundled payments,248,0.7,
Maryland,2019,201910,Prenatal visits,"26,041",77.5,
Maryland,2019,201911,Postpartum bundled payments,671,2.0,
Maryland,2019,201911,Postpartum visits,"7,776",23.1,
Maryland,2019,201911,Prenatal bundled payments,217,0.6,
Maryland,2019,201911,Prenatal visits,"22,242",66.1,
Maryland,2019,201912,Postpartum bundled payments,742,2.2,
Maryland,2019,201912,Postpartum visits,"7,530",22.4,
Maryland,2019,201912,Prenatal bundled payments,190,0.6,
Maryland,2019,201912,Prenatal visits,"23,291",69.1,
Maryland,2020,202001,Postpartum bundled payments,709,2.1,
Maryland,2020,202001,Postpartum visits,"9,075",26.9,
Maryland,2020,202001,Prenatal bundled payments,227,0.7,
Maryland,2020,202001,Prenatal visits,"24,359",72.2,
Maryland,2020,202002,Postpartum bundled payments,576,1.7,
Maryland,2020,202002,Postpartum visits,"8,429",24.9,
Maryland,2020,202002,Prenatal bundled payments,170,0.5,
Maryland,2020,202002,Prenatal visits,"21,523",63.6,
Maryland,2020,202003,Postpartum bundled payments,688,2.0,
Maryland,2020,202003,Postpartum visits,"6,672",19.6,
Maryland,2020,202003,Prenatal bundled payments,212,0.6,
Maryland,2020,202003,Prenatal visits,"22,238",65.2,
Maryland,2020,202004,Postpartum bundled payments,616,1.8,
Maryland,2020,202004,Postpartum visits,"3,444",10.0,
Maryland,2020,202004,Prenatal bundled payments,172,0.5,
Maryland,2020,202004,Prenatal visits,"20,853",60.4,
Maryland,2020,202005,Postpartum bundled payments,666,1.9,
Maryland,2020,202005,Postpartum visits,"4,156",11.9,
Maryland,2020,202005,Prenatal bundled payments,218,0.6,
Maryland,2020,202005,Prenatal visits,"20,368",58.4,
Maryland,2020,202006,Postpartum bundled payments,668,1.9,
Maryland,2020,202006,Postpartum visits,"6,843",19.4,
Maryland,2020,202006,Prenatal bundled payments,209,0.6,
Maryland,2020,202006,Prenatal visits,"22,884",64.8,
Maryland,2020,202007,Postpartum bundled payments,695,1.9,
Maryland,2020,202007,Postpartum visits,"8,410",23.5,
Maryland,2020,202007,Prenatal bundled payments,224,0.6,
Maryland,2020,202007,Prenatal visits,"23,386",65.4,
Maryland,2020,202008,Postpartum bundled payments,646,1.8,
Maryland,2020,202008,Postpartum visits,"8,509",23.5,
Maryland,2020,202008,Prenatal bundled payments,205,0.6,
Maryland,2020,202008,Prenatal visits,"21,182",58.6,
Maryland,2020,202009,Postpartum bundled payments,581,1.6,
Maryland,2020,202009,Postpartum visits,"9,053",24.8,
Maryland,2020,202009,Prenatal bundled payments,165,0.5,
Maryland,2020,202009,Prenatal visits,"21,774",59.6,
Maryland,2020,202010,Postpartum bundled payments,631,1.7,
Maryland,2020,202010,Postpartum visits,"9,426",25.5,
Maryland,2020,202010,Prenatal bundled payments,182,0.5,
Maryland,2020,202010,Prenatal visits,"21,893",59.3,
Maryland,2020,202011,Postpartum bundled payments,575,1.5,
Maryland,2020,202011,Postpartum visits,"8,164",21.8,
Maryland,2020,202011,Prenatal bundled payments,166,0.4,
Maryland,2020,202011,Prenatal visits,"19,867",53.2,
Maryland,2020,202012,Postpartum bundled payments,553,1.5,
Maryland,2020,202012,Postpartum visits,"8,179",21.6,
Maryland,2020,202012,Prenatal bundled payments,166,0.4,
Maryland,2020,202012,Prenatal visits,"21,830",57.6,
Maryland,2021,202101,Postpartum bundled payments,554,1.4,
Maryland,2021,202101,Postpartum visits,"8,622",22.5,
Maryland,2021,202101,Prenatal bundled payments,138,0.4,
Maryland,2021,202101,Prenatal visits,"20,597",53.8,
Maryland,2021,202102,Postpartum bundled payments,511,1.3,
Maryland,2021,202102,Postpartum visits,"7,939",20.6,
Maryland,2021,202102,Prenatal bundled payments,156,0.4,
Maryland,2021,202102,Prenatal visits,"20,168",52.3,
Maryland,2021,202103,Postpartum bundled payments,609,1.6,
Maryland,2021,202103,Postpartum visits,"10,149",26.1,
Maryland,2021,202103,Prenatal bundled payments,186,0.5,
Maryland,2021,202103,Prenatal visits,"24,176",62.2,
Maryland,2021,202104,Postpartum bundled payments,533,1.4,
Maryland,2021,202104,Postpartum visits,"8,784",22.4,
Maryland,2021,202104,Prenatal bundled payments,159,0.4,
Maryland,2021,202104,Prenatal visits,"23,190",59.2,
Maryland,2021,202105,Postpartum bundled payments,577,1.5,
Maryland,2021,202105,Postpartum visits,"7,929",20.1,
Maryland,2021,202105,Prenatal bundled payments,178,0.5,
Maryland,2021,202105,Prenatal visits,"21,453",54.4,
Maryland,2021,202106,Postpartum bundled payments,597,1.5,
Maryland,2021,202106,Postpartum visits,"8,445",21.3,
Maryland,2021,202106,Prenatal bundled payments,188,0.5,
Maryland,2021,202106,Prenatal visits,"23,798",60.0,
Maryland,2021,202107,Postpartum bundled payments,638,1.6,
Maryland,2021,202107,Postpartum visits,"8,071",20.2,
Maryland,2021,202107,Prenatal bundled payments,184,0.5,
Maryland,2021,202107,Prenatal visits,"22,432",56.1,
Maryland,2021,202108,Postpartum bundled payments,595,1.5,
Maryland,2021,202108,Postpartum visits,"8,475",21.0,
Maryland,2021,202108,Prenatal bundled payments,178,0.4,
Maryland,2021,202108,Prenatal visits,"22,248",55.2,
Maryland,2021,202109,Postpartum bundled payments,611,1.5,
Maryland,2021,202109,Postpartum visits,"8,528",21.0,
Maryland,2021,202109,Prenatal bundled payments,174,0.4,
Maryland,2021,202109,Prenatal visits,"21,752",53.7,
Maryland,2021,202110,Postpartum bundled payments,605,1.5,
Maryland,2021,202110,Postpartum visits,"8,885",21.8,
Maryland,2021,202110,Prenatal bundled payments,177,0.4,
Maryland,2021,202110,Prenatal visits,"21,159",51.9,
Maryland,2021,202111,Postpartum bundled payments,551,1.3,
Maryland,2021,202111,Postpartum visits,"8,428",20.5,
Maryland,2021,202111,Prenatal bundled payments,177,0.4,
Maryland,2021,202111,Prenatal visits,"21,532",52.4,
Maryland,2021,202112,Postpartum bundled payments,568,1.4,
Maryland,2021,202112,Postpartum visits,"7,628",18.4,
Maryland,2021,202112,Prenatal bundled payments,149,0.4,
Maryland,2021,202112,Prenatal visits,"21,605",52.2,
Maryland,2022,202201,Postpartum bundled payments,596,1.4,
Maryland,2022,202201,Postpartum visits,"7,879",18.9,
Maryland,2022,202201,Prenatal bundled payments,169,0.4,
Maryland,2022,202201,Prenatal visits,"20,653",49.4,
Maryland,2022,202202,Postpartum bundled payments,569,1.4,
Maryland,2022,202202,Postpartum visits,"8,597",20.5,
Maryland,2022,202202,Prenatal bundled payments,173,0.4,
Maryland,2022,202202,Prenatal visits,"20,897",49.7,
Maryland,2022,202203,Postpartum bundled payments,643,1.5,
Maryland,2022,202203,Postpartum visits,"9,960",23.5,
Maryland,2022,202203,Prenatal bundled payments,188,0.4,
Maryland,2022,202203,Prenatal visits,"23,894",56.4,
Maryland,2022,202204,Postpartum bundled payments,586,1.4,
Maryland,2022,202204,Postpartum visits,"8,616",20.3,
Maryland,2022,202204,Prenatal bundled payments,162,0.4,
Maryland,2022,202204,Prenatal visits,"21,522",50.6,
Maryland,2022,202205,Postpartum bundled payments,578,1.4,
Maryland,2022,202205,Postpartum visits,"8,682",20.3,
Maryland,2022,202205,Prenatal bundled payments,168,0.4,
Maryland,2022,202205,Prenatal visits,"22,082",51.7,
Maryland,2022,202206,Postpartum bundled payments,634,1.5,
Maryland,2022,202206,Postpartum visits,"8,988",20.9,
Maryland,2022,202206,Prenatal bundled payments,169,0.4,
Maryland,2022,202206,Prenatal visits,"23,576",54.9,
Maryland,2022,202207,Postpartum bundled payments,678,1.6,
Maryland,2022,202207,Postpartum visits,"8,239",19.1,
Maryland,2022,202207,Prenatal bundled payments,180,0.4,
Maryland,2022,202207,Prenatal visits,"21,121",48.9,
Maryland,2022,202208,Postpartum bundled payments,681,1.6,
Maryland,2022,202208,Postpartum visits,"9,324",21.5,
Maryland,2022,202208,Prenatal bundled payments,182,0.4,
Maryland,2022,202208,Prenatal visits,"23,092",53.1,
Maryland,2022,202209,Postpartum bundled payments,624,1.4,
Maryland,2022,202209,Postpartum visits,"8,893",20.4,
Maryland,2022,202209,Prenatal bundled payments,168,0.4,
Maryland,2022,202209,Prenatal visits,"22,034",50.5,
Maryland,2022,202210,Postpartum bundled payments,561,1.3,
Maryland,2022,202210,Postpartum visits,"9,256",21.1,
Maryland,2022,202210,Prenatal bundled payments,138,0.3,
Maryland,2022,202210,Prenatal visits,"21,498",49.0,
Maryland,2022,202211,Postpartum bundled payments,559,1.3,
Maryland,2022,202211,Postpartum visits,"9,256",21.0,
Maryland,2022,202211,Prenatal bundled payments,146,0.3,
Maryland,2022,202211,Prenatal visits,"21,607",49.0,
Maryland,2022,202212,Postpartum bundled payments,584,1.3,
Maryland,2022,202212,Postpartum visits,"8,757",19.9,
Maryland,2022,202212,Prenatal bundled payments,154,0.3,
Maryland,2022,202212,Prenatal visits,"20,715",47.0,
Massachusetts,2018,201801,Postpartum bundled payments,"1,888",4.3,
Massachusetts,2018,201801,Postpartum visits,"8,421",19.4,
Massachusetts,2018,201801,Prenatal bundled payments,"1,980",4.6,
Massachusetts,2018,201801,Prenatal visits,"11,808",27.2,
Massachusetts,2018,201802,Postpartum bundled payments,"1,834",4.2,
Massachusetts,2018,201802,Postpartum visits,"7,616",17.5,
Massachusetts,2018,201802,Prenatal bundled payments,"2,603",6.0,
Massachusetts,2018,201802,Prenatal visits,"11,023",25.4,
Massachusetts,2018,201803,Postpartum bundled payments,"1,940",4.5,
Massachusetts,2018,201803,Postpartum visits,"7,710",18.0,
Massachusetts,2018,201803,Prenatal bundled payments,"1,746",4.1,
Massachusetts,2018,201803,Prenatal visits,"12,145",28.3,
Massachusetts,2018,201804,Postpartum bundled payments,"1,798",4.1,
Massachusetts,2018,201804,Postpartum visits,"8,075",18.6,
Massachusetts,2018,201804,Prenatal bundled payments,"1,767",4.1,
Massachusetts,2018,201804,Prenatal visits,"11,968",27.6,
Massachusetts,2018,201805,Postpartum bundled payments,"1,996",4.6,
Massachusetts,2018,201805,Postpartum visits,"9,005",20.7,
Massachusetts,2018,201805,Prenatal bundled payments,"2,021",4.6,
Massachusetts,2018,201805,Prenatal visits,"12,779",29.3,
Massachusetts,2018,201806,Postpartum bundled payments,"1,887",4.4,
Massachusetts,2018,201806,Postpartum visits,"8,185",19.0,
Massachusetts,2018,201806,Prenatal bundled payments,"1,904",4.4,
Massachusetts,2018,201806,Prenatal visits,"11,755",27.4,
Massachusetts,2018,201807,Postpartum bundled payments,"1,964",4.6,
Massachusetts,2018,201807,Postpartum visits,"7,838",18.3,
Massachusetts,2018,201807,Prenatal bundled payments,"2,022",4.7,
Massachusetts,2018,201807,Prenatal visits,"11,986",28.0,
Massachusetts,2018,201808,Postpartum bundled payments,"1,981",4.7,
Massachusetts,2018,201808,Postpartum visits,"8,498",20.3,
Massachusetts,2018,201808,Prenatal bundled payments,"2,042",4.9,
Massachusetts,2018,201808,Prenatal visits,"12,685",30.2,
Massachusetts,2018,201809,Postpartum bundled payments,"1,910",4.6,
Massachusetts,2018,201809,Postpartum visits,"7,708",18.4,
Massachusetts,2018,201809,Prenatal bundled payments,"1,941",4.6,
Massachusetts,2018,201809,Prenatal visits,"11,497",27.5,
Massachusetts,2018,201810,Postpartum bundled payments,"1,928",4.6,
Massachusetts,2018,201810,Postpartum visits,"8,728",20.8,
Massachusetts,2018,201810,Prenatal bundled payments,"2,007",4.8,
Massachusetts,2018,201810,Prenatal visits,"12,546",29.9,
Massachusetts,2018,201811,Postpartum bundled payments,"1,809",4.3,
Massachusetts,2018,201811,Postpartum visits,"7,796",18.7,
Massachusetts,2018,201811,Prenatal bundled payments,"1,893",4.5,
Massachusetts,2018,201811,Prenatal visits,"11,857",28.4,
Massachusetts,2018,201812,Postpartum bundled payments,"1,794",4.4,
Massachusetts,2018,201812,Postpartum visits,"6,959",16.9,
Massachusetts,2018,201812,Prenatal bundled payments,"1,870",4.5,
Massachusetts,2018,201812,Prenatal visits,"11,243",27.3,
Massachusetts,2019,201901,Postpartum bundled payments,"1,934",4.7,
Massachusetts,2019,201901,Postpartum visits,"8,465",20.8,
Massachusetts,2019,201901,Prenatal bundled payments,"1,979",4.9,
Massachusetts,2019,201901,Prenatal visits,"12,685",31.1,
Massachusetts,2019,201902,Postpartum bundled payments,"1,633",4.1,
Massachusetts,2019,201902,Postpartum visits,"7,232",17.9,
Massachusetts,2019,201902,Prenatal bundled payments,"1,709",4.2,
Massachusetts,2019,201902,Prenatal visits,"11,048",27.4,
Massachusetts,2019,201903,Postpartum bundled payments,"1,837",4.5,
Massachusetts,2019,201903,Postpartum visits,"7,930",19.5,
Massachusetts,2019,201903,Prenatal bundled payments,"1,885",4.6,
Massachusetts,2019,201903,Prenatal visits,"11,708",28.8,
Massachusetts,2019,201904,Postpartum bundled payments,"1,772",4.4,
Massachusetts,2019,201904,Postpartum visits,"8,103",19.9,
Massachusetts,2019,201904,Prenatal bundled payments,"1,891",4.7,
Massachusetts,2019,201904,Prenatal visits,"12,261",30.2,
Massachusetts,2019,201905,Postpartum bundled payments,"1,824",4.5,
Massachusetts,2019,201905,Postpartum visits,"8,360",20.4,
Massachusetts,2019,201905,Prenatal bundled payments,"1,948",4.8,
Massachusetts,2019,201905,Prenatal visits,"12,582",30.7,
Massachusetts,2019,201906,Postpartum bundled payments,"1,764",4.3,
Massachusetts,2019,201906,Postpartum visits,"7,435",18.1,
Massachusetts,2019,201906,Prenatal bundled payments,"1,792",4.4,
Massachusetts,2019,201906,Prenatal visits,"11,289",27.4,
Massachusetts,2019,201907,Postpartum bundled payments,"1,997",4.8,
Massachusetts,2019,201907,Postpartum visits,"7,810",18.8,
Massachusetts,2019,201907,Prenatal bundled payments,"2,082",5.0,
Massachusetts,2019,201907,Prenatal visits,"12,748",30.7,
Massachusetts,2019,201908,Postpartum bundled payments,"1,992",4.8,
Massachusetts,2019,201908,Postpartum visits,"7,955",19.2,
Massachusetts,2019,201908,Prenatal bundled payments,"2,117",5.1,
Massachusetts,2019,201908,Prenatal visits,"12,062",29.2,
Massachusetts,2019,201909,Postpartum bundled payments,"1,962",4.8,
Massachusetts,2019,201909,Postpartum visits,"7,982",19.4,
Massachusetts,2019,201909,Prenatal bundled payments,"1,984",4.8,
Massachusetts,2019,201909,Prenatal visits,"11,409",27.7,
Massachusetts,2019,201910,Postpartum bundled payments,"1,923",4.6,
Massachusetts,2019,201910,Postpartum visits,"8,619",20.8,
Massachusetts,2019,201910,Prenatal bundled payments,"1,954",4.7,
Massachusetts,2019,201910,Prenatal visits,"12,242",29.5,
Massachusetts,2019,201911,Postpartum bundled payments,"1,795",4.4,
Massachusetts,2019,201911,Postpartum visits,"7,269",17.7,
Massachusetts,2019,201911,Prenatal bundled payments,"1,810",4.4,
Massachusetts,2019,201911,Prenatal visits,"10,707",26.0,
Massachusetts,2019,201912,Postpartum bundled payments,"1,799",4.4,
Massachusetts,2019,201912,Postpartum visits,"6,696",16.4,
Massachusetts,2019,201912,Prenatal bundled payments,"1,825",4.5,
Massachusetts,2019,201912,Prenatal visits,"11,084",27.2,
Massachusetts,2020,202001,Postpartum bundled payments,"1,865",4.6,
Massachusetts,2020,202001,Postpartum visits,"8,431",20.8,
Massachusetts,2020,202001,Prenatal bundled payments,"1,898",4.7,
Massachusetts,2020,202001,Prenatal visits,"12,362",30.6,
Massachusetts,2020,202002,Postpartum bundled payments,"1,687",4.2,
Massachusetts,2020,202002,Postpartum visits,"6,837",16.8,
Massachusetts,2020,202002,Prenatal bundled payments,"1,667",4.1,
Massachusetts,2020,202002,Prenatal visits,"10,706",26.4,
Massachusetts,2020,202003,Postpartum bundled payments,"1,757",4.3,
Massachusetts,2020,202003,Postpartum visits,"5,317",13.0,
Massachusetts,2020,202003,Prenatal bundled payments,"1,808",4.4,
Massachusetts,2020,202003,Prenatal visits,"10,204",25.0,
Massachusetts,2020,202004,Postpartum bundled payments,"1,620",3.9,
Massachusetts,2020,202004,Postpartum visits,"3,260",7.9,
Massachusetts,2020,202004,Prenatal bundled payments,"1,706",4.1,
Massachusetts,2020,202004,Prenatal visits,"9,569",23.3,
Massachusetts,2020,202005,Postpartum bundled payments,"1,726",4.1,
Massachusetts,2020,202005,Postpartum visits,"4,191",10.1,
Massachusetts,2020,202005,Prenatal bundled payments,"1,795",4.3,
Massachusetts,2020,202005,Prenatal visits,"10,010",24.0,
Massachusetts,2020,202006,Postpartum bundled payments,"1,832",4.3,
Massachusetts,2020,202006,Postpartum visits,"6,152",14.6,
Massachusetts,2020,202006,Prenatal bundled payments,"1,907",4.5,
Massachusetts,2020,202006,Prenatal visits,"11,500",27.2,
Massachusetts,2020,202007,Postpartum bundled payments,"1,795",4.2,
Massachusetts,2020,202007,Postpartum visits,"6,989",16.3,
Massachusetts,2020,202007,Prenatal bundled payments,"1,865",4.4,
Massachusetts,2020,202007,Prenatal visits,"11,308",26.4,
Massachusetts,2020,202008,Postpartum bundled payments,"1,833",4.2,
Massachusetts,2020,202008,Postpartum visits,"7,280",16.7,
Massachusetts,2020,202008,Prenatal bundled payments,"1,845",4.2,
Massachusetts,2020,202008,Prenatal visits,"10,643",24.4,
Massachusetts,2020,202009,Postpartum bundled payments,"1,857",4.2,
Massachusetts,2020,202009,Postpartum visits,"8,188",18.5,
Massachusetts,2020,202009,Prenatal bundled payments,"1,865",4.2,
Massachusetts,2020,202009,Prenatal visits,"11,017",24.9,
Massachusetts,2020,202010,Postpartum bundled payments,"1,784",4.0,
Massachusetts,2020,202010,Postpartum visits,"8,363",18.7,
Massachusetts,2020,202010,Prenatal bundled payments,"1,821",4.1,
Massachusetts,2020,202010,Prenatal visits,"11,229",25.1,
Massachusetts,2020,202011,Postpartum bundled payments,"1,693",3.7,
Massachusetts,2020,202011,Postpartum visits,"7,507",16.6,
Massachusetts,2020,202011,Prenatal bundled payments,"1,688",3.7,
Massachusetts,2020,202011,Prenatal visits,"10,417",23.0,
Massachusetts,2020,202012,Postpartum bundled payments,"1,691",3.7,
Massachusetts,2020,202012,Postpartum visits,"7,291",16.1,
Massachusetts,2020,202012,Prenatal bundled payments,"1,741",3.8,
Massachusetts,2020,202012,Prenatal visits,"11,302",24.9,
Massachusetts,2021,202101,Postpartum bundled payments,"1,611",3.5,
Massachusetts,2021,202101,Postpartum visits,"7,817",17.1,
Massachusetts,2021,202101,Prenatal bundled payments,"1,652",3.6,
Massachusetts,2021,202101,Prenatal visits,"11,094",24.2,
Massachusetts,2021,202102,Postpartum bundled payments,"1,451",3.1,
Massachusetts,2021,202102,Postpartum visits,"7,307",15.9,
Massachusetts,2021,202102,Prenatal bundled payments,"1,513",3.3,
Massachusetts,2021,202102,Prenatal visits,"10,791",23.4,
Massachusetts,2021,202103,Postpartum bundled payments,"1,740",3.7,
Massachusetts,2021,202103,Postpartum visits,"9,242",19.9,
Massachusetts,2021,202103,Prenatal bundled payments,"1,791",3.9,
Massachusetts,2021,202103,Prenatal visits,"12,760",27.5,
Massachusetts,2021,202104,Postpartum bundled payments,"1,688",3.6,
Massachusetts,2021,202104,Postpartum visits,"8,285",17.7,
Massachusetts,2021,202104,Prenatal bundled payments,"1,755",3.7,
Massachusetts,2021,202104,Prenatal visits,"12,326",26.3,
Massachusetts,2021,202105,Postpartum bundled payments,"1,800",3.8,
Massachusetts,2021,202105,Postpartum visits,"7,946",16.8,
Massachusetts,2021,202105,Prenatal bundled payments,"1,880",4.0,
Massachusetts,2021,202105,Prenatal visits,"11,670",24.7,
Massachusetts,2021,202106,Postpartum bundled payments,"1,830",3.8,
Massachusetts,2021,202106,Postpartum visits,"8,508",17.9,
Massachusetts,2021,202106,Prenatal bundled payments,"1,942",4.1,
Massachusetts,2021,202106,Prenatal visits,"12,892",27.1,
Massachusetts,2021,202107,Postpartum bundled payments,"1,811",3.8,
Massachusetts,2021,202107,Postpartum visits,"7,611",15.8,
Massachusetts,2021,202107,Prenatal bundled payments,"1,865",3.9,
Massachusetts,2021,202107,Prenatal visits,"12,728",26.4,
Massachusetts,2021,202108,Postpartum bundled payments,"1,866",3.8,
Massachusetts,2021,202108,Postpartum visits,"8,098",16.6,
Massachusetts,2021,202108,Prenatal bundled payments,"1,921",3.9,
Massachusetts,2021,202108,Prenatal visits,"12,991",26.7,
Massachusetts,2021,202109,Postpartum bundled payments,"1,881",3.8,
Massachusetts,2021,202109,Postpartum visits,"8,211",16.7,
Massachusetts,2021,202109,Prenatal bundled payments,"1,918",3.9,
Massachusetts,2021,202109,Prenatal visits,"12,520",25.4,
Massachusetts,2021,202110,Postpartum bundled payments,"1,768",3.6,
Massachusetts,2021,202110,Postpartum visits,"8,052",16.2,
Massachusetts,2021,202110,Prenatal bundled payments,"1,774",3.6,
Massachusetts,2021,202110,Prenatal visits,"11,859",23.8,
Massachusetts,2021,202111,Postpartum bundled payments,"1,763",3.5,
Massachusetts,2021,202111,Postpartum visits,"8,170",16.3,
Massachusetts,2021,202111,Prenatal bundled payments,"1,762",3.5,
Massachusetts,2021,202111,Prenatal visits,"12,173",24.3,
Massachusetts,2021,202112,Postpartum bundled payments,"1,677",3.3,
Massachusetts,2021,202112,Postpartum visits,"7,296",14.4,
Massachusetts,2021,202112,Prenatal bundled payments,"1,712",3.4,
Massachusetts,2021,202112,Prenatal visits,"12,146",24.0,
Massachusetts,2022,202201,Postpartum bundled payments,"1,703",3.3,
Massachusetts,2022,202201,Postpartum visits,"7,556",14.7,
Massachusetts,2022,202201,Prenatal bundled payments,"1,686",3.3,
Massachusetts,2022,202201,Prenatal visits,"12,400",24.1,
Massachusetts,2022,202202,Postpartum bundled payments,"1,550",3.0,
Massachusetts,2022,202202,Postpartum visits,"7,549",14.6,
Massachusetts,2022,202202,Prenatal bundled payments,"1,557",3.0,
Massachusetts,2022,202202,Prenatal visits,"11,478",22.2,
Massachusetts,2022,202203,Postpartum bundled payments,"1,767",3.4,
Massachusetts,2022,202203,Postpartum visits,"8,944",17.2,
Massachusetts,2022,202203,Prenatal bundled payments,"1,814",3.5,
Massachusetts,2022,202203,Prenatal visits,"13,647",26.2,
Massachusetts,2022,202204,Postpartum bundled payments,"1,717",3.3,
Massachusetts,2022,202204,Postpartum visits,"8,109",15.5,
Massachusetts,2022,202204,Prenatal bundled payments,"1,746",3.3,
Massachusetts,2022,202204,Prenatal visits,"12,630",24.1,
Massachusetts,2022,202205,Postpartum bundled payments,"1,718",3.3,
Massachusetts,2022,202205,Postpartum visits,"8,576",16.2,
Massachusetts,2022,202205,Prenatal bundled payments,"1,748",3.3,
Massachusetts,2022,202205,Prenatal visits,"12,870",24.4,
Massachusetts,2022,202206,Postpartum bundled payments,"1,752",3.3,
Massachusetts,2022,202206,Postpartum visits,"8,845",16.6,
Massachusetts,2022,202206,Prenatal bundled payments,"1,807",3.4,
Massachusetts,2022,202206,Prenatal visits,"13,644",25.7,
Massachusetts,2022,202207,Postpartum bundled payments,"1,859",3.5,
Massachusetts,2022,202207,Postpartum visits,"7,724",14.4,
Massachusetts,2022,202207,Prenatal bundled payments,"1,886",3.5,
Massachusetts,2022,202207,Prenatal visits,"12,799",23.8,
Massachusetts,2022,202208,Postpartum bundled payments,"1,930",3.6,
Massachusetts,2022,202208,Postpartum visits,"9,020",16.7,
Massachusetts,2022,202208,Prenatal bundled payments,"1,951",3.6,
Massachusetts,2022,202208,Prenatal visits,"14,313",26.4,
Massachusetts,2022,202209,Postpartum bundled payments,"1,840",3.4,
Massachusetts,2022,202209,Postpartum visits,"8,961",16.4,
Massachusetts,2022,202209,Prenatal bundled payments,"1,825",3.3,
Massachusetts,2022,202209,Prenatal visits,"13,091",23.9,
Massachusetts,2022,202210,Postpartum bundled payments,"1,759",3.2,
Massachusetts,2022,202210,Postpartum visits,"9,159",16.6,
Massachusetts,2022,202210,Prenatal bundled payments,"1,715",3.1,
Massachusetts,2022,202210,Prenatal visits,"12,716",23.0,
Massachusetts,2022,202211,Postpartum bundled payments,"1,803",3.2,
Massachusetts,2022,202211,Postpartum visits,"9,401",16.9,
Massachusetts,2022,202211,Prenatal bundled payments,"1,750",3.1,
Massachusetts,2022,202211,Prenatal visits,"13,298",23.9,
Massachusetts,2022,202212,Postpartum bundled payments,"1,850",3.3,
Massachusetts,2022,202212,Postpartum visits,"8,831",15.8,
Massachusetts,2022,202212,Prenatal bundled payments,"1,810",3.2,
Massachusetts,2022,202212,Prenatal visits,"13,154",23.5,
Michigan,2018,201801,Postpartum bundled payments,423,0.7,
Michigan,2018,201801,Postpartum visits,"13,757",23.0,
Michigan,2018,201801,Prenatal bundled payments,"3,764",6.3,
Michigan,2018,201801,Prenatal visits,"14,950",24.9,
Michigan,2018,201802,Postpartum bundled payments,333,0.6,
Michigan,2018,201802,Postpartum visits,"12,202",20.4,
Michigan,2018,201802,Prenatal bundled payments,"2,996",5.0,
Michigan,2018,201802,Prenatal visits,"12,878",21.5,
Michigan,2018,201803,Postpartum bundled payments,399,0.7,
Michigan,2018,201803,Postpartum visits,"13,510",22.6,
Michigan,2018,201803,Prenatal bundled payments,"3,193",5.3,
Michigan,2018,201803,Prenatal visits,"14,500",24.3,
Michigan,2018,201804,Postpartum bundled payments,385,0.6,
Michigan,2018,201804,Postpartum visits,"12,643",21.2,
Michigan,2018,201804,Prenatal bundled payments,"3,372",5.6,
Michigan,2018,201804,Prenatal visits,"13,803",23.1,
Michigan,2018,201805,Postpartum bundled payments,365,0.6,
Michigan,2018,201805,Postpartum visits,"13,610",22.8,
Michigan,2018,201805,Prenatal bundled payments,"3,629",6.1,
Michigan,2018,201805,Prenatal visits,"14,285",24.0,
Michigan,2018,201806,Postpartum bundled payments,374,0.6,
Michigan,2018,201806,Postpartum visits,"11,993",20.2,
Michigan,2018,201806,Prenatal bundled payments,"3,177",5.3,
Michigan,2018,201806,Prenatal visits,"13,433",22.6,
Michigan,2018,201807,Postpartum bundled payments,348,0.6,
Michigan,2018,201807,Postpartum visits,"12,026",20.2,
Michigan,2018,201807,Prenatal bundled payments,"3,465",5.8,
Michigan,2018,201807,Prenatal visits,"13,529",22.7,
Michigan,2018,201808,Postpartum bundled payments,390,0.7,
Michigan,2018,201808,Postpartum visits,"13,262",22.3,
Michigan,2018,201808,Prenatal bundled payments,"3,485",5.9,
Michigan,2018,201808,Prenatal visits,"14,311",24.1,
Michigan,2018,201809,Postpartum bundled payments,371,0.6,
Michigan,2018,201809,Postpartum visits,"11,631",19.6,
Michigan,2018,201809,Prenatal bundled payments,"3,128",5.3,
Michigan,2018,201809,Prenatal visits,"12,471",21.0,
Michigan,2018,201810,Postpartum bundled payments,413,0.7,
Michigan,2018,201810,Postpartum visits,"13,863",23.4,
Michigan,2018,201810,Prenatal bundled payments,"3,432",5.8,
Michigan,2018,201810,Prenatal visits,"13,625",23.0,
Michigan,2018,201811,Postpartum bundled payments,356,0.6,
Michigan,2018,201811,Postpartum visits,"12,001",20.3,
Michigan,2018,201811,Prenatal bundled payments,"3,156",5.3,
Michigan,2018,201811,Prenatal visits,"12,552",21.2,
Michigan,2018,201812,Postpartum bundled payments,340,0.6,
Michigan,2018,201812,Postpartum visits,"10,173",17.2,
Michigan,2018,201812,Prenatal bundled payments,"3,007",5.1,
Michigan,2018,201812,Prenatal visits,"12,047",20.3,
Michigan,2019,201901,Postpartum bundled payments,366,0.6,
Michigan,2019,201901,Postpartum visits,"12,081",20.4,
Michigan,2019,201901,Prenatal bundled payments,"3,278",5.5,
Michigan,2019,201901,Prenatal visits,"13,579",22.9,
Michigan,2019,201902,Postpartum bundled payments,322,0.5,
Michigan,2019,201902,Postpartum visits,"11,464",19.2,
Michigan,2019,201902,Prenatal bundled payments,"3,071",5.1,
Michigan,2019,201902,Prenatal visits,"12,640",21.1,
Michigan,2019,201903,Postpartum bundled payments,372,0.6,
Michigan,2019,201903,Postpartum visits,"12,115",20.4,
Michigan,2019,201903,Prenatal bundled payments,"3,144",5.3,
Michigan,2019,201903,Prenatal visits,"13,270",22.3,
Michigan,2019,201904,Postpartum bundled payments,337,0.6,
Michigan,2019,201904,Postpartum visits,"12,678",21.4,
Michigan,2019,201904,Prenatal bundled payments,"3,113",5.3,
Michigan,2019,201904,Prenatal visits,"13,829",23.3,
Michigan,2019,201905,Postpartum bundled payments,380,0.6,
Michigan,2019,201905,Postpartum visits,"12,704",21.6,
Michigan,2019,201905,Prenatal bundled payments,"3,181",5.4,
Michigan,2019,201905,Prenatal visits,"14,251",24.2,
Michigan,2019,201906,Postpartum bundled payments,341,0.6,
Michigan,2019,201906,Postpartum visits,"11,248",19.2,
Michigan,2019,201906,Prenatal bundled payments,"2,870",4.9,
Michigan,2019,201906,Prenatal visits,"12,622",21.6,
Michigan,2019,201907,Postpartum bundled payments,328,0.6,
Michigan,2019,201907,Postpartum visits,"12,437",21.3,
Michigan,2019,201907,Prenatal bundled payments,"3,063",5.2,
Michigan,2019,201907,Prenatal visits,"14,082",24.1,
Michigan,2019,201908,Postpartum bundled payments,318,0.5,
Michigan,2019,201908,Postpartum visits,"12,452",21.3,
Michigan,2019,201908,Prenatal bundled payments,"2,966",5.1,
Michigan,2019,201908,Prenatal visits,"13,471",23.1,
Michigan,2019,201909,Postpartum bundled payments,349,0.6,
Michigan,2019,201909,Postpartum visits,"12,203",20.8,
Michigan,2019,201909,Prenatal bundled payments,"2,786",4.8,
Michigan,2019,201909,Prenatal visits,"12,898",22.0,
Michigan,2019,201910,Postpartum bundled payments,315,0.5,
Michigan,2019,201910,Postpartum visits,"13,875",23.6,
Michigan,2019,201910,Prenatal bundled payments,"3,277",5.6,
Michigan,2019,201910,Prenatal visits,"14,149",24.1,
Michigan,2019,201911,Postpartum bundled payments,284,0.5,
Michigan,2019,201911,Postpartum visits,"11,281",19.2,
Michigan,2019,201911,Prenatal bundled payments,"2,785",4.7,
Michigan,2019,201911,Prenatal visits,"12,530",21.3,
Michigan,2019,201912,Postpartum bundled payments,303,0.5,
Michigan,2019,201912,Postpartum visits,"11,152",18.9,
Michigan,2019,201912,Prenatal bundled payments,"2,961",5.0,
Michigan,2019,201912,Prenatal visits,"13,055",22.1,
Michigan,2020,202001,Postpartum bundled payments,362,0.6,
Michigan,2020,202001,Postpartum visits,"13,173",22.2,
Michigan,2020,202001,Prenatal bundled payments,"3,062",5.2,
Michigan,2020,202001,Prenatal visits,"14,783",24.9,
Michigan,2020,202002,Postpartum bundled payments,306,0.5,
Michigan,2020,202002,Postpartum visits,"11,541",19.5,
Michigan,2020,202002,Prenatal bundled payments,"2,728",4.6,
Michigan,2020,202002,Prenatal visits,"13,416",22.6,
Michigan,2020,202003,Postpartum bundled payments,348,0.6,
Michigan,2020,202003,Postpartum visits,"8,843",14.8,
Michigan,2020,202003,Prenatal bundled payments,"2,892",4.8,
Michigan,2020,202003,Prenatal visits,"12,997",21.7,
Michigan,2020,202004,Postpartum bundled payments,307,0.5,
Michigan,2020,202004,Postpartum visits,"5,021",8.2,
Michigan,2020,202004,Prenatal bundled payments,"2,732",4.5,
Michigan,2020,202004,Prenatal visits,"12,088",19.8,
Michigan,2020,202005,Postpartum bundled payments,348,0.6,
Michigan,2020,202005,Postpartum visits,"6,576",10.6,
Michigan,2020,202005,Prenatal bundled payments,"2,719",4.4,
Michigan,2020,202005,Prenatal visits,"12,063",19.5,
Michigan,2020,202006,Postpartum bundled payments,335,0.5,
Michigan,2020,202006,Postpartum visits,"11,028",17.6,
Michigan,2020,202006,Prenatal bundled payments,"3,070",4.9,
Michigan,2020,202006,Prenatal visits,"12,796",20.4,
Michigan,2020,202007,Postpartum bundled payments,361,0.6,
Michigan,2020,202007,Postpartum visits,"12,076",19.0,
Michigan,2020,202007,Prenatal bundled payments,"3,076",4.8,
Michigan,2020,202007,Prenatal visits,"13,226",20.8,
Michigan,2020,202008,Postpartum bundled payments,348,0.5,
Michigan,2020,202008,Postpartum visits,"12,499",19.3,
Michigan,2020,202008,Prenatal bundled payments,"2,812",4.3,
Michigan,2020,202008,Prenatal visits,"12,747",19.7,
Michigan,2020,202009,Postpartum bundled payments,348,0.5,
Michigan,2020,202009,Postpartum visits,"12,941",19.8,
Michigan,2020,202009,Prenatal bundled payments,"2,940",4.5,
Michigan,2020,202009,Prenatal visits,"13,371",20.4,
Michigan,2020,202010,Postpartum bundled payments,348,0.5,
Michigan,2020,202010,Postpartum visits,"13,559",20.5,
Michigan,2020,202010,Prenatal bundled payments,"2,884",4.3,
Michigan,2020,202010,Prenatal visits,"14,183",21.4,
Michigan,2020,202011,Postpartum bundled payments,327,0.5,
Michigan,2020,202011,Postpartum visits,"11,376",16.9,
Michigan,2020,202011,Prenatal bundled payments,"2,659",4.0,
Michigan,2020,202011,Prenatal visits,"12,967",19.3,
Michigan,2020,202012,Postpartum bundled payments,355,0.5,
Michigan,2020,202012,Postpartum visits,"11,615",17.0,
Michigan,2020,202012,Prenatal bundled payments,"2,966",4.4,
Michigan,2020,202012,Prenatal visits,"13,754",20.2,
Michigan,2021,202101,Postpartum bundled payments,336,0.5,
Michigan,2021,202101,Postpartum visits,"12,431",18.1,
Michigan,2021,202101,Prenatal bundled payments,"2,763",4.0,
Michigan,2021,202101,Prenatal visits,"14,003",20.4,
Michigan,2021,202102,Postpartum bundled payments,324,0.5,
Michigan,2021,202102,Postpartum visits,"12,101",17.5,
Michigan,2021,202102,Prenatal bundled payments,"2,690",3.9,
Michigan,2021,202102,Prenatal visits,"13,426",19.4,
Michigan,2021,202103,Postpartum bundled payments,348,0.5,
Michigan,2021,202103,Postpartum visits,"14,415",20.6,
Michigan,2021,202103,Prenatal bundled payments,"3,021",4.3,
Michigan,2021,202103,Prenatal visits,"15,551",22.3,
Michigan,2021,202104,Postpartum bundled payments,348,0.5,
Michigan,2021,202104,Postpartum visits,"12,419",17.7,
Michigan,2021,202104,Prenatal bundled payments,"2,727",3.9,
Michigan,2021,202104,Prenatal visits,"14,901",21.2,
Michigan,2021,202105,Postpartum bundled payments,387,0.5,
Michigan,2021,202105,Postpartum visits,"11,675",16.5,
Michigan,2021,202105,Prenatal bundled payments,"2,683",3.8,
Michigan,2021,202105,Prenatal visits,"14,106",19.9,
Michigan,2021,202106,Postpartum bundled payments,359,0.5,
Michigan,2021,202106,Postpartum visits,"12,684",17.8,
Michigan,2021,202106,Prenatal bundled payments,"3,106",4.4,
Michigan,2021,202106,Prenatal visits,"15,476",21.7,
Michigan,2021,202107,Postpartum bundled payments,383,0.5,
Michigan,2021,202107,Postpartum visits,"11,624",16.2,
Michigan,2021,202107,Prenatal bundled payments,"3,158",4.4,
Michigan,2021,202107,Prenatal visits,"14,570",20.3,
Michigan,2021,202108,Postpartum bundled payments,374,0.5,
Michigan,2021,202108,Postpartum visits,"12,667",17.5,
Michigan,2021,202108,Prenatal bundled payments,"3,130",4.3,
Michigan,2021,202108,Prenatal visits,"14,664",20.3,
Michigan,2021,202109,Postpartum bundled payments,342,0.5,
Michigan,2021,202109,Postpartum visits,"12,345",17.0,
Michigan,2021,202109,Prenatal bundled payments,"3,056",4.2,
Michigan,2021,202109,Prenatal visits,"14,390",19.8,
Michigan,2021,202110,Postpartum bundled payments,324,0.4,
Michigan,2021,202110,Postpartum visits,"12,393",16.9,
Michigan,2021,202110,Prenatal bundled payments,"2,816",3.8,
Michigan,2021,202110,Prenatal visits,"14,198",19.4,
Michigan,2021,202111,Postpartum bundled payments,316,0.4,
Michigan,2021,202111,Postpartum visits,"12,305",16.7,
Michigan,2021,202111,Prenatal bundled payments,"2,822",3.8,
Michigan,2021,202111,Prenatal visits,"13,997",19.0,
Michigan,2021,202112,Postpartum bundled payments,331,0.4,
Michigan,2021,202112,Postpartum visits,"11,327",15.2,
Michigan,2021,202112,Prenatal bundled payments,"3,000",4.0,
Michigan,2021,202112,Prenatal visits,"14,327",19.3,
Michigan,2022,202201,Postpartum bundled payments,297,0.4,
Michigan,2022,202201,Postpartum visits,"11,769",15.7,
Michigan,2022,202201,Prenatal bundled payments,"2,768",3.7,
Michigan,2022,202201,Prenatal visits,"14,430",19.3,
Michigan,2022,202202,Postpartum bundled payments,287,0.4,
Michigan,2022,202202,Postpartum visits,"11,277",15.0,
Michigan,2022,202202,Prenatal bundled payments,"2,598",3.5,
Michigan,2022,202202,Prenatal visits,"13,560",18.0,
Michigan,2022,202203,Postpartum bundled payments,351,0.5,
Michigan,2022,202203,Postpartum visits,"13,477",17.8,
Michigan,2022,202203,Prenatal bundled payments,"3,412",4.5,
Michigan,2022,202203,Prenatal visits,"15,800",20.9,
Michigan,2022,202204,Postpartum bundled payments,304,0.4,
Michigan,2022,202204,Postpartum visits,"11,894",15.7,
Michigan,2022,202204,Prenatal bundled payments,"2,765",3.6,
Michigan,2022,202204,Prenatal visits,"14,266",18.8,
Michigan,2022,202205,Postpartum bundled payments,300,0.4,
Michigan,2022,202205,Postpartum visits,"12,677",16.6,
Michigan,2022,202205,Prenatal bundled payments,"2,907",3.8,
Michigan,2022,202205,Prenatal visits,"14,444",18.9,
Michigan,2022,202206,Postpartum bundled payments,327,0.4,
Michigan,2022,202206,Postpartum visits,"12,843",16.8,
Michigan,2022,202206,Prenatal bundled payments,"2,916",3.8,
Michigan,2022,202206,Prenatal visits,"14,849",19.4,
Michigan,2022,202207,Postpartum bundled payments,348,0.5,
Michigan,2022,202207,Postpartum visits,"11,126",14.4,
Michigan,2022,202207,Prenatal bundled payments,"2,625",3.4,
Michigan,2022,202207,Prenatal visits,"13,555",17.6,
Michigan,2022,202208,Postpartum bundled payments,341,0.4,
Michigan,2022,202208,Postpartum visits,"13,216",17.0,
Michigan,2022,202208,Prenatal bundled payments,"2,888",3.7,
Michigan,2022,202208,Prenatal visits,"14,759",19.0,
Michigan,2022,202209,Postpartum bundled payments,338,0.4,
Michigan,2022,202209,Postpartum visits,"12,301",15.8,
Michigan,2022,202209,Prenatal bundled payments,"2,622",3.4,
Michigan,2022,202209,Prenatal visits,"14,059",18.0,
Michigan,2022,202210,Postpartum bundled payments,374,0.5,
Michigan,2022,202210,Postpartum visits,"12,208",15.6,
Michigan,2022,202210,Prenatal bundled payments,"2,577",3.3,
Michigan,2022,202210,Prenatal visits,"13,772",17.6,
Michigan,2022,202211,Postpartum bundled payments,384,0.5,
Michigan,2022,202211,Postpartum visits,"11,917",15.1,
Michigan,2022,202211,Prenatal bundled payments,"2,331",3.0,
Michigan,2022,202211,Prenatal visits,"13,476",17.1,
Michigan,2022,202212,Postpartum bundled payments,388,0.5,
Michigan,2022,202212,Postpartum visits,"10,667",13.4,
Michigan,2022,202212,Prenatal bundled payments,"2,086",2.6,
Michigan,2022,202212,Prenatal visits,"13,263",16.7,
Minnesota,2018,201801,Postpartum bundled payments,"1,957",7.4,
Minnesota,2018,201801,Postpartum visits,"5,534",20.8,
Minnesota,2018,201801,Prenatal bundled payments,"1,844",6.9,
Minnesota,2018,201801,Prenatal visits,"12,149",45.8,
Minnesota,2018,201802,Postpartum bundled payments,"1,605",6.1,
Minnesota,2018,201802,Postpartum visits,"5,131",19.4,
Minnesota,2018,201802,Prenatal bundled payments,"1,554",5.9,
Minnesota,2018,201802,Prenatal visits,"10,625",40.2,
Minnesota,2018,201803,Postpartum bundled payments,"1,855",7.0,
Minnesota,2018,201803,Postpartum visits,"5,500",20.9,
Minnesota,2018,201803,Prenatal bundled payments,"1,738",6.6,
Minnesota,2018,201803,Prenatal visits,"11,470",43.5,
Minnesota,2018,201804,Postpartum bundled payments,"1,697",6.5,
Minnesota,2018,201804,Postpartum visits,"5,250",20.0,
Minnesota,2018,201804,Prenatal bundled payments,"1,627",6.2,
Minnesota,2018,201804,Prenatal visits,"10,658",40.6,
Minnesota,2018,201805,Postpartum bundled payments,"1,831",7.0,
Minnesota,2018,201805,Postpartum visits,"5,455",20.7,
Minnesota,2018,201805,Prenatal bundled payments,"1,870",7.1,
Minnesota,2018,201805,Prenatal visits,"11,655",44.3,
Minnesota,2018,201806,Postpartum bundled payments,"1,751",6.7,
Minnesota,2018,201806,Postpartum visits,"5,170",19.8,
Minnesota,2018,201806,Prenatal bundled payments,"1,682",6.4,
Minnesota,2018,201806,Prenatal visits,"10,757",41.2,
Minnesota,2018,201807,Postpartum bundled payments,"1,758",6.8,
Minnesota,2018,201807,Postpartum visits,"5,086",19.6,
Minnesota,2018,201807,Prenatal bundled payments,"1,697",6.6,
Minnesota,2018,201807,Prenatal visits,"10,766",41.6,
Minnesota,2018,201808,Postpartum bundled payments,"1,934",7.5,
Minnesota,2018,201808,Postpartum visits,"5,351",20.8,
Minnesota,2018,201808,Prenatal bundled payments,"1,915",7.4,
Minnesota,2018,201808,Prenatal visits,"11,257",43.7,
Minnesota,2018,201809,Postpartum bundled payments,"1,699",6.7,
Minnesota,2018,201809,Postpartum visits,"4,843",19.1,
Minnesota,2018,201809,Prenatal bundled payments,"1,648",6.5,
Minnesota,2018,201809,Prenatal visits,"9,900",39.1,
Minnesota,2018,201810,Postpartum bundled payments,"1,730",6.9,
Minnesota,2018,201810,Postpartum visits,"5,351",21.2,
Minnesota,2018,201810,Prenatal bundled payments,"1,698",6.7,
Minnesota,2018,201810,Prenatal visits,"10,907",43.3,
Minnesota,2018,201811,Postpartum bundled payments,"1,653",6.6,
Minnesota,2018,201811,Postpartum visits,"4,715",18.8,
Minnesota,2018,201811,Prenatal bundled payments,"1,590",6.3,
Minnesota,2018,201811,Prenatal visits,"10,015",39.9,
Minnesota,2018,201812,Postpartum bundled payments,"1,734",7.0,
Minnesota,2018,201812,Postpartum visits,"4,282",17.3,
Minnesota,2018,201812,Prenatal bundled payments,"1,769",7.1,
Minnesota,2018,201812,Prenatal visits,"9,237",37.3,
Minnesota,2019,201901,Postpartum bundled payments,"1,669",6.8,
Minnesota,2019,201901,Postpartum visits,"5,157",20.9,
Minnesota,2019,201901,Prenatal bundled payments,"1,536",6.2,
Minnesota,2019,201901,Prenatal visits,"10,903",44.2,
Minnesota,2019,201902,Postpartum bundled payments,"1,545",6.3,
Minnesota,2019,201902,Postpartum visits,"4,518",18.5,
Minnesota,2019,201902,Prenatal bundled payments,"1,475",6.1,
Minnesota,2019,201902,Prenatal visits,"9,562",39.2,
Minnesota,2019,201903,Postpartum bundled payments,"1,696",7.0,
Minnesota,2019,201903,Postpartum visits,"4,909",20.1,
Minnesota,2019,201903,Prenatal bundled payments,"1,612",6.6,
Minnesota,2019,201903,Prenatal visits,"10,309",42.3,
Minnesota,2019,201904,Postpartum bundled payments,"1,635",6.7,
Minnesota,2019,201904,Postpartum visits,"5,106",20.9,
Minnesota,2019,201904,Prenatal bundled payments,"1,656",6.8,
Minnesota,2019,201904,Prenatal visits,"10,557",43.2,
Minnesota,2019,201905,Postpartum bundled payments,"1,804",7.4,
Minnesota,2019,201905,Postpartum visits,"5,287",21.7,
Minnesota,2019,201905,Prenatal bundled payments,"1,758",7.2,
Minnesota,2019,201905,Prenatal visits,"10,927",44.9,
Minnesota,2019,201906,Postpartum bundled payments,"1,695",7.0,
Minnesota,2019,201906,Postpartum visits,"4,699",19.4,
Minnesota,2019,201906,Prenatal bundled payments,"1,609",6.6,
Minnesota,2019,201906,Prenatal visits,"9,796",40.4,
Minnesota,2019,201907,Postpartum bundled payments,"1,802",7.4,
Minnesota,2019,201907,Postpartum visits,"5,214",21.5,
Minnesota,2019,201907,Prenatal bundled payments,"1,757",7.2,
Minnesota,2019,201907,Prenatal visits,"10,828",44.6,
Minnesota,2019,201908,Postpartum bundled payments,"1,849",7.6,
Minnesota,2019,201908,Postpartum visits,"5,171",21.4,
Minnesota,2019,201908,Prenatal bundled payments,"1,745",7.2,
Minnesota,2019,201908,Prenatal visits,"10,307",42.6,
Minnesota,2019,201909,Postpartum bundled payments,"1,703",7.1,
Minnesota,2019,201909,Postpartum visits,"4,913",20.4,
Minnesota,2019,201909,Prenatal bundled payments,"1,642",6.8,
Minnesota,2019,201909,Prenatal visits,"10,045",41.7,
Minnesota,2019,201910,Postpartum bundled payments,"1,790",7.4,
Minnesota,2019,201910,Postpartum visits,"5,233",21.6,
Minnesota,2019,201910,Prenatal bundled payments,"1,731",7.1,
Minnesota,2019,201910,Prenatal visits,"10,375",42.8,
Minnesota,2019,201911,Postpartum bundled payments,"1,568",6.5,
Minnesota,2019,201911,Postpartum visits,"4,495",18.8,
Minnesota,2019,201911,Prenatal bundled payments,"1,512",6.3,
Minnesota,2019,201911,Prenatal visits,"8,936",37.3,
Minnesota,2019,201912,Postpartum bundled payments,"1,602",6.7,
Minnesota,2019,201912,Postpartum visits,"4,247",17.7,
Minnesota,2019,201912,Prenatal bundled payments,"1,545",6.4,
Minnesota,2019,201912,Prenatal visits,"9,394",39.2,
Minnesota,2020,202001,Postpartum bundled payments,"1,677",7.0,
Minnesota,2020,202001,Postpartum visits,"5,115",21.4,
Minnesota,2020,202001,Prenatal bundled payments,"1,614",6.7,
Minnesota,2020,202001,Prenatal visits,"10,802",45.1,
Minnesota,2020,202002,Postpartum bundled payments,"1,619",6.7,
Minnesota,2020,202002,Postpartum visits,"4,606",19.1,
Minnesota,2020,202002,Prenatal bundled payments,"1,544",6.4,
Minnesota,2020,202002,Prenatal visits,"9,330",38.8,
Minnesota,2020,202003,Postpartum bundled payments,"1,651",6.9,
Minnesota,2020,202003,Postpartum visits,"3,988",16.6,
Minnesota,2020,202003,Prenatal bundled payments,"1,620",6.7,
Minnesota,2020,202003,Prenatal visits,"8,630",35.9,
Minnesota,2020,202004,Postpartum bundled payments,"1,578",6.4,
Minnesota,2020,202004,Postpartum visits,"2,947",12.0,
Minnesota,2020,202004,Prenatal bundled payments,"1,546",6.3,
Minnesota,2020,202004,Prenatal visits,"7,457",30.4,
Minnesota,2020,202005,Postpartum bundled payments,"1,608",6.4,
Minnesota,2020,202005,Postpartum visits,"3,369",13.4,
Minnesota,2020,202005,Prenatal bundled payments,"1,509",6.0,
Minnesota,2020,202005,Prenatal visits,"7,775",31.0,
Minnesota,2020,202006,Postpartum bundled payments,"1,673",6.5,
Minnesota,2020,202006,Postpartum visits,"4,359",17.0,
Minnesota,2020,202006,Prenatal bundled payments,"1,580",6.2,
Minnesota,2020,202006,Prenatal visits,"8,726",34.0,
Minnesota,2020,202007,Postpartum bundled payments,"1,742",6.7,
Minnesota,2020,202007,Postpartum visits,"4,801",18.3,
Minnesota,2020,202007,Prenatal bundled payments,"1,654",6.3,
Minnesota,2020,202007,Prenatal visits,"9,123",34.9,
Minnesota,2020,202008,Postpartum bundled payments,"1,698",6.4,
Minnesota,2020,202008,Postpartum visits,"4,690",17.6,
Minnesota,2020,202008,Prenatal bundled payments,"1,564",5.9,
Minnesota,2020,202008,Prenatal visits,"8,541",32.1,
Minnesota,2020,202009,Postpartum bundled payments,"1,593",5.9,
Minnesota,2020,202009,Postpartum visits,"4,946",18.3,
Minnesota,2020,202009,Prenatal bundled payments,"1,506",5.6,
Minnesota,2020,202009,Prenatal visits,"8,909",33.0,
Minnesota,2020,202010,Postpartum bundled payments,"1,590",5.8,
Minnesota,2020,202010,Postpartum visits,"5,085",18.5,
Minnesota,2020,202010,Prenatal bundled payments,"1,431",5.2,
Minnesota,2020,202010,Prenatal visits,"9,191",33.4,
Minnesota,2020,202011,Postpartum bundled payments,"1,490",5.4,
Minnesota,2020,202011,Postpartum visits,"4,622",16.6,
Minnesota,2020,202011,Prenatal bundled payments,"1,355",4.9,
Minnesota,2020,202011,Prenatal visits,"8,564",30.8,
Minnesota,2020,202012,Postpartum bundled payments,"1,631",5.8,
Minnesota,2020,202012,Postpartum visits,"4,940",17.4,
Minnesota,2020,202012,Prenatal bundled payments,"1,585",5.6,
Minnesota,2020,202012,Prenatal visits,"9,336",33.0,
Minnesota,2021,202101,Postpartum bundled payments,"1,520",5.3,
Minnesota,2021,202101,Postpartum visits,"5,182",18.0,
Minnesota,2021,202101,Prenatal bundled payments,"1,345",4.7,
Minnesota,2021,202101,Prenatal visits,"9,469",32.9,
Minnesota,2021,202102,Postpartum bundled payments,"1,454",5.0,
Minnesota,2021,202102,Postpartum visits,"5,195",17.9,
Minnesota,2021,202102,Prenatal bundled payments,"1,339",4.6,
Minnesota,2021,202102,Prenatal visits,"9,199",31.6,
Minnesota,2021,202103,Postpartum bundled payments,"1,688",5.7,
Minnesota,2021,202103,Postpartum visits,"5,925",20.1,
Minnesota,2021,202103,Prenatal bundled payments,"1,599",5.4,
Minnesota,2021,202103,Prenatal visits,"10,490",35.5,
Minnesota,2021,202104,Postpartum bundled payments,"1,522",5.1,
Minnesota,2021,202104,Postpartum visits,"5,615",18.8,
Minnesota,2021,202104,Prenatal bundled payments,"1,430",4.8,
Minnesota,2021,202104,Prenatal visits,"10,296",34.4,
Minnesota,2021,202105,Postpartum bundled payments,"1,567",5.2,
Minnesota,2021,202105,Postpartum visits,"5,618",18.7,
Minnesota,2021,202105,Prenatal bundled payments,"1,442",4.8,
Minnesota,2021,202105,Prenatal visits,"9,791",32.5,
Minnesota,2021,202106,Postpartum bundled payments,"1,629",5.4,
Minnesota,2021,202106,Postpartum visits,"5,992",19.8,
Minnesota,2021,202106,Prenatal bundled payments,"1,614",5.3,
Minnesota,2021,202106,Prenatal visits,"10,526",34.7,
Minnesota,2021,202107,Postpartum bundled payments,"1,670",5.5,
Minnesota,2021,202107,Postpartum visits,"6,207",20.3,
Minnesota,2021,202107,Prenatal bundled payments,"1,614",5.3,
Minnesota,2021,202107,Prenatal visits,"10,388",34.0,
Minnesota,2021,202108,Postpartum bundled payments,"1,682",5.5,
Minnesota,2021,202108,Postpartum visits,"6,583",21.3,
Minnesota,2021,202108,Prenatal bundled payments,"1,649",5.3,
Minnesota,2021,202108,Prenatal visits,"10,184",33.0,
Minnesota,2021,202109,Postpartum bundled payments,"1,630",5.2,
Minnesota,2021,202109,Postpartum visits,"6,541",21.0,
Minnesota,2021,202109,Prenatal bundled payments,"1,573",5.1,
Minnesota,2021,202109,Prenatal visits,"10,148",32.6,
Minnesota,2021,202110,Postpartum bundled payments,"1,580",5.0,
Minnesota,2021,202110,Postpartum visits,"6,590",21.0,
Minnesota,2021,202110,Prenatal bundled payments,"1,490",4.8,
Minnesota,2021,202110,Prenatal visits,"9,743",31.1,
Minnesota,2021,202111,Postpartum bundled payments,"1,555",4.9,
Minnesota,2021,202111,Postpartum visits,"6,827",21.6,
Minnesota,2021,202111,Prenatal bundled payments,"1,457",4.6,
Minnesota,2021,202111,Prenatal visits,"10,117",32.0,
Minnesota,2021,202112,Postpartum bundled payments,"1,622",5.1,
Minnesota,2021,202112,Postpartum visits,"6,769",21.2,
Minnesota,2021,202112,Prenatal bundled payments,"1,739",5.5,
Minnesota,2021,202112,Prenatal visits,"10,198",32.0,
Minnesota,2022,202201,Postpartum bundled payments,"1,429",4.4,
Minnesota,2022,202201,Postpartum visits,"6,882",21.4,
Minnesota,2022,202201,Prenatal bundled payments,"1,287",4.0,
Minnesota,2022,202201,Prenatal visits,"10,264",31.9,
Minnesota,2022,202202,Postpartum bundled payments,"1,514",4.7,
Minnesota,2022,202202,Postpartum visits,"7,104",22.0,
Minnesota,2022,202202,Prenatal bundled payments,"1,377",4.3,
Minnesota,2022,202202,Prenatal visits,"9,667",29.9,
Minnesota,2022,202203,Postpartum bundled payments,"1,600",4.9,
Minnesota,2022,202203,Postpartum visits,"7,870",24.2,
Minnesota,2022,202203,Prenatal bundled payments,"1,519",4.7,
Minnesota,2022,202203,Prenatal visits,"11,289",34.7,
Minnesota,2022,202204,Postpartum bundled payments,"1,553",4.7,
Minnesota,2022,202204,Postpartum visits,"7,441",22.7,
Minnesota,2022,202204,Prenatal bundled payments,"1,450",4.4,
Minnesota,2022,202204,Prenatal visits,"10,368",31.7,
Minnesota,2022,202205,Postpartum bundled payments,"1,673",5.1,
Minnesota,2022,202205,Postpartum visits,"7,815",23.8,
Minnesota,2022,202205,Prenatal bundled payments,"1,584",4.8,
Minnesota,2022,202205,Prenatal visits,"10,828",33.0,
Minnesota,2022,202206,Postpartum bundled payments,"1,667",5.0,
Minnesota,2022,202206,Postpartum visits,"8,164",24.7,
Minnesota,2022,202206,Prenatal bundled payments,"1,614",4.9,
Minnesota,2022,202206,Prenatal visits,"11,111",33.7,
Minnesota,2022,202207,Postpartum bundled payments,"1,707",5.1,
Minnesota,2022,202207,Postpartum visits,"7,627",22.9,
Minnesota,2022,202207,Prenatal bundled payments,"1,567",4.7,
Minnesota,2022,202207,Prenatal visits,"9,986",30.0,
Minnesota,2022,202208,Postpartum bundled payments,"1,644",4.9,
Minnesota,2022,202208,Postpartum visits,"8,422",25.0,
Minnesota,2022,202208,Prenatal bundled payments,"1,622",4.8,
Minnesota,2022,202208,Prenatal visits,"11,560",34.3,
Minnesota,2022,202209,Postpartum bundled payments,"1,623",4.8,
Minnesota,2022,202209,Postpartum visits,"8,324",24.5,
Minnesota,2022,202209,Prenatal bundled payments,"1,521",4.5,
Minnesota,2022,202209,Prenatal visits,"10,939",32.2,
Minnesota,2022,202210,Postpartum bundled payments,"1,562",4.6,
Minnesota,2022,202210,Postpartum visits,"8,447",24.7,
Minnesota,2022,202210,Prenatal bundled payments,"1,427",4.2,
Minnesota,2022,202210,Prenatal visits,"10,880",31.8,
Minnesota,2022,202211,Postpartum bundled payments,"1,536",4.4,
Minnesota,2022,202211,Postpartum visits,"8,624",24.9,
Minnesota,2022,202211,Prenatal bundled payments,"1,481",4.3,
Minnesota,2022,202211,Prenatal visits,"11,060",32.0,
Minnesota,2022,202212,Postpartum bundled payments,"1,720",4.9,
Minnesota,2022,202212,Postpartum visits,"8,560",24.6,
Minnesota,2022,202212,Prenatal bundled payments,"1,674",4.8,
Minnesota,2022,202212,Prenatal visits,"10,706",30.7,
Mississippi,2018,201801,Postpartum bundled payments,"1,374",9.4,
Mississippi,2018,201801,Postpartum visits,"2,888",19.7,
Mississippi,2018,201801,Prenatal bundled payments,"10,556",72.1,
Mississippi,2018,201801,Prenatal visits,"7,885",53.9,
Mississippi,2018,201802,Postpartum bundled payments,"1,211",8.3,
Mississippi,2018,201802,Postpartum visits,"2,474",17.0,
Mississippi,2018,201802,Prenatal bundled payments,"9,448",64.9,
Mississippi,2018,201802,Prenatal visits,"7,067",48.5,
Mississippi,2018,201803,Postpartum bundled payments,"1,202",8.3,
Mississippi,2018,201803,Postpartum visits,"2,577",17.9,
Mississippi,2018,201803,Prenatal bundled payments,"10,271",71.3,
Mississippi,2018,201803,Prenatal visits,"7,557",52.5,
Mississippi,2018,201804,Postpartum bundled payments,"1,170",8.2,
Mississippi,2018,201804,Postpartum visits,"2,627",18.3,
Mississippi,2018,201804,Prenatal bundled payments,"10,020",69.9,
Mississippi,2018,201804,Prenatal visits,"7,438",51.9,
Mississippi,2018,201805,Postpartum bundled payments,"1,198",8.4,
Mississippi,2018,201805,Postpartum visits,"2,600",18.2,
Mississippi,2018,201805,Prenatal bundled payments,"11,046",77.4,
Mississippi,2018,201805,Prenatal visits,"7,900",55.3,
Mississippi,2018,201806,Postpartum bundled payments,"1,244",8.8,
Mississippi,2018,201806,Postpartum visits,"2,324",16.4,
Mississippi,2018,201806,Prenatal bundled payments,"10,157",71.5,
Mississippi,2018,201806,Prenatal visits,"7,196",50.7,
Mississippi,2018,201807,Postpartum bundled payments,"1,312",9.3,
Mississippi,2018,201807,Postpartum visits,"2,552",18.0,
Mississippi,2018,201807,Prenatal bundled payments,"11,152",78.9,
Mississippi,2018,201807,Prenatal visits,"7,472",52.8,
Mississippi,2018,201808,Postpartum bundled payments,"1,446",10.3,
Mississippi,2018,201808,Postpartum visits,"2,810",19.9,
Mississippi,2018,201808,Prenatal bundled payments,"11,555",82.0,
Mississippi,2018,201808,Prenatal visits,"8,049",57.1,
Mississippi,2018,201809,Postpartum bundled payments,"1,300",9.3,
Mississippi,2018,201809,Postpartum visits,"2,462",17.6,
Mississippi,2018,201809,Prenatal bundled payments,"9,780",70.0,
Mississippi,2018,201809,Prenatal visits,"6,844",49.0,
Mississippi,2018,201810,Postpartum bundled payments,"1,309",9.4,
Mississippi,2018,201810,Postpartum visits,"2,917",20.9,
Mississippi,2018,201810,Prenatal bundled payments,"11,398",81.8,
Mississippi,2018,201810,Prenatal visits,"7,824",56.1,
Mississippi,2018,201811,Postpartum bundled payments,"1,328",9.6,
Mississippi,2018,201811,Postpartum visits,"2,305",16.6,
Mississippi,2018,201811,Prenatal bundled payments,"10,373",74.9,
Mississippi,2018,201811,Prenatal visits,"7,015",50.7,
Mississippi,2018,201812,Postpartum bundled payments,"1,366",9.9,
Mississippi,2018,201812,Postpartum visits,"2,100",15.2,
Mississippi,2018,201812,Prenatal bundled payments,"9,445",68.3,
Mississippi,2018,201812,Prenatal visits,"6,524",47.2,
Mississippi,2019,201901,Postpartum bundled payments,"1,404",6.1,
Mississippi,2019,201901,Postpartum visits,"2,848",12.3,
Mississippi,2019,201901,Prenatal bundled payments,"10,727",46.4,
Mississippi,2019,201901,Prenatal visits,"7,924",34.3,
Mississippi,2019,201902,Postpartum bundled payments,"1,155",5.0,
Mississippi,2019,201902,Postpartum visits,"2,624",11.4,
Mississippi,2019,201902,Prenatal bundled payments,"9,082",39.5,
Mississippi,2019,201902,Prenatal visits,"6,952",30.3,
Mississippi,2019,201903,Postpartum bundled payments,"1,206",5.3,
Mississippi,2019,201903,Postpartum visits,"2,697",11.9,
Mississippi,2019,201903,Prenatal bundled payments,"9,259",40.8,
Mississippi,2019,201903,Prenatal visits,"7,105",31.3,
Mississippi,2019,201904,Postpartum bundled payments,"1,209",5.3,
Mississippi,2019,201904,Postpartum visits,"2,812",12.3,
Mississippi,2019,201904,Prenatal bundled payments,"10,253",44.9,
Mississippi,2019,201904,Prenatal visits,"7,745",33.9,
Mississippi,2019,201905,Postpartum bundled payments,"1,199",5.3,
Mississippi,2019,201905,Postpartum visits,"2,924",13.0,
Mississippi,2019,201905,Prenatal bundled payments,"10,683",47.4,
Mississippi,2019,201905,Prenatal visits,"7,928",35.2,
Mississippi,2019,201906,Postpartum bundled payments,"1,102",5.0,
Mississippi,2019,201906,Postpartum visits,"2,522",11.4,
Mississippi,2019,201906,Prenatal bundled payments,"10,068",45.5,
Mississippi,2019,201906,Prenatal visits,"7,137",32.3,
Mississippi,2019,201907,Postpartum bundled payments,"1,350",6.0,
Mississippi,2019,201907,Postpartum visits,"2,854",12.7,
Mississippi,2019,201907,Prenatal bundled payments,"11,793",52.3,
Mississippi,2019,201907,Prenatal visits,"7,856",34.9,
Mississippi,2019,201908,Postpartum bundled payments,"1,336",5.8,
Mississippi,2019,201908,Postpartum visits,"3,104",13.5,
Mississippi,2019,201908,Prenatal bundled payments,"11,347",49.4,
Mississippi,2019,201908,Prenatal visits,"7,635",33.3,
Mississippi,2019,201909,Postpartum bundled payments,"1,385",6.1,
Mississippi,2019,201909,Postpartum visits,"2,752",12.2,
Mississippi,2019,201909,Prenatal bundled payments,"10,841",47.9,
Mississippi,2019,201909,Prenatal visits,"7,058",31.2,
Mississippi,2019,201910,Postpartum bundled payments,"1,393",6.1,
Mississippi,2019,201910,Postpartum visits,"3,096",13.5,
Mississippi,2019,201910,Prenatal bundled payments,"12,044",52.6,
Mississippi,2019,201910,Prenatal visits,"7,579",33.1,
Mississippi,2019,201911,Postpartum bundled payments,"1,250",5.6,
Mississippi,2019,201911,Postpartum visits,"2,437",10.9,
Mississippi,2019,201911,Prenatal bundled payments,"10,122",45.4,
Mississippi,2019,201911,Prenatal visits,"6,194",27.8,
Mississippi,2019,201912,Postpartum bundled payments,"1,445",6.6,
Mississippi,2019,201912,Postpartum visits,"2,342",10.6,
Mississippi,2019,201912,Prenatal bundled payments,"10,667",48.4,
Mississippi,2019,201912,Prenatal visits,"6,587",29.9,
Mississippi,2020,202001,Postpartum bundled payments,"1,377",6.0,
Mississippi,2020,202001,Postpartum visits,"3,090",13.5,
Mississippi,2020,202001,Prenatal bundled payments,"10,581",46.2,
Mississippi,2020,202001,Prenatal visits,"7,298",31.8,
Mississippi,2020,202002,Postpartum bundled payments,"1,183",5.3,
Mississippi,2020,202002,Postpartum visits,"2,671",11.9,
Mississippi,2020,202002,Prenatal bundled payments,"9,029",40.1,
Mississippi,2020,202002,Prenatal visits,"6,920",30.7,
Mississippi,2020,202003,Postpartum bundled payments,"1,220",5.6,
Mississippi,2020,202003,Postpartum visits,"1,992",9.2,
Mississippi,2020,202003,Prenatal bundled payments,"9,421",43.6,
Mississippi,2020,202003,Prenatal visits,"7,380",34.1,
Mississippi,2020,202004,Postpartum bundled payments,"1,155",5.7,
Mississippi,2020,202004,Postpartum visits,"1,135",5.6,
Mississippi,2020,202004,Prenatal bundled payments,"9,570",46.9,
Mississippi,2020,202004,Prenatal visits,"7,010",34.4,
Mississippi,2020,202005,Postpartum bundled payments,"1,157",5.3,
Mississippi,2020,202005,Postpartum visits,"1,686",7.8,
Mississippi,2020,202005,Prenatal bundled payments,"9,435",43.4,
Mississippi,2020,202005,Prenatal visits,"6,601",30.4,
Mississippi,2020,202006,Postpartum bundled payments,"1,247",5.4,
Mississippi,2020,202006,Postpartum visits,"2,700",11.6,
Mississippi,2020,202006,Prenatal bundled payments,"10,839",46.6,
Mississippi,2020,202006,Prenatal visits,"7,510",32.3,
Mississippi,2020,202007,Postpartum bundled payments,"1,364",5.7,
Mississippi,2020,202007,Postpartum visits,"2,881",12.0,
Mississippi,2020,202007,Prenatal bundled payments,"11,279",47.0,
Mississippi,2020,202007,Prenatal visits,"7,254",30.3,
Mississippi,2020,202008,Postpartum bundled payments,"1,390",5.7,
Mississippi,2020,202008,Postpartum visits,"3,088",12.7,
Mississippi,2020,202008,Prenatal bundled payments,"10,484",43.0,
Mississippi,2020,202008,Prenatal visits,"6,844",28.0,
Mississippi,2020,202009,Postpartum bundled payments,"1,330",5.4,
Mississippi,2020,202009,Postpartum visits,"3,249",13.1,
Mississippi,2020,202009,Prenatal bundled payments,"10,392",42.0,
Mississippi,2020,202009,Prenatal visits,"7,072",28.5,
Mississippi,2020,202010,Postpartum bundled payments,"1,327",5.2,
Mississippi,2020,202010,Postpartum visits,"3,348",13.2,
Mississippi,2020,202010,Prenatal bundled payments,"9,862",38.8,
Mississippi,2020,202010,Prenatal visits,"7,240",28.5,
Mississippi,2020,202011,Postpartum bundled payments,"1,264",5.0,
Mississippi,2020,202011,Postpartum visits,"2,679",10.6,
Mississippi,2020,202011,Prenatal bundled payments,"9,224",36.4,
Mississippi,2020,202011,Prenatal visits,"6,519",25.7,
Mississippi,2020,202012,Postpartum bundled payments,"1,317",5.1,
Mississippi,2020,202012,Postpartum visits,"2,693",10.5,
Mississippi,2020,202012,Prenatal bundled payments,"10,097",39.2,
Mississippi,2020,202012,Prenatal visits,"7,098",27.5,
Mississippi,2021,202101,Postpartum bundled payments,"1,234",4.7,
Mississippi,2021,202101,Postpartum visits,"2,819",10.7,
Mississippi,2021,202101,Prenatal bundled payments,"8,812",33.5,
Mississippi,2021,202101,Prenatal visits,"6,930",26.4,
Mississippi,2021,202102,Postpartum bundled payments,"1,106",4.3,
Mississippi,2021,202102,Postpartum visits,"2,225",8.6,
Mississippi,2021,202102,Prenatal bundled payments,"7,766",30.1,
Mississippi,2021,202102,Prenatal visits,"6,137",23.8,
Mississippi,2021,202103,Postpartum bundled payments,"1,262",4.6,
Mississippi,2021,202103,Postpartum visits,"3,075",11.3,
Mississippi,2021,202103,Prenatal bundled payments,"9,676",35.5,
Mississippi,2021,202103,Prenatal visits,"8,277",30.4,
Mississippi,2021,202104,Postpartum bundled payments,"1,070",3.9,
Mississippi,2021,202104,Postpartum visits,"2,811",10.2,
Mississippi,2021,202104,Prenatal bundled payments,"9,319",33.9,
Mississippi,2021,202104,Prenatal visits,"7,826",28.4,
Mississippi,2021,202105,Postpartum bundled payments,"1,119",4.1,
Mississippi,2021,202105,Postpartum visits,"2,574",9.4,
Mississippi,2021,202105,Prenatal bundled payments,"8,972",32.9,
Mississippi,2021,202105,Prenatal visits,"7,232",26.5,
Mississippi,2021,202106,Postpartum bundled payments,"1,247",4.5,
Mississippi,2021,202106,Postpartum visits,"2,927",10.5,
Mississippi,2021,202106,Prenatal bundled payments,"10,714",38.6,
Mississippi,2021,202106,Prenatal visits,"7,919",28.5,
Mississippi,2021,202107,Postpartum bundled payments,"1,281",4.6,
Mississippi,2021,202107,Postpartum visits,"2,569",9.1,
Mississippi,2021,202107,Prenatal bundled payments,"10,152",36.1,
Mississippi,2021,202107,Prenatal visits,"7,248",25.8,
Mississippi,2021,202108,Postpartum bundled payments,"1,352",4.6,
Mississippi,2021,202108,Postpartum visits,"2,818",9.5,
Mississippi,2021,202108,Prenatal bundled payments,"9,783",33.0,
Mississippi,2021,202108,Prenatal visits,"7,032",23.7,
Mississippi,2021,202109,Postpartum bundled payments,"1,322",4.5,
Mississippi,2021,202109,Postpartum visits,"3,071",10.5,
Mississippi,2021,202109,Prenatal bundled payments,"10,309",35.4,
Mississippi,2021,202109,Prenatal visits,"7,253",24.9,
Mississippi,2021,202110,Postpartum bundled payments,"1,243",4.3,
Mississippi,2021,202110,Postpartum visits,"3,218",11.1,
Mississippi,2021,202110,Prenatal bundled payments,"9,047",31.2,
Mississippi,2021,202110,Prenatal visits,"8,211",28.3,
Mississippi,2021,202111,Postpartum bundled payments,"1,125",3.9,
Mississippi,2021,202111,Postpartum visits,"3,150",10.8,
Mississippi,2021,202111,Prenatal bundled payments,"9,237",31.8,
Mississippi,2021,202111,Prenatal visits,"8,552",29.4,
Mississippi,2021,202112,Postpartum bundled payments,"1,180",4.0,
Mississippi,2021,202112,Postpartum visits,"2,871",9.7,
Mississippi,2021,202112,Prenatal bundled payments,"9,161",31.0,
Mississippi,2021,202112,Prenatal visits,"8,706",29.5,
Mississippi,2022,202201,Postpartum bundled payments,"1,158",3.8,
Mississippi,2022,202201,Postpartum visits,"3,144",10.2,
Mississippi,2022,202201,Prenatal bundled payments,"8,489",27.5,
Mississippi,2022,202201,Prenatal visits,"8,857",28.7,
Mississippi,2022,202202,Postpartum bundled payments,"1,089",3.7,
Mississippi,2022,202202,Postpartum visits,"3,218",10.9,
Mississippi,2022,202202,Prenatal bundled payments,"8,191",27.8,
Mississippi,2022,202202,Prenatal visits,"8,431",28.7,
Mississippi,2022,202203,Postpartum bundled payments,"1,152",3.8,
Mississippi,2022,202203,Postpartum visits,"3,534",11.7,
Mississippi,2022,202203,Prenatal bundled payments,"9,231",30.6,
Mississippi,2022,202203,Prenatal visits,"9,726",32.2,
Mississippi,2022,202204,Postpartum bundled payments,"1,105",3.7,
Mississippi,2022,202204,Postpartum visits,"3,246",10.8,
Mississippi,2022,202204,Prenatal bundled payments,"8,448",28.0,
Mississippi,2022,202204,Prenatal visits,"8,950",29.7,
Mississippi,2022,202205,Postpartum bundled payments,"1,064",3.5,
Mississippi,2022,202205,Postpartum visits,"3,326",11.0,
Mississippi,2022,202205,Prenatal bundled payments,"9,164",30.4,
Mississippi,2022,202205,Prenatal visits,"9,484",31.4,
Mississippi,2022,202206,Postpartum bundled payments,"1,175",3.9,
Mississippi,2022,202206,Postpartum visits,"3,574",11.8,
Mississippi,2022,202206,Prenatal bundled payments,"10,080",33.2,
Mississippi,2022,202206,Prenatal visits,"10,153",33.5,
Mississippi,2022,202207,Postpartum bundled payments,"1,504",5.0,
Mississippi,2022,202207,Postpartum visits,"3,350",11.1,
Mississippi,2022,202207,Prenatal bundled payments,"11,428",37.9,
Mississippi,2022,202207,Prenatal visits,"10,501",34.8,
Mississippi,2022,202208,Postpartum bundled payments,"1,405",4.6,
Mississippi,2022,202208,Postpartum visits,"4,382",14.3,
Mississippi,2022,202208,Prenatal bundled payments,"10,854",35.4,
Mississippi,2022,202208,Prenatal visits,"10,759",35.1,
Mississippi,2022,202209,Postpartum bundled payments,977,4.1,
Mississippi,2022,202209,Postpartum visits,"3,474",14.6,
Mississippi,2022,202209,Prenatal bundled payments,"7,786",32.7,
Mississippi,2022,202209,Prenatal visits,"7,977",33.5,
Mississippi,2022,202210,Postpartum bundled payments,963,4.6,
Mississippi,2022,202210,Postpartum visits,"3,099",14.7,
Mississippi,2022,202210,Prenatal bundled payments,"8,201",38.9,
Mississippi,2022,202210,Prenatal visits,"8,160",38.7,
Mississippi,2022,202211,Postpartum bundled payments,"1,031",4.8,
Mississippi,2022,202211,Postpartum visits,"2,902",13.6,
Mississippi,2022,202211,Prenatal bundled payments,"8,706",40.9,
Mississippi,2022,202211,Prenatal visits,"8,462",39.8,
Mississippi,2022,202212,Postpartum bundled payments,"1,082",5.0,
Mississippi,2022,202212,Postpartum visits,"2,853",13.3,
Mississippi,2022,202212,Prenatal bundled payments,"8,140",38.0,
Mississippi,2022,202212,Prenatal visits,"8,188",38.2,
Missouri,2018,201801,Postpartum bundled payments,"1,110",5.6,
Missouri,2018,201801,Postpartum visits,"3,470",17.5,
Missouri,2018,201801,Prenatal bundled payments,957,4.8,
Missouri,2018,201801,Prenatal visits,"17,287",87.4,
Missouri,2018,201802,Postpartum bundled payments,"1,094",5.5,
Missouri,2018,201802,Postpartum visits,"2,881",14.6,
Missouri,2018,201802,Prenatal bundled payments,910,4.6,
Missouri,2018,201802,Prenatal visits,"13,985",70.7,
Missouri,2018,201803,Postpartum bundled payments,"1,106",5.6,
Missouri,2018,201803,Postpartum visits,"3,530",17.9,
Missouri,2018,201803,Prenatal bundled payments,930,4.7,
Missouri,2018,201803,Prenatal visits,"17,049",86.3,
Missouri,2018,201804,Postpartum bundled payments,"1,009",5.1,
Missouri,2018,201804,Postpartum visits,"3,335",16.9,
Missouri,2018,201804,Prenatal bundled payments,851,4.3,
Missouri,2018,201804,Prenatal visits,"16,804",85.2,
Missouri,2018,201805,Postpartum bundled payments,"1,080",5.5,
Missouri,2018,201805,Postpartum visits,"3,358",17.1,
Missouri,2018,201805,Prenatal bundled payments,944,4.8,
Missouri,2018,201805,Prenatal visits,"18,055",91.7,
Missouri,2018,201806,Postpartum bundled payments,"1,090",5.5,
Missouri,2018,201806,Postpartum visits,"3,191",16.2,
Missouri,2018,201806,Prenatal bundled payments,923,4.7,
Missouri,2018,201806,Prenatal visits,"16,382",83.4,
Missouri,2018,201807,Postpartum bundled payments,"1,144",5.8,
Missouri,2018,201807,Postpartum visits,"3,147",16.0,
Missouri,2018,201807,Prenatal bundled payments,953,4.8,
Missouri,2018,201807,Prenatal visits,"16,226",82.6,
Missouri,2018,201808,Postpartum bundled payments,"1,171",6.1,
Missouri,2018,201808,Postpartum visits,"3,509",18.1,
Missouri,2018,201808,Prenatal bundled payments,980,5.1,
Missouri,2018,201808,Prenatal visits,"17,159",88.7,
Missouri,2018,201809,Postpartum bundled payments,"1,144",6.0,
Missouri,2018,201809,Postpartum visits,"2,957",15.6,
Missouri,2018,201809,Prenatal bundled payments,981,5.2,
Missouri,2018,201809,Prenatal visits,"15,213",80.2,
Missouri,2018,201810,Postpartum bundled payments,"1,166",6.2,
Missouri,2018,201810,Postpartum visits,"3,429",18.3,
Missouri,2018,201810,Prenatal bundled payments,"1,000",5.3,
Missouri,2018,201810,Prenatal visits,"17,295",92.4,
Missouri,2018,201811,Postpartum bundled payments,"1,162",6.3,
Missouri,2018,201811,Postpartum visits,"2,928",16.0,
Missouri,2018,201811,Prenatal bundled payments,978,5.3,
Missouri,2018,201811,Prenatal visits,"15,641",85.2,
Missouri,2018,201812,Postpartum bundled payments,"1,157",6.4,
Missouri,2018,201812,Postpartum visits,"2,609",14.4,
Missouri,2018,201812,Prenatal bundled payments,980,5.4,
Missouri,2018,201812,Prenatal visits,"14,720",81.0,
Missouri,2019,201901,Postpartum bundled payments,"1,155",6.4,
Missouri,2019,201901,Postpartum visits,"3,402",18.7,
Missouri,2019,201901,Prenatal bundled payments,942,5.2,
Missouri,2019,201901,Prenatal visits,"17,181",94.7,
Missouri,2019,201902,Postpartum bundled payments,988,5.5,
Missouri,2019,201902,Postpartum visits,"2,996",16.6,
Missouri,2019,201902,Prenatal bundled payments,818,4.5,
Missouri,2019,201902,Prenatal visits,"15,341",85.0,
Missouri,2019,201903,Postpartum bundled payments,"1,012",5.6,
Missouri,2019,201903,Postpartum visits,"3,129",17.4,
Missouri,2019,201903,Prenatal bundled payments,821,4.6,
Missouri,2019,201903,Prenatal visits,"16,500",91.9,
Missouri,2019,201904,Postpartum bundled payments,998,5.6,
Missouri,2019,201904,Postpartum visits,"3,390",19.0,
Missouri,2019,201904,Prenatal bundled payments,966,5.4,
Missouri,2019,201904,Prenatal visits,"19,049",106.7,
Missouri,2019,201905,Postpartum bundled payments,699,4.0,
Missouri,2019,201905,Postpartum visits,"3,337",19.1,
Missouri,2019,201905,Prenatal bundled payments,564,3.2,
Missouri,2019,201905,Prenatal visits,"20,206",115.7,
Missouri,2019,201906,Postpartum bundled payments,636,3.6,
Missouri,2019,201906,Postpartum visits,"3,221",18.4,
Missouri,2019,201906,Prenatal bundled payments,522,3.0,
Missouri,2019,201906,Prenatal visits,"18,646",106.6,
Missouri,2019,201907,Postpartum bundled payments,654,3.8,
Missouri,2019,201907,Postpartum visits,"3,495",20.2,
Missouri,2019,201907,Prenatal bundled payments,526,3.0,
Missouri,2019,201907,Prenatal visits,"21,091",121.9,
Missouri,2019,201908,Postpartum bundled payments,717,4.2,
Missouri,2019,201908,Postpartum visits,"3,532",20.7,
Missouri,2019,201908,Prenatal bundled payments,593,3.5,
Missouri,2019,201908,Prenatal visits,"20,201",118.2,
Missouri,2019,201909,Postpartum bundled payments,684,4.1,
Missouri,2019,201909,Postpartum visits,"3,428",20.4,
Missouri,2019,201909,Prenatal bundled payments,573,3.4,
Missouri,2019,201909,Prenatal visits,"18,921",112.8,
Missouri,2019,201910,Postpartum bundled payments,653,3.9,
Missouri,2019,201910,Postpartum visits,"3,894",23.2,
Missouri,2019,201910,Prenatal bundled payments,571,3.4,
Missouri,2019,201910,Prenatal visits,"20,117",120.0,
Missouri,2019,201911,Postpartum bundled payments,580,3.5,
Missouri,2019,201911,Postpartum visits,"2,998",18.0,
Missouri,2019,201911,Prenatal bundled payments,509,3.1,
Missouri,2019,201911,Prenatal visits,"17,155",103.1,
Missouri,2019,201912,Postpartum bundled payments,585,3.5,
Missouri,2019,201912,Postpartum visits,"2,887",17.3,
Missouri,2019,201912,Prenatal bundled payments,526,3.2,
Missouri,2019,201912,Prenatal visits,"18,374",110.1,
Missouri,2020,202001,Postpartum bundled payments,632,3.8,
Missouri,2020,202001,Postpartum visits,"3,576",21.4,
Missouri,2020,202001,Prenatal bundled payments,538,3.2,
Missouri,2020,202001,Prenatal visits,"20,049",120.2,
Missouri,2020,202002,Postpartum bundled payments,609,3.6,
Missouri,2020,202002,Postpartum visits,"3,096",18.5,
Missouri,2020,202002,Prenatal bundled payments,550,3.3,
Missouri,2020,202002,Prenatal visits,"17,635",105.5,
Missouri,2020,202003,Postpartum bundled payments,616,3.6,
Missouri,2020,202003,Postpartum visits,"2,689",15.9,
Missouri,2020,202003,Prenatal bundled payments,543,3.2,
Missouri,2020,202003,Prenatal visits,"18,279",108.0,
Missouri,2020,202004,Postpartum bundled payments,595,3.4,
Missouri,2020,202004,Postpartum visits,"1,944",11.2,
Missouri,2020,202004,Prenatal bundled payments,537,3.1,
Missouri,2020,202004,Prenatal visits,"17,373",100.4,
Missouri,2020,202005,Postpartum bundled payments,580,3.2,
Missouri,2020,202005,Postpartum visits,"2,578",14.4,
Missouri,2020,202005,Prenatal bundled payments,535,3.0,
Missouri,2020,202005,Prenatal visits,"17,728",99.0,
Missouri,2020,202006,Postpartum bundled payments,606,3.3,
Missouri,2020,202006,Postpartum visits,"3,473",18.8,
Missouri,2020,202006,Prenatal bundled payments,561,3.0,
Missouri,2020,202006,Prenatal visits,"20,207",109.4,
Missouri,2020,202007,Postpartum bundled payments,621,3.3,
Missouri,2020,202007,Postpartum visits,"3,794",19.9,
Missouri,2020,202007,Prenatal bundled payments,549,2.9,
Missouri,2020,202007,Prenatal visits,"20,239",106.2,
Missouri,2020,202008,Postpartum bundled payments,608,3.1,
Missouri,2020,202008,Postpartum visits,"3,828",19.5,
Missouri,2020,202008,Prenatal bundled payments,552,2.8,
Missouri,2020,202008,Prenatal visits,"18,931",96.5,
Missouri,2020,202009,Postpartum bundled payments,580,2.9,
Missouri,2020,202009,Postpartum visits,"3,911",19.5,
Missouri,2020,202009,Prenatal bundled payments,531,2.6,
Missouri,2020,202009,Prenatal visits,"19,043",94.8,
Missouri,2020,202010,Postpartum bundled payments,591,2.9,
Missouri,2020,202010,Postpartum visits,"3,944",19.2,
Missouri,2020,202010,Prenatal bundled payments,530,2.6,
Missouri,2020,202010,Prenatal visits,"18,597",90.6,
Missouri,2020,202011,Postpartum bundled payments,522,2.5,
Missouri,2020,202011,Postpartum visits,"3,401",16.2,
Missouri,2020,202011,Prenatal bundled payments,466,2.2,
Missouri,2020,202011,Prenatal visits,"17,232",82.2,
Missouri,2020,202012,Postpartum bundled payments,588,2.7,
Missouri,2020,202012,Postpartum visits,"3,626",16.9,
Missouri,2020,202012,Prenatal bundled payments,571,2.7,
Missouri,2020,202012,Prenatal visits,"19,142",89.1,
Missouri,2021,202101,Postpartum bundled payments,659,3.0,
Missouri,2021,202101,Postpartum visits,"3,697",16.9,
Missouri,2021,202101,Prenatal bundled payments,595,2.7,
Missouri,2021,202101,Prenatal visits,"18,167",82.9,
Missouri,2021,202102,Postpartum bundled payments,487,2.2,
Missouri,2021,202102,Postpartum visits,"3,227",14.5,
Missouri,2021,202102,Prenatal bundled payments,463,2.1,
Missouri,2021,202102,Prenatal visits,"17,144",76.9,
Missouri,2021,202103,Postpartum bundled payments,601,2.6,
Missouri,2021,202103,Postpartum visits,"4,255",18.7,
Missouri,2021,202103,Prenatal bundled payments,539,2.4,
Missouri,2021,202103,Prenatal visits,"21,040",92.6,
Missouri,2021,202104,Postpartum bundled payments,571,2.5,
Missouri,2021,202104,Postpartum visits,"4,009",17.3,
Missouri,2021,202104,Prenatal bundled payments,534,2.3,
Missouri,2021,202104,Prenatal visits,"20,678",89.4,
Missouri,2021,202105,Postpartum bundled payments,577,2.5,
Missouri,2021,202105,Postpartum visits,"3,587",15.3,
Missouri,2021,202105,Prenatal bundled payments,511,2.2,
Missouri,2021,202105,Prenatal visits,"19,093",81.2,
Missouri,2021,202106,Postpartum bundled payments,618,2.6,
Missouri,2021,202106,Postpartum visits,"3,808",15.9,
Missouri,2021,202106,Prenatal bundled payments,571,2.4,
Missouri,2021,202106,Prenatal visits,"21,204",88.7,
Missouri,2021,202107,Postpartum bundled payments,615,2.2,
Missouri,2021,202107,Postpartum visits,"3,773",13.7,
Missouri,2021,202107,Prenatal bundled payments,561,2.0,
Missouri,2021,202107,Prenatal visits,"19,887",72.1,
Missouri,2021,202108,Postpartum bundled payments,626,2.2,
Missouri,2021,202108,Postpartum visits,"4,210",15.0,
Missouri,2021,202108,Prenatal bundled payments,593,2.1,
Missouri,2021,202108,Prenatal visits,"20,466",72.8,
Missouri,2021,202109,Postpartum bundled payments,652,2.3,
Missouri,2021,202109,Postpartum visits,"4,289",15.0,
Missouri,2021,202109,Prenatal bundled payments,593,2.1,
Missouri,2021,202109,Prenatal visits,"19,953",69.9,
Missouri,2021,202110,Postpartum bundled payments,599,2.1,
Missouri,2021,202110,Postpartum visits,"4,005",13.9,
Missouri,2021,202110,Prenatal bundled payments,515,1.8,
Missouri,2021,202110,Prenatal visits,"18,832",65.4,
Missouri,2021,202111,Postpartum bundled payments,579,2.0,
Missouri,2021,202111,Postpartum visits,"4,103",13.9,
Missouri,2021,202111,Prenatal bundled payments,528,1.8,
Missouri,2021,202111,Prenatal visits,"19,501",66.0,
Missouri,2021,202112,Postpartum bundled payments,578,1.9,
Missouri,2021,202112,Postpartum visits,"3,973",13.1,
Missouri,2021,202112,Prenatal bundled payments,539,1.8,
Missouri,2021,202112,Prenatal visits,"19,471",64.0,
Missouri,2022,202201,Postpartum bundled payments,666,2.1,
Missouri,2022,202201,Postpartum visits,"4,376",14.0,
Missouri,2022,202201,Prenatal bundled payments,613,2.0,
Missouri,2022,202201,Prenatal visits,"19,603",62.9,
Missouri,2022,202202,Postpartum bundled payments,647,2.0,
Missouri,2022,202202,Postpartum visits,"3,812",12.1,
Missouri,2022,202202,Prenatal bundled payments,550,1.7,
Missouri,2022,202202,Prenatal visits,"17,300",54.8,
Missouri,2022,202203,Postpartum bundled payments,673,2.1,
Missouri,2022,202203,Postpartum visits,"5,201",16.2,
Missouri,2022,202203,Prenatal bundled payments,599,1.9,
Missouri,2022,202203,Prenatal visits,"21,677",67.4,
Missouri,2022,202204,Postpartum bundled payments,696,2.1,
Missouri,2022,202204,Postpartum visits,"4,862",14.8,
Missouri,2022,202204,Prenatal bundled payments,607,1.9,
Missouri,2022,202204,Prenatal visits,"19,780",60.4,
Missouri,2022,202205,Postpartum bundled payments,694,2.1,
Missouri,2022,202205,Postpartum visits,"4,864",14.6,
Missouri,2022,202205,Prenatal bundled payments,609,1.8,
Missouri,2022,202205,Prenatal visits,"20,758",62.4,
Missouri,2022,202206,Postpartum bundled payments,725,2.2,
Missouri,2022,202206,Postpartum visits,"4,892",14.5,
Missouri,2022,202206,Prenatal bundled payments,653,1.9,
Missouri,2022,202206,Prenatal visits,"22,723",67.4,
Missouri,2022,202207,Postpartum bundled payments,726,2.1,
Missouri,2022,202207,Postpartum visits,"4,346",12.7,
Missouri,2022,202207,Prenatal bundled payments,602,1.8,
Missouri,2022,202207,Prenatal visits,"21,072",61.7,
Missouri,2022,202208,Postpartum bundled payments,392,1.1,
Missouri,2022,202208,Postpartum visits,"5,594",16.1,
Missouri,2022,202208,Prenatal bundled payments,299,0.9,
Missouri,2022,202208,Prenatal visits,"24,787",71.4,
Missouri,2022,202209,Postpartum bundled payments,345,1.0,
Missouri,2022,202209,Postpartum visits,"5,211",14.8,
Missouri,2022,202209,Prenatal bundled payments,279,0.8,
Missouri,2022,202209,Prenatal visits,"22,931",65.2,
Missouri,2022,202210,Postpartum bundled payments,318,0.9,
Missouri,2022,202210,Postpartum visits,"5,238",14.7,
Missouri,2022,202210,Prenatal bundled payments,246,0.7,
Missouri,2022,202210,Prenatal visits,"22,000",61.7,
Missouri,2022,202211,Postpartum bundled payments,325,0.9,
Missouri,2022,202211,Postpartum visits,"4,944",13.6,
Missouri,2022,202211,Prenatal bundled payments,276,0.8,
Missouri,2022,202211,Prenatal visits,"22,820",62.9,
Missouri,2022,202212,Postpartum bundled payments,352,1.0,
Missouri,2022,202212,Postpartum visits,"4,562",12.4,
Missouri,2022,202212,Prenatal bundled payments,316,0.9,
Missouri,2022,202212,Prenatal visits,"21,852",59.2,
Montana,2018,201801,Postpartum bundled payments,348,5.4,
Montana,2018,201801,Postpartum visits,"1,068",16.4,
Montana,2018,201801,Prenatal bundled payments,354,5.5,
Montana,2018,201801,Prenatal visits,"1,942",29.9,
Montana,2018,201802,Postpartum bundled payments,311,4.8,
Montana,2018,201802,Postpartum visits,931,14.3,
Montana,2018,201802,Prenatal bundled payments,315,4.8,
Montana,2018,201802,Prenatal visits,"1,734",26.6,
Montana,2018,201803,Postpartum bundled payments,337,5.1,
Montana,2018,201803,Postpartum visits,"1,020",15.6,
Montana,2018,201803,Prenatal bundled payments,376,5.7,
Montana,2018,201803,Prenatal visits,"1,937",29.6,
Montana,2018,201804,Postpartum bundled payments,322,4.9,
Montana,2018,201804,Postpartum visits,"1,114",17.0,
Montana,2018,201804,Prenatal bundled payments,320,4.9,
Montana,2018,201804,Prenatal visits,"1,800",27.4,
Montana,2018,201805,Postpartum bundled payments,321,4.9,
Montana,2018,201805,Postpartum visits,"1,070",16.3,
Montana,2018,201805,Prenatal bundled payments,328,5.0,
Montana,2018,201805,Prenatal visits,"1,946",29.6,
Montana,2018,201806,Postpartum bundled payments,348,5.3,
Montana,2018,201806,Postpartum visits,989,15.0,
Montana,2018,201806,Prenatal bundled payments,368,5.6,
Montana,2018,201806,Prenatal visits,"1,697",25.7,
Montana,2018,201807,Postpartum bundled payments,339,5.1,
Montana,2018,201807,Postpartum visits,989,15.0,
Montana,2018,201807,Prenatal bundled payments,345,5.2,
Montana,2018,201807,Prenatal visits,"1,721",26.1,
Montana,2018,201808,Postpartum bundled payments,397,6.0,
Montana,2018,201808,Postpartum visits,"1,081",16.3,
Montana,2018,201808,Prenatal bundled payments,386,5.8,
Montana,2018,201808,Prenatal visits,"1,687",25.5,
Montana,2018,201809,Postpartum bundled payments,321,4.9,
Montana,2018,201809,Postpartum visits,988,15.0,
Montana,2018,201809,Prenatal bundled payments,319,4.8,
Montana,2018,201809,Prenatal visits,"1,547",23.5,
Montana,2018,201810,Postpartum bundled payments,312,4.7,
Montana,2018,201810,Postpartum visits,"1,106",16.8,
Montana,2018,201810,Prenatal bundled payments,307,4.7,
Montana,2018,201810,Prenatal visits,"1,827",27.7,
Montana,2018,201811,Postpartum bundled payments,303,4.6,
Montana,2018,201811,Postpartum visits,927,14.1,
Montana,2018,201811,Prenatal bundled payments,310,4.7,
Montana,2018,201811,Prenatal visits,"1,654",25.1,
Montana,2018,201812,Postpartum bundled payments,327,4.9,
Montana,2018,201812,Postpartum visits,851,12.9,
Montana,2018,201812,Prenatal bundled payments,340,5.1,
Montana,2018,201812,Prenatal visits,"1,655",25.0,
Montana,2019,201901,Postpartum bundled payments,332,5.0,
Montana,2019,201901,Postpartum visits,"1,099",16.4,
Montana,2019,201901,Prenatal bundled payments,328,4.9,
Montana,2019,201901,Prenatal visits,"1,937",29.0,
Montana,2019,201902,Postpartum bundled payments,312,4.7,
Montana,2019,201902,Postpartum visits,950,14.2,
Montana,2019,201902,Prenatal bundled payments,320,4.8,
Montana,2019,201902,Prenatal visits,"1,591",23.8,
Montana,2019,201903,Postpartum bundled payments,322,4.9,
Montana,2019,201903,Postpartum visits,940,14.2,
Montana,2019,201903,Prenatal bundled payments,330,5.0,
Montana,2019,201903,Prenatal visits,"1,763",26.6,
Montana,2019,201904,Postpartum bundled payments,310,4.7,
Montana,2019,201904,Postpartum visits,"1,056",16.0,
Montana,2019,201904,Prenatal bundled payments,335,5.1,
Montana,2019,201904,Prenatal visits,"1,766",26.8,
Montana,2019,201905,Postpartum bundled payments,299,4.6,
Montana,2019,201905,Postpartum visits,979,14.9,
Montana,2019,201905,Prenatal bundled payments,294,4.5,
Montana,2019,201905,Prenatal visits,"1,894",28.9,
Montana,2019,201906,Postpartum bundled payments,321,4.9,
Montana,2019,201906,Postpartum visits,928,14.3,
Montana,2019,201906,Prenatal bundled payments,323,5.0,
Montana,2019,201906,Prenatal visits,"1,696",26.1,
Montana,2019,201907,Postpartum bundled payments,325,5.1,
Montana,2019,201907,Postpartum visits,939,14.6,
Montana,2019,201907,Prenatal bundled payments,344,5.4,
Montana,2019,201907,Prenatal visits,"1,866",29.1,
Montana,2019,201908,Postpartum bundled payments,336,5.3,
Montana,2019,201908,Postpartum visits,956,15.0,
Montana,2019,201908,Prenatal bundled payments,318,5.0,
Montana,2019,201908,Prenatal visits,"1,736",27.2,
Montana,2019,201909,Postpartum bundled payments,316,5.0,
Montana,2019,201909,Postpartum visits,900,14.2,
Montana,2019,201909,Prenatal bundled payments,327,5.2,
Montana,2019,201909,Prenatal visits,"1,601",25.2,
Montana,2019,201910,Postpartum bundled payments,279,4.4,
Montana,2019,201910,Postpartum visits,"1,075",17.0,
Montana,2019,201910,Prenatal bundled payments,267,4.2,
Montana,2019,201910,Prenatal visits,"1,679",26.5,
Montana,2019,201911,Postpartum bundled payments,283,4.5,
Montana,2019,201911,Postpartum visits,904,14.4,
Montana,2019,201911,Prenatal bundled payments,287,4.6,
Montana,2019,201911,Prenatal visits,"1,519",24.1,
Montana,2019,201912,Postpartum bundled payments,278,4.5,
Montana,2019,201912,Postpartum visits,847,13.6,
Montana,2019,201912,Prenatal bundled payments,258,4.1,
Montana,2019,201912,Prenatal visits,"1,560",25.0,
Montana,2020,202001,Postpartum bundled payments,269,4.3,
Montana,2020,202001,Postpartum visits,"1,074",17.3,
Montana,2020,202001,Prenatal bundled payments,279,4.5,
Montana,2020,202001,Prenatal visits,"1,732",27.9,
Montana,2020,202002,Postpartum bundled payments,324,5.3,
Montana,2020,202002,Postpartum visits,899,14.8,
Montana,2020,202002,Prenatal bundled payments,303,5.0,
Montana,2020,202002,Prenatal visits,"1,552",25.6,
Montana,2020,202003,Postpartum bundled payments,285,4.7,
Montana,2020,202003,Postpartum visits,689,11.5,
Montana,2020,202003,Prenatal bundled payments,282,4.7,
Montana,2020,202003,Prenatal visits,"1,511",25.2,
Montana,2020,202004,Postpartum bundled payments,243,4.0,
Montana,2020,202004,Postpartum visits,492,8.1,
Montana,2020,202004,Prenatal bundled payments,245,4.0,
Montana,2020,202004,Prenatal visits,"1,374",22.5,
Montana,2020,202005,Postpartum bundled payments,307,5.0,
Montana,2020,202005,Postpartum visits,715,11.5,
Montana,2020,202005,Prenatal bundled payments,285,4.6,
Montana,2020,202005,Prenatal visits,"1,416",22.8,
Montana,2020,202006,Postpartum bundled payments,278,4.4,
Montana,2020,202006,Postpartum visits,975,15.5,
Montana,2020,202006,Prenatal bundled payments,299,4.8,
Montana,2020,202006,Prenatal visits,"1,609",25.6,
Montana,2020,202007,Postpartum bundled payments,297,4.7,
Montana,2020,202007,Postpartum visits,988,15.5,
Montana,2020,202007,Prenatal bundled payments,302,4.7,
Montana,2020,202007,Prenatal visits,"1,607",25.2,
Montana,2020,202008,Postpartum bundled payments,274,4.2,
Montana,2020,202008,Postpartum visits,897,13.8,
Montana,2020,202008,Prenatal bundled payments,272,4.2,
Montana,2020,202008,Prenatal visits,"1,413",21.8,
Montana,2020,202009,Postpartum bundled payments,292,4.4,
Montana,2020,202009,Postpartum visits,986,15.0,
Montana,2020,202009,Prenatal bundled payments,300,4.6,
Montana,2020,202009,Prenatal visits,"1,507",23.0,
Montana,2020,202010,Postpartum bundled payments,289,4.3,
Montana,2020,202010,Postpartum visits,948,14.3,
Montana,2020,202010,Prenatal bundled payments,277,4.2,
Montana,2020,202010,Prenatal visits,"1,515",22.8,
Montana,2020,202011,Postpartum bundled payments,252,3.7,
Montana,2020,202011,Postpartum visits,852,12.6,
Montana,2020,202011,Prenatal bundled payments,260,3.8,
Montana,2020,202011,Prenatal visits,"1,379",20.4,
Montana,2020,202012,Postpartum bundled payments,297,4.3,
Montana,2020,202012,Postpartum visits,887,12.8,
Montana,2020,202012,Prenatal bundled payments,305,4.4,
Montana,2020,202012,Prenatal visits,"1,534",22.1,
Montana,2021,202101,Postpartum bundled payments,271,3.9,
Montana,2021,202101,Postpartum visits,"1,001",14.4,
Montana,2021,202101,Prenatal bundled payments,280,4.0,
Montana,2021,202101,Prenatal visits,"1,568",22.5,
Montana,2021,202102,Postpartum bundled payments,232,3.3,
Montana,2021,202102,Postpartum visits,965,13.7,
Montana,2021,202102,Prenatal bundled payments,233,3.3,
Montana,2021,202102,Prenatal visits,"1,649",23.5,
Montana,2021,202103,Postpartum bundled payments,319,4.5,
Montana,2021,202103,Postpartum visits,"1,194",16.9,
Montana,2021,202103,Prenatal bundled payments,326,4.6,
Montana,2021,202103,Prenatal visits,"1,716",24.2,
Montana,2021,202104,Postpartum bundled payments,307,4.3,
Montana,2021,202104,Postpartum visits,"1,109",15.6,
Montana,2021,202104,Prenatal bundled payments,296,4.2,
Montana,2021,202104,Prenatal visits,"1,639",23.0,
Montana,2021,202105,Postpartum bundled payments,284,4.0,
Montana,2021,202105,Postpartum visits,948,13.2,
Montana,2021,202105,Prenatal bundled payments,269,3.7,
Montana,2021,202105,Prenatal visits,"1,532",21.3,
Montana,2021,202106,Postpartum bundled payments,316,4.4,
Montana,2021,202106,Postpartum visits,904,12.5,
Montana,2021,202106,Prenatal bundled payments,327,4.5,
Montana,2021,202106,Prenatal visits,"1,762",24.3,
Montana,2021,202107,Postpartum bundled payments,320,4.4,
Montana,2021,202107,Postpartum visits,888,12.2,
Montana,2021,202107,Prenatal bundled payments,321,4.4,
Montana,2021,202107,Prenatal visits,"1,618",22.2,
Montana,2021,202108,Postpartum bundled payments,307,4.2,
Montana,2021,202108,Postpartum visits,931,12.6,
Montana,2021,202108,Prenatal bundled payments,292,4.0,
Montana,2021,202108,Prenatal visits,"1,644",22.3,
Montana,2021,202109,Postpartum bundled payments,289,3.9,
Montana,2021,202109,Postpartum visits,924,12.5,
Montana,2021,202109,Prenatal bundled payments,296,4.0,
Montana,2021,202109,Prenatal visits,"1,545",20.8,
Montana,2021,202110,Postpartum bundled payments,281,3.8,
Montana,2021,202110,Postpartum visits,910,12.2,
Montana,2021,202110,Prenatal bundled payments,283,3.8,
Montana,2021,202110,Prenatal visits,"1,453",19.5,
Montana,2021,202111,Postpartum bundled payments,256,3.4,
Montana,2021,202111,Postpartum visits,920,12.2,
Montana,2021,202111,Prenatal bundled payments,240,3.2,
Montana,2021,202111,Prenatal visits,"1,533",20.4,
Montana,2021,202112,Postpartum bundled payments,315,4.1,
Montana,2021,202112,Postpartum visits,872,11.4,
Montana,2021,202112,Prenatal bundled payments,303,4.0,
Montana,2021,202112,Prenatal visits,"1,569",20.6,
Montana,2022,202201,Postpartum bundled payments,263,3.4,
Montana,2022,202201,Postpartum visits,906,11.8,
Montana,2022,202201,Prenatal bundled payments,249,3.2,
Montana,2022,202201,Prenatal visits,"1,571",20.4,
Montana,2022,202202,Postpartum bundled payments,261,3.4,
Montana,2022,202202,Postpartum visits,981,12.7,
Montana,2022,202202,Prenatal bundled payments,263,3.4,
Montana,2022,202202,Prenatal visits,"1,531",19.8,
Montana,2022,202203,Postpartum bundled payments,279,3.6,
Montana,2022,202203,Postpartum visits,"1,092",14.1,
Montana,2022,202203,Prenatal bundled payments,282,3.6,
Montana,2022,202203,Prenatal visits,"1,786",23.0,
Montana,2022,202204,Postpartum bundled payments,269,3.4,
Montana,2022,202204,Postpartum visits,"1,007",12.9,
Montana,2022,202204,Prenatal bundled payments,266,3.4,
Montana,2022,202204,Prenatal visits,"1,594",20.4,
Montana,2022,202205,Postpartum bundled payments,303,3.9,
Montana,2022,202205,Postpartum visits,997,12.7,
Montana,2022,202205,Prenatal bundled payments,276,3.5,
Montana,2022,202205,Prenatal visits,"1,666",21.3,
Montana,2022,202206,Postpartum bundled payments,288,3.7,
Montana,2022,202206,Postpartum visits,951,12.1,
Montana,2022,202206,Prenatal bundled payments,305,3.9,
Montana,2022,202206,Prenatal visits,"1,754",22.2,
Montana,2022,202207,Postpartum bundled payments,319,4.0,
Montana,2022,202207,Postpartum visits,798,10.1,
Montana,2022,202207,Prenatal bundled payments,288,3.6,
Montana,2022,202207,Prenatal visits,"1,504",19.0,
Montana,2022,202208,Postpartum bundled payments,306,3.8,
Montana,2022,202208,Postpartum visits,"1,080",13.6,
Montana,2022,202208,Prenatal bundled payments,294,3.7,
Montana,2022,202208,Prenatal visits,"1,760",22.1,
Montana,2022,202209,Postpartum bundled payments,282,3.5,
Montana,2022,202209,Postpartum visits,"1,020",12.7,
Montana,2022,202209,Prenatal bundled payments,284,3.5,
Montana,2022,202209,Prenatal visits,"1,561",19.5,
Montana,2022,202210,Postpartum bundled payments,292,3.6,
Montana,2022,202210,Postpartum visits,"1,010",12.5,
Montana,2022,202210,Prenatal bundled payments,282,3.5,
Montana,2022,202210,Prenatal visits,"1,521",18.9,
Montana,2022,202211,Postpartum bundled payments,265,3.3,
Montana,2022,202211,Postpartum visits,917,11.3,
Montana,2022,202211,Prenatal bundled payments,261,3.2,
Montana,2022,202211,Prenatal visits,"1,610",19.8,
Montana,2022,202212,Postpartum bundled payments,288,3.5,
Montana,2022,202212,Postpartum visits,857,10.4,
Montana,2022,202212,Prenatal bundled payments,279,3.4,
Montana,2022,202212,Prenatal visits,"1,580",19.1,
Nebraska,2018,201801,Postpartum bundled payments,588,13.1,
Nebraska,2018,201801,Postpartum visits,"1,014",22.7,
Nebraska,2018,201801,Prenatal bundled payments,718,16.0,
Nebraska,2018,201801,Prenatal visits,"1,842",41.2,
Nebraska,2018,201802,Postpartum bundled payments,617,13.8,
Nebraska,2018,201802,Postpartum visits,"1,042",23.3,
Nebraska,2018,201802,Prenatal bundled payments,710,15.8,
Nebraska,2018,201802,Prenatal visits,"1,615",36.0,
Nebraska,2018,201803,Postpartum bundled payments,593,13.2,
Nebraska,2018,201803,Postpartum visits,"1,055",23.5,
Nebraska,2018,201803,Prenatal bundled payments,728,16.2,
Nebraska,2018,201803,Prenatal visits,"1,753",39.0,
Nebraska,2018,201804,Postpartum bundled payments,557,12.4,
Nebraska,2018,201804,Postpartum visits,"1,033",23.0,
Nebraska,2018,201804,Prenatal bundled payments,687,15.3,
Nebraska,2018,201804,Prenatal visits,"1,767",39.4,
Nebraska,2018,201805,Postpartum bundled payments,682,15.3,
Nebraska,2018,201805,Postpartum visits,938,21.0,
Nebraska,2018,201805,Prenatal bundled payments,836,18.7,
Nebraska,2018,201805,Prenatal visits,"1,838",41.1,
Nebraska,2018,201806,Postpartum bundled payments,643,14.5,
Nebraska,2018,201806,Postpartum visits,833,18.8,
Nebraska,2018,201806,Prenatal bundled payments,802,18.1,
Nebraska,2018,201806,Prenatal visits,"1,725",39.0,
Nebraska,2018,201807,Postpartum bundled payments,688,15.6,
Nebraska,2018,201807,Postpartum visits,910,20.6,
Nebraska,2018,201807,Prenatal bundled payments,811,18.4,
Nebraska,2018,201807,Prenatal visits,"1,788",40.5,
Nebraska,2018,201808,Postpartum bundled payments,676,15.3,
Nebraska,2018,201808,Postpartum visits,"1,022",23.2,
Nebraska,2018,201808,Prenatal bundled payments,814,18.5,
Nebraska,2018,201808,Prenatal visits,"1,828",41.5,
Nebraska,2018,201809,Postpartum bundled payments,634,14.5,
Nebraska,2018,201809,Postpartum visits,810,18.5,
Nebraska,2018,201809,Prenatal bundled payments,730,16.7,
Nebraska,2018,201809,Prenatal visits,"1,683",38.4,
Nebraska,2018,201810,Postpartum bundled payments,608,13.9,
Nebraska,2018,201810,Postpartum visits,940,21.5,
Nebraska,2018,201810,Prenatal bundled payments,739,16.9,
Nebraska,2018,201810,Prenatal visits,"1,804",41.2,
Nebraska,2018,201811,Postpartum bundled payments,616,14.1,
Nebraska,2018,201811,Postpartum visits,823,18.9,
Nebraska,2018,201811,Prenatal bundled payments,766,17.6,
Nebraska,2018,201811,Prenatal visits,"1,643",37.7,
Nebraska,2018,201812,Postpartum bundled payments,660,15.1,
Nebraska,2018,201812,Postpartum visits,764,17.5,
Nebraska,2018,201812,Prenatal bundled payments,844,19.3,
Nebraska,2018,201812,Prenatal visits,"1,569",35.9,
Nebraska,2019,201901,Postpartum bundled payments,653,14.9,
Nebraska,2019,201901,Postpartum visits,894,20.4,
Nebraska,2019,201901,Prenatal bundled payments,787,18.0,
Nebraska,2019,201901,Prenatal visits,"1,902",43.4,
Nebraska,2019,201902,Postpartum bundled payments,579,13.1,
Nebraska,2019,201902,Postpartum visits,828,18.7,
Nebraska,2019,201902,Prenatal bundled payments,682,15.4,
Nebraska,2019,201902,Prenatal visits,"1,642",37.1,
Nebraska,2019,201903,Postpartum bundled payments,583,13.1,
Nebraska,2019,201903,Postpartum visits,826,18.6,
Nebraska,2019,201903,Prenatal bundled payments,699,15.7,
Nebraska,2019,201903,Prenatal visits,"1,649",37.0,
Nebraska,2019,201904,Postpartum bundled payments,639,14.5,
Nebraska,2019,201904,Postpartum visits,970,22.0,
Nebraska,2019,201904,Prenatal bundled payments,764,17.3,
Nebraska,2019,201904,Prenatal visits,"1,733",39.3,
Nebraska,2019,201905,Postpartum bundled payments,617,14.1,
Nebraska,2019,201905,Postpartum visits,979,22.4,
Nebraska,2019,201905,Prenatal bundled payments,733,16.7,
Nebraska,2019,201905,Prenatal visits,"1,782",40.7,
Nebraska,2019,201906,Postpartum bundled payments,631,14.4,
Nebraska,2019,201906,Postpartum visits,919,21.0,
Nebraska,2019,201906,Prenatal bundled payments,725,16.6,
Nebraska,2019,201906,Prenatal visits,"1,652",37.8,
Nebraska,2019,201907,Postpartum bundled payments,647,14.8,
Nebraska,2019,201907,Postpartum visits,965,22.0,
Nebraska,2019,201907,Prenatal bundled payments,770,17.6,
Nebraska,2019,201907,Prenatal visits,"1,790",40.8,
Nebraska,2019,201908,Postpartum bundled payments,667,15.2,
Nebraska,2019,201908,Postpartum visits,"1,065",24.2,
Nebraska,2019,201908,Prenatal bundled payments,773,17.6,
Nebraska,2019,201908,Prenatal visits,"1,745",39.7,
Nebraska,2019,201909,Postpartum bundled payments,572,13.0,
Nebraska,2019,201909,Postpartum visits,"1,004",22.8,
Nebraska,2019,201909,Prenatal bundled payments,695,15.8,
Nebraska,2019,201909,Prenatal visits,"1,750",39.8,
Nebraska,2019,201910,Postpartum bundled payments,612,13.9,
Nebraska,2019,201910,Postpartum visits,"1,026",23.3,
Nebraska,2019,201910,Prenatal bundled payments,719,16.3,
Nebraska,2019,201910,Prenatal visits,"1,855",42.1,
Nebraska,2019,201911,Postpartum bundled payments,534,12.1,
Nebraska,2019,201911,Postpartum visits,881,20.0,
Nebraska,2019,201911,Prenatal bundled payments,610,13.8,
Nebraska,2019,201911,Prenatal visits,"1,600",36.3,
Nebraska,2019,201912,Postpartum bundled payments,607,13.8,
Nebraska,2019,201912,Postpartum visits,864,19.6,
Nebraska,2019,201912,Prenatal bundled payments,729,16.5,
Nebraska,2019,201912,Prenatal visits,"1,834",41.6,
Nebraska,2020,202001,Postpartum bundled payments,657,14.9,
Nebraska,2020,202001,Postpartum visits,"1,123",25.5,
Nebraska,2020,202001,Prenatal bundled payments,758,17.2,
Nebraska,2020,202001,Prenatal visits,"1,974",44.8,
Nebraska,2020,202002,Postpartum bundled payments,576,13.0,
Nebraska,2020,202002,Postpartum visits,995,22.4,
Nebraska,2020,202002,Prenatal bundled payments,629,14.2,
Nebraska,2020,202002,Prenatal visits,"1,735",39.1,
Nebraska,2020,202003,Postpartum bundled payments,653,14.7,
Nebraska,2020,202003,Postpartum visits,948,21.4,
Nebraska,2020,202003,Prenatal bundled payments,689,15.6,
Nebraska,2020,202003,Prenatal visits,"1,819",41.1,
Nebraska,2020,202004,Postpartum bundled payments,611,13.5,
Nebraska,2020,202004,Postpartum visits,713,15.8,
Nebraska,2020,202004,Prenatal bundled payments,694,15.3,
Nebraska,2020,202004,Prenatal visits,"1,568",34.6,
Nebraska,2020,202005,Postpartum bundled payments,592,12.7,
Nebraska,2020,202005,Postpartum visits,772,16.6,
Nebraska,2020,202005,Prenatal bundled payments,671,14.4,
Nebraska,2020,202005,Prenatal visits,"1,625",34.9,
Nebraska,2020,202006,Postpartum bundled payments,592,12.3,
Nebraska,2020,202006,Postpartum visits,"1,102",23.0,
Nebraska,2020,202006,Prenatal bundled payments,693,14.4,
Nebraska,2020,202006,Prenatal visits,"1,759",36.6,
Nebraska,2020,202007,Postpartum bundled payments,638,12.9,
Nebraska,2020,202007,Postpartum visits,"1,122",22.7,
Nebraska,2020,202007,Prenatal bundled payments,743,15.0,
Nebraska,2020,202007,Prenatal visits,"1,789",36.2,
Nebraska,2020,202008,Postpartum bundled payments,659,12.9,
Nebraska,2020,202008,Postpartum visits,"1,122",22.0,
Nebraska,2020,202008,Prenatal bundled payments,799,15.7,
Nebraska,2020,202008,Prenatal visits,"1,798",35.2,
Nebraska,2020,202009,Postpartum bundled payments,627,12.0,
Nebraska,2020,202009,Postpartum visits,"1,198",22.9,
Nebraska,2020,202009,Prenatal bundled payments,817,15.6,
Nebraska,2020,202009,Prenatal visits,"1,813",34.7,
Nebraska,2020,202010,Postpartum bundled payments,690,11.7,
Nebraska,2020,202010,Postpartum visits,"1,406",23.8,
Nebraska,2020,202010,Prenatal bundled payments,894,15.2,
Nebraska,2020,202010,Prenatal visits,"1,910",32.4,
Nebraska,2020,202011,Postpartum bundled payments,563,9.1,
Nebraska,2020,202011,Postpartum visits,"1,251",20.2,
Nebraska,2020,202011,Prenatal bundled payments,785,12.7,
Nebraska,2020,202011,Prenatal visits,"1,876",30.3,
Nebraska,2020,202012,Postpartum bundled payments,591,9.1,
Nebraska,2020,202012,Postpartum visits,"1,341",20.6,
Nebraska,2020,202012,Prenatal bundled payments,983,15.1,
Nebraska,2020,202012,Prenatal visits,"2,016",31.0,
Nebraska,2021,202101,Postpartum bundled payments,592,8.9,
Nebraska,2021,202101,Postpartum visits,"1,303",19.5,
Nebraska,2021,202101,Prenatal bundled payments,767,11.5,
Nebraska,2021,202101,Prenatal visits,"1,998",29.9,
Nebraska,2021,202102,Postpartum bundled payments,582,8.5,
Nebraska,2021,202102,Postpartum visits,"1,416",20.7,
Nebraska,2021,202102,Prenatal bundled payments,761,11.1,
Nebraska,2021,202102,Prenatal visits,"1,970",28.8,
Nebraska,2021,202103,Postpartum bundled payments,644,9.2,
Nebraska,2021,202103,Postpartum visits,"1,500",21.3,
Nebraska,2021,202103,Prenatal bundled payments,847,12.0,
Nebraska,2021,202103,Prenatal visits,"2,335",33.2,
Nebraska,2021,202104,Postpartum bundled payments,621,8.6,
Nebraska,2021,202104,Postpartum visits,"1,499",20.8,
Nebraska,2021,202104,Prenatal bundled payments,803,11.2,
Nebraska,2021,202104,Prenatal visits,"2,267",31.5,
Nebraska,2021,202105,Postpartum bundled payments,638,8.7,
Nebraska,2021,202105,Postpartum visits,"1,500",20.4,
Nebraska,2021,202105,Prenatal bundled payments,778,10.6,
Nebraska,2021,202105,Prenatal visits,"2,156",29.3,
Nebraska,2021,202106,Postpartum bundled payments,650,8.7,
Nebraska,2021,202106,Postpartum visits,"1,479",19.8,
Nebraska,2021,202106,Prenatal bundled payments,780,10.4,
Nebraska,2021,202106,Prenatal visits,"2,374",31.7,
Nebraska,2021,202107,Postpartum bundled payments,655,8.6,
Nebraska,2021,202107,Postpartum visits,"1,359",17.9,
Nebraska,2021,202107,Prenatal bundled payments,750,9.9,
Nebraska,2021,202107,Prenatal visits,"2,171",28.5,
Nebraska,2021,202108,Postpartum bundled payments,631,8.1,
Nebraska,2021,202108,Postpartum visits,"1,418",18.3,
Nebraska,2021,202108,Prenatal bundled payments,712,9.2,
Nebraska,2021,202108,Prenatal visits,"2,139",27.5,
Nebraska,2021,202109,Postpartum bundled payments,616,7.8,
Nebraska,2021,202109,Postpartum visits,"1,392",17.6,
Nebraska,2021,202109,Prenatal bundled payments,742,9.4,
Nebraska,2021,202109,Prenatal visits,"2,186",27.7,
Nebraska,2021,202110,Postpartum bundled payments,621,7.7,
Nebraska,2021,202110,Postpartum visits,"1,332",16.6,
Nebraska,2021,202110,Prenatal bundled payments,714,8.9,
Nebraska,2021,202110,Prenatal visits,"2,072",25.9,
Nebraska,2021,202111,Postpartum bundled payments,553,6.8,
Nebraska,2021,202111,Postpartum visits,"1,252",15.4,
Nebraska,2021,202111,Prenatal bundled payments,673,8.3,
Nebraska,2021,202111,Prenatal visits,"2,059",25.3,
Nebraska,2021,202112,Postpartum bundled payments,653,7.9,
Nebraska,2021,202112,Postpartum visits,"1,197",14.5,
Nebraska,2021,202112,Prenatal bundled payments,798,9.6,
Nebraska,2021,202112,Prenatal visits,"2,046",24.7,
Nebraska,2022,202201,Postpartum bundled payments,624,7.4,
Nebraska,2022,202201,Postpartum visits,"1,263",15.0,
Nebraska,2022,202201,Prenatal bundled payments,741,8.8,
Nebraska,2022,202201,Prenatal visits,"2,183",25.9,
Nebraska,2022,202202,Postpartum bundled payments,560,6.6,
Nebraska,2022,202202,Postpartum visits,"1,371",16.1,
Nebraska,2022,202202,Prenatal bundled payments,662,7.8,
Nebraska,2022,202202,Prenatal visits,"1,976",23.2,
Nebraska,2022,202203,Postpartum bundled payments,593,6.9,
Nebraska,2022,202203,Postpartum visits,"1,489",17.3,
Nebraska,2022,202203,Prenatal bundled payments,704,8.2,
Nebraska,2022,202203,Prenatal visits,"2,229",25.9,
Nebraska,2022,202204,Postpartum bundled payments,544,6.3,
Nebraska,2022,202204,Postpartum visits,"1,482",17.1,
Nebraska,2022,202204,Prenatal bundled payments,625,7.2,
Nebraska,2022,202204,Prenatal visits,"2,360",27.2,
Nebraska,2022,202205,Postpartum bundled payments,598,6.8,
Nebraska,2022,202205,Postpartum visits,"1,518",17.3,
Nebraska,2022,202205,Prenatal bundled payments,695,7.9,
Nebraska,2022,202205,Prenatal visits,"2,587",29.5,
Nebraska,2022,202206,Postpartum bundled payments,631,7.1,
Nebraska,2022,202206,Postpartum visits,"1,536",17.3,
Nebraska,2022,202206,Prenatal bundled payments,727,8.2,
Nebraska,2022,202206,Prenatal visits,"2,582",29.1,
Nebraska,2022,202207,Postpartum bundled payments,632,7.1,
Nebraska,2022,202207,Postpartum visits,"1,411",15.7,
Nebraska,2022,202207,Prenatal bundled payments,717,8.0,
Nebraska,2022,202207,Prenatal visits,"2,439",27.2,
Nebraska,2022,202208,Postpartum bundled payments,678,7.5,
Nebraska,2022,202208,Postpartum visits,"1,784",19.6,
Nebraska,2022,202208,Prenatal bundled payments,770,8.5,
Nebraska,2022,202208,Prenatal visits,"2,766",30.5,
Nebraska,2022,202209,Postpartum bundled payments,558,6.1,
Nebraska,2022,202209,Postpartum visits,"1,643",17.9,
Nebraska,2022,202209,Prenatal bundled payments,677,7.4,
Nebraska,2022,202209,Prenatal visits,"2,544",27.7,
Nebraska,2022,202210,Postpartum bundled payments,570,6.2,
Nebraska,2022,202210,Postpartum visits,"1,587",17.1,
Nebraska,2022,202210,Prenatal bundled payments,635,6.9,
Nebraska,2022,202210,Prenatal visits,"2,450",26.4,
Nebraska,2022,202211,Postpartum bundled payments,559,6.0,
Nebraska,2022,202211,Postpartum visits,"1,567",16.7,
Nebraska,2022,202211,Prenatal bundled payments,641,6.8,
Nebraska,2022,202211,Prenatal visits,"2,430",25.9,
Nebraska,2022,202212,Postpartum bundled payments,582,6.1,
Nebraska,2022,202212,Postpartum visits,"1,397",14.7,
Nebraska,2022,202212,Prenatal bundled payments,692,7.3,
Nebraska,2022,202212,Prenatal visits,"2,269",23.9,
Nevada,2018,201801,Postpartum bundled payments,"1,102",7.1,Unusable
Nevada,2018,201801,Postpartum visits,"3,015",19.5,Unusable
Nevada,2018,201801,Prenatal bundled payments,"1,091",7.0,Unusable
Nevada,2018,201801,Prenatal visits,"3,048",19.7,Unusable
Nevada,2018,201802,Postpartum bundled payments,953,6.2,Unusable
Nevada,2018,201802,Postpartum visits,"2,702",17.5,Unusable
Nevada,2018,201802,Prenatal bundled payments,920,5.9,Unusable
Nevada,2018,201802,Prenatal visits,"2,817",18.2,Unusable
Nevada,2018,201803,Postpartum bundled payments,"1,087",7.0,Unusable
Nevada,2018,201803,Postpartum visits,"3,008",19.4,Unusable
Nevada,2018,201803,Prenatal bundled payments,"1,011",6.5,Unusable
Nevada,2018,201803,Prenatal visits,"3,079",19.9,Unusable
Nevada,2018,201804,Postpartum bundled payments,"1,005",6.5,Unusable
Nevada,2018,201804,Postpartum visits,"3,154",20.3,Unusable
Nevada,2018,201804,Prenatal bundled payments,974,6.3,Unusable
Nevada,2018,201804,Prenatal visits,"2,955",19.0,Unusable
Nevada,2018,201805,Postpartum bundled payments,"1,020",6.6,
Nevada,2018,201805,Postpartum visits,"3,100",19.9,
Nevada,2018,201805,Prenatal bundled payments,"1,039",6.7,
Nevada,2018,201805,Prenatal visits,"3,157",20.3,
Nevada,2018,201806,Postpartum bundled payments,"1,061",6.8,Unusable
Nevada,2018,201806,Postpartum visits,"2,933",18.8,Unusable
Nevada,2018,201806,Prenatal bundled payments,"1,123",7.2,Unusable
Nevada,2018,201806,Prenatal visits,"3,180",20.4,Unusable
Nevada,2018,201807,Postpartum bundled payments,"1,059",6.8,Unusable
Nevada,2018,201807,Postpartum visits,"2,701",17.3,Unusable
Nevada,2018,201807,Prenatal bundled payments,"1,065",6.8,Unusable
Nevada,2018,201807,Prenatal visits,"3,337",21.4,Unusable
Nevada,2018,201808,Postpartum bundled payments,"1,167",7.5,
Nevada,2018,201808,Postpartum visits,"3,121",19.9,
Nevada,2018,201808,Prenatal bundled payments,"1,160",7.4,
Nevada,2018,201808,Prenatal visits,"3,575",22.8,
Nevada,2018,201809,Postpartum bundled payments,"1,024",6.6,
Nevada,2018,201809,Postpartum visits,"2,737",17.5,
Nevada,2018,201809,Prenatal bundled payments,"1,060",6.8,
Nevada,2018,201809,Prenatal visits,"3,092",19.8,
Nevada,2018,201810,Postpartum bundled payments,"1,055",6.8,
Nevada,2018,201810,Postpartum visits,"3,229",20.7,
Nevada,2018,201810,Prenatal bundled payments,"1,103",7.1,
Nevada,2018,201810,Prenatal visits,"3,369",21.6,
Nevada,2018,201811,Postpartum bundled payments,"1,059",6.8,
Nevada,2018,201811,Postpartum visits,"2,509",16.2,
Nevada,2018,201811,Prenatal bundled payments,"1,041",6.7,
Nevada,2018,201811,Prenatal visits,"2,953",19.0,
Nevada,2018,201812,Postpartum bundled payments,"1,103",7.1,
Nevada,2018,201812,Postpartum visits,"2,141",13.9,
Nevada,2018,201812,Prenatal bundled payments,"1,079",7.0,
Nevada,2018,201812,Prenatal visits,"2,990",19.4,
Nevada,2019,201901,Postpartum bundled payments,"1,046",6.8,
Nevada,2019,201901,Postpartum visits,"3,152",20.5,
Nevada,2019,201901,Prenatal bundled payments,"1,055",6.9,
Nevada,2019,201901,Prenatal visits,"3,610",23.5,
Nevada,2019,201902,Postpartum bundled payments,898,5.9,
Nevada,2019,201902,Postpartum visits,"2,910",19.0,
Nevada,2019,201902,Prenatal bundled payments,905,5.9,
Nevada,2019,201902,Prenatal visits,"2,975",19.4,
Nevada,2019,201903,Postpartum bundled payments,982,6.4,
Nevada,2019,201903,Postpartum visits,"2,982",19.5,
Nevada,2019,201903,Prenatal bundled payments,965,6.3,
Nevada,2019,201903,Prenatal visits,"3,366",22.1,
Nevada,2019,201904,Postpartum bundled payments,936,6.1,
Nevada,2019,201904,Postpartum visits,"3,129",20.5,
Nevada,2019,201904,Prenatal bundled payments,959,6.3,
Nevada,2019,201904,Prenatal visits,"3,448",22.5,
Nevada,2019,201905,Postpartum bundled payments,943,6.2,
Nevada,2019,201905,Postpartum visits,"3,016",19.7,
Nevada,2019,201905,Prenatal bundled payments,963,6.3,
Nevada,2019,201905,Prenatal visits,"3,562",23.3,
Nevada,2019,201906,Postpartum bundled payments,"1,026",6.7,
Nevada,2019,201906,Postpartum visits,"2,753",18.0,
Nevada,2019,201906,Prenatal bundled payments,"1,056",6.9,
Nevada,2019,201906,Prenatal visits,"3,185",20.9,
Nevada,2019,201907,Postpartum bundled payments,"1,112",7.3,
Nevada,2019,201907,Postpartum visits,"3,012",19.7,
Nevada,2019,201907,Prenatal bundled payments,"1,108",7.2,
Nevada,2019,201907,Prenatal visits,"3,736",24.4,
Nevada,2019,201908,Postpartum bundled payments,"1,176",7.7,
Nevada,2019,201908,Postpartum visits,"3,135",20.5,
Nevada,2019,201908,Prenatal bundled payments,"1,212",7.9,
Nevada,2019,201908,Prenatal visits,"3,754",24.5,
Nevada,2019,201909,Postpartum bundled payments,"1,088",7.1,
Nevada,2019,201909,Postpartum visits,"2,911",19.0,
Nevada,2019,201909,Prenatal bundled payments,"1,137",7.4,
Nevada,2019,201909,Prenatal visits,"3,450",22.6,
Nevada,2019,201910,Postpartum bundled payments,"1,093",7.1,
Nevada,2019,201910,Postpartum visits,"3,265",21.4,
Nevada,2019,201910,Prenatal bundled payments,"1,097",7.2,
Nevada,2019,201910,Prenatal visits,"3,844",25.1,
Nevada,2019,201911,Postpartum bundled payments,976,6.4,
Nevada,2019,201911,Postpartum visits,"2,444",16.1,
Nevada,2019,201911,Prenatal bundled payments,942,6.2,
Nevada,2019,201911,Prenatal visits,"3,332",21.9,
Nevada,2019,201912,Postpartum bundled payments,"1,078",7.1,
Nevada,2019,201912,Postpartum visits,"2,358",15.6,
Nevada,2019,201912,Prenatal bundled payments,"1,143",7.5,
Nevada,2019,201912,Prenatal visits,"3,562",23.5,
Nevada,2020,202001,Postpartum bundled payments,980,6.5,
Nevada,2020,202001,Postpartum visits,"3,219",21.2,
Nevada,2020,202001,Prenatal bundled payments,975,6.4,
Nevada,2020,202001,Prenatal visits,"4,159",27.4,
Nevada,2020,202002,Postpartum bundled payments,969,6.4,
Nevada,2020,202002,Postpartum visits,"2,858",18.9,
Nevada,2020,202002,Prenatal bundled payments,"1,003",6.6,
Nevada,2020,202002,Prenatal visits,"3,693",24.4,
Nevada,2020,202003,Postpartum bundled payments,989,6.5,
Nevada,2020,202003,Postpartum visits,"2,460",16.1,
Nevada,2020,202003,Prenatal bundled payments,983,6.4,
Nevada,2020,202003,Prenatal visits,"3,591",23.5,
Nevada,2020,202004,Postpartum bundled payments,952,5.9,
Nevada,2020,202004,Postpartum visits,"1,884",11.7,
Nevada,2020,202004,Prenatal bundled payments,959,5.9,
Nevada,2020,202004,Prenatal visits,"3,689",22.9,
Nevada,2020,202005,Postpartum bundled payments,965,5.8,
Nevada,2020,202005,Postpartum visits,"2,620",15.7,
Nevada,2020,202005,Prenatal bundled payments,958,5.8,
Nevada,2020,202005,Prenatal visits,"3,604",21.6,
Nevada,2020,202006,Postpartum bundled payments,985,5.8,
Nevada,2020,202006,Postpartum visits,"3,359",19.7,
Nevada,2020,202006,Prenatal bundled payments,"1,016",6.0,
Nevada,2020,202006,Prenatal visits,"4,003",23.5,
Nevada,2020,202007,Postpartum bundled payments,"1,095",6.3,
Nevada,2020,202007,Postpartum visits,"3,242",18.6,
Nevada,2020,202007,Prenatal bundled payments,"1,122",6.4,
Nevada,2020,202007,Prenatal visits,"3,859",22.1,
Nevada,2020,202008,Postpartum bundled payments,"1,118",6.3,
Nevada,2020,202008,Postpartum visits,"3,128",17.5,
Nevada,2020,202008,Prenatal bundled payments,"1,098",6.1,
Nevada,2020,202008,Prenatal visits,"4,013",22.4,
Nevada,2020,202009,Postpartum bundled payments,"1,053",5.8,
Nevada,2020,202009,Postpartum visits,"3,373",18.5,
Nevada,2020,202009,Prenatal bundled payments,"1,094",6.0,
Nevada,2020,202009,Prenatal visits,"3,980",21.8,
Nevada,2020,202010,Postpartum bundled payments,"1,027",5.5,
Nevada,2020,202010,Postpartum visits,"3,592",19.3,
Nevada,2020,202010,Prenatal bundled payments,"1,102",5.9,
Nevada,2020,202010,Prenatal visits,"4,207",22.7,
Nevada,2020,202011,Postpartum bundled payments,"1,001",5.3,
Nevada,2020,202011,Postpartum visits,"3,037",16.1,
Nevada,2020,202011,Prenatal bundled payments,"1,040",5.5,
Nevada,2020,202011,Prenatal visits,"3,783",20.0,
Nevada,2020,202012,Postpartum bundled payments,988,5.2,
Nevada,2020,202012,Postpartum visits,"3,100",16.2,
Nevada,2020,202012,Prenatal bundled payments,"1,047",5.5,
Nevada,2020,202012,Prenatal visits,"3,925",20.5,
Nevada,2021,202101,Postpartum bundled payments,"1,003",5.2,
Nevada,2021,202101,Postpartum visits,"3,214",16.5,
Nevada,2021,202101,Prenatal bundled payments,955,4.9,
Nevada,2021,202101,Prenatal visits,"4,143",21.3,
Nevada,2021,202102,Postpartum bundled payments,879,4.5,
Nevada,2021,202102,Postpartum visits,"3,493",17.7,
Nevada,2021,202102,Prenatal bundled payments,950,4.8,
Nevada,2021,202102,Prenatal visits,"4,107",20.9,
Nevada,2021,202103,Postpartum bundled payments,985,4.9,
Nevada,2021,202103,Postpartum visits,"4,143",20.8,
Nevada,2021,202103,Prenatal bundled payments,"1,042",5.2,
Nevada,2021,202103,Prenatal visits,"4,733",23.8,
Nevada,2021,202104,Postpartum bundled payments,911,4.5,
Nevada,2021,202104,Postpartum visits,"3,693",18.3,
Nevada,2021,202104,Prenatal bundled payments,940,4.7,
Nevada,2021,202104,Prenatal visits,"4,566",22.7,
Nevada,2021,202105,Postpartum bundled payments,948,4.7,
Nevada,2021,202105,Postpartum visits,"3,299",16.3,
Nevada,2021,202105,Prenatal bundled payments,948,4.7,
Nevada,2021,202105,Prenatal visits,"4,270",21.1,
Nevada,2021,202106,Postpartum bundled payments,976,4.8,
Nevada,2021,202106,Postpartum visits,"3,390",16.6,
Nevada,2021,202106,Prenatal bundled payments,"1,026",5.0,
Nevada,2021,202106,Prenatal visits,"4,684",22.9,
Nevada,2021,202107,Postpartum bundled payments,"1,029",5.0,
Nevada,2021,202107,Postpartum visits,"3,132",15.2,
Nevada,2021,202107,Prenatal bundled payments,"1,001",4.9,
Nevada,2021,202107,Prenatal visits,"4,619",22.4,
Nevada,2021,202108,Postpartum bundled payments,"1,153",5.5,
Nevada,2021,202108,Postpartum visits,"3,585",17.2,
Nevada,2021,202108,Prenatal bundled payments,"1,170",5.6,
Nevada,2021,202108,Prenatal visits,"4,391",21.0,
Nevada,2021,202109,Postpartum bundled payments,"1,022",4.9,
Nevada,2021,202109,Postpartum visits,"3,425",16.3,
Nevada,2021,202109,Prenatal bundled payments,"1,065",5.1,
Nevada,2021,202109,Prenatal visits,"4,156",19.7,
Nevada,2021,202110,Postpartum bundled payments,"1,019",4.8,
Nevada,2021,202110,Postpartum visits,"3,230",15.2,
Nevada,2021,202110,Prenatal bundled payments,"1,088",5.1,
Nevada,2021,202110,Prenatal visits,"3,948",18.6,
Nevada,2021,202111,Postpartum bundled payments,990,4.6,
Nevada,2021,202111,Postpartum visits,"3,178",14.8,
Nevada,2021,202111,Prenatal bundled payments,"1,067",5.0,
Nevada,2021,202111,Prenatal visits,"4,109",19.2,
Nevada,2021,202112,Postpartum bundled payments,998,4.6,
Nevada,2021,202112,Postpartum visits,"2,954",13.7,
Nevada,2021,202112,Prenatal bundled payments,"1,207",5.6,
Nevada,2021,202112,Prenatal visits,"4,126",19.1,
Nevada,2022,202201,Postpartum bundled payments,998,4.6,
Nevada,2022,202201,Postpartum visits,"2,867",13.1,
Nevada,2022,202201,Prenatal bundled payments,880,4.0,
Nevada,2022,202201,Prenatal visits,"4,163",19.1,
Nevada,2022,202202,Postpartum bundled payments,864,3.9,
Nevada,2022,202202,Postpartum visits,"3,245",14.8,
Nevada,2022,202202,Prenatal bundled payments,831,3.8,
Nevada,2022,202202,Prenatal visits,"3,990",18.2,
Nevada,2022,202203,Postpartum bundled payments,902,4.1,
Nevada,2022,202203,Postpartum visits,"4,057",18.4,
Nevada,2022,202203,Prenatal bundled payments,930,4.2,
Nevada,2022,202203,Prenatal visits,"4,602",20.9,
Nevada,2022,202204,Postpartum bundled payments,863,3.9,
Nevada,2022,202204,Postpartum visits,"3,459",15.7,
Nevada,2022,202204,Prenatal bundled payments,842,3.8,
Nevada,2022,202204,Prenatal visits,"4,186",19.0,
Nevada,2022,202205,Postpartum bundled payments,892,4.0,
Nevada,2022,202205,Postpartum visits,"3,528",15.8,
Nevada,2022,202205,Prenatal bundled payments,916,4.1,
Nevada,2022,202205,Prenatal visits,"4,471",20.1,
Nevada,2022,202206,Postpartum bundled payments,924,4.1,
Nevada,2022,202206,Postpartum visits,"3,570",15.9,
Nevada,2022,202206,Prenatal bundled payments,933,4.2,
Nevada,2022,202206,Prenatal visits,"5,118",22.8,
Nevada,2022,202207,Postpartum bundled payments,987,4.4,
Nevada,2022,202207,Postpartum visits,"3,255",14.4,
Nevada,2022,202207,Prenatal bundled payments,963,4.2,
Nevada,2022,202207,Prenatal visits,"4,658",20.6,
Nevada,2022,202208,Postpartum bundled payments,"1,054",4.6,
Nevada,2022,202208,Postpartum visits,"4,169",18.2,
Nevada,2022,202208,Prenatal bundled payments,"1,062",4.6,
Nevada,2022,202208,Prenatal visits,"5,478",23.9,
Nevada,2022,202209,Postpartum bundled payments,"1,023",4.4,
Nevada,2022,202209,Postpartum visits,"3,522",15.3,
Nevada,2022,202209,Prenatal bundled payments,"1,019",4.4,
Nevada,2022,202209,Prenatal visits,"4,997",21.7,
Nevada,2022,202210,Postpartum bundled payments,"1,014",4.4,
Nevada,2022,202210,Postpartum visits,"3,565",15.5,
Nevada,2022,202210,Prenatal bundled payments,"1,047",4.6,
Nevada,2022,202210,Prenatal visits,"4,941",21.5,
Nevada,2022,202211,Postpartum bundled payments,"1,037",4.6,
Nevada,2022,202211,Postpartum visits,"3,310",14.7,
Nevada,2022,202211,Prenatal bundled payments,"1,076",4.8,
Nevada,2022,202211,Prenatal visits,"4,934",21.9,
Nevada,2022,202212,Postpartum bundled payments,"1,028",4.5,
Nevada,2022,202212,Postpartum visits,"3,270",14.4,
Nevada,2022,202212,Prenatal bundled payments,"1,023",4.5,
Nevada,2022,202212,Prenatal visits,"4,728",20.8,
New Hampshire,2018,201801,Postpartum bundled payments,175,3.9,
New Hampshire,2018,201801,Postpartum visits,436,9.7,
New Hampshire,2018,201801,Prenatal bundled payments,174,3.9,
New Hampshire,2018,201801,Prenatal visits,"1,060",23.5,
New Hampshire,2018,201802,Postpartum bundled payments,144,3.2,
New Hampshire,2018,201802,Postpartum visits,415,9.2,
New Hampshire,2018,201802,Prenatal bundled payments,159,3.5,
New Hampshire,2018,201802,Prenatal visits,852,18.9,
New Hampshire,2018,201803,Postpartum bundled payments,171,3.8,
New Hampshire,2018,201803,Postpartum visits,453,10.1,
New Hampshire,2018,201803,Prenatal bundled payments,181,4.0,
New Hampshire,2018,201803,Prenatal visits,"1,000",22.3,
New Hampshire,2018,201804,Postpartum bundled payments,148,3.3,
New Hampshire,2018,201804,Postpartum visits,418,9.4,
New Hampshire,2018,201804,Prenatal bundled payments,142,3.2,
New Hampshire,2018,201804,Prenatal visits,912,20.5,
New Hampshire,2018,201805,Postpartum bundled payments,137,3.1,
New Hampshire,2018,201805,Postpartum visits,408,9.1,
New Hampshire,2018,201805,Prenatal bundled payments,144,3.2,
New Hampshire,2018,201805,Prenatal visits,908,20.3,
New Hampshire,2018,201806,Postpartum bundled payments,131,3.0,
New Hampshire,2018,201806,Postpartum visits,402,9.1,
New Hampshire,2018,201806,Prenatal bundled payments,151,3.4,
New Hampshire,2018,201806,Prenatal visits,871,19.7,
New Hampshire,2018,201807,Postpartum bundled payments,180,4.1,
New Hampshire,2018,201807,Postpartum visits,400,9.1,
New Hampshire,2018,201807,Prenatal bundled payments,197,4.5,
New Hampshire,2018,201807,Prenatal visits,803,18.2,
New Hampshire,2018,201808,Postpartum bundled payments,182,4.1,
New Hampshire,2018,201808,Postpartum visits,424,9.6,
New Hampshire,2018,201808,Prenatal bundled payments,189,4.3,
New Hampshire,2018,201808,Prenatal visits,924,20.9,
New Hampshire,2018,201809,Postpartum bundled payments,157,3.6,
New Hampshire,2018,201809,Postpartum visits,366,8.3,
New Hampshire,2018,201809,Prenatal bundled payments,166,3.8,
New Hampshire,2018,201809,Prenatal visits,814,18.5,
New Hampshire,2018,201810,Postpartum bundled payments,170,3.9,
New Hampshire,2018,201810,Postpartum visits,430,9.8,
New Hampshire,2018,201810,Prenatal bundled payments,183,4.2,
New Hampshire,2018,201810,Prenatal visits,"1,023",23.4,
New Hampshire,2018,201811,Postpartum bundled payments,151,3.4,
New Hampshire,2018,201811,Postpartum visits,451,10.3,
New Hampshire,2018,201811,Prenatal bundled payments,164,3.7,
New Hampshire,2018,201811,Prenatal visits,948,21.6,
New Hampshire,2018,201812,Postpartum bundled payments,140,3.2,
New Hampshire,2018,201812,Postpartum visits,348,7.9,
New Hampshire,2018,201812,Prenatal bundled payments,144,3.3,
New Hampshire,2018,201812,Prenatal visits,951,21.7,
New Hampshire,2019,201901,Postpartum bundled payments,196,4.5,
New Hampshire,2019,201901,Postpartum visits,677,15.6,
New Hampshire,2019,201901,Prenatal bundled payments,198,4.6,
New Hampshire,2019,201901,Prenatal visits,"1,141",26.3,
New Hampshire,2019,201902,Postpartum bundled payments,153,3.5,
New Hampshire,2019,201902,Postpartum visits,565,13.1,
New Hampshire,2019,201902,Prenatal bundled payments,165,3.8,
New Hampshire,2019,201902,Prenatal visits,"1,044",24.2,
New Hampshire,2019,201903,Postpartum bundled payments,172,4.0,
New Hampshire,2019,201903,Postpartum visits,577,13.4,
New Hampshire,2019,201903,Prenatal bundled payments,191,4.4,
New Hampshire,2019,201903,Prenatal visits,"1,083",25.2,
New Hampshire,2019,201904,Postpartum bundled payments,177,4.1,
New Hampshire,2019,201904,Postpartum visits,582,13.6,
New Hampshire,2019,201904,Prenatal bundled payments,178,4.2,
New Hampshire,2019,201904,Prenatal visits,"1,095",25.7,
New Hampshire,2019,201905,Postpartum bundled payments,173,4.1,
New Hampshire,2019,201905,Postpartum visits,651,15.3,
New Hampshire,2019,201905,Prenatal bundled payments,182,4.3,
New Hampshire,2019,201905,Prenatal visits,"1,128",26.5,
New Hampshire,2019,201906,Postpartum bundled payments,172,4.1,
New Hampshire,2019,201906,Postpartum visits,564,13.3,
New Hampshire,2019,201906,Prenatal bundled payments,189,4.5,
New Hampshire,2019,201906,Prenatal visits,"1,007",23.8,
New Hampshire,2019,201907,Postpartum bundled payments,186,4.4,
New Hampshire,2019,201907,Postpartum visits,592,14.0,
New Hampshire,2019,201907,Prenatal bundled payments,203,4.8,
New Hampshire,2019,201907,Prenatal visits,"1,098",25.9,
New Hampshire,2019,201908,Postpartum bundled payments,155,3.6,
New Hampshire,2019,201908,Postpartum visits,605,14.1,
New Hampshire,2019,201908,Prenatal bundled payments,170,4.0,
New Hampshire,2019,201908,Prenatal visits,"1,084",25.3,
New Hampshire,2019,201909,Postpartum bundled payments,155,3.6,
New Hampshire,2019,201909,Postpartum visits,587,13.8,
New Hampshire,2019,201909,Prenatal bundled payments,160,3.8,
New Hampshire,2019,201909,Prenatal visits,"1,008",23.7,
New Hampshire,2019,201910,Postpartum bundled payments,179,4.2,
New Hampshire,2019,201910,Postpartum visits,656,15.4,
New Hampshire,2019,201910,Prenatal bundled payments,188,4.4,
New Hampshire,2019,201910,Prenatal visits,"1,049",24.6,
New Hampshire,2019,201911,Postpartum bundled payments,126,2.9,
New Hampshire,2019,201911,Postpartum visits,510,11.9,
New Hampshire,2019,201911,Prenatal bundled payments,124,2.9,
New Hampshire,2019,201911,Prenatal visits,782,18.2,
New Hampshire,2019,201912,Postpartum bundled payments,160,3.7,
New Hampshire,2019,201912,Postpartum visits,388,8.9,
New Hampshire,2019,201912,Prenatal bundled payments,162,3.7,
New Hampshire,2019,201912,Prenatal visits,796,18.3,
New Hampshire,2020,202001,Postpartum bundled payments,184,4.2,
New Hampshire,2020,202001,Postpartum visits,692,15.9,
New Hampshire,2020,202001,Prenatal bundled payments,187,4.3,
New Hampshire,2020,202001,Prenatal visits,"1,172",26.9,
New Hampshire,2020,202002,Postpartum bundled payments,166,3.8,
New Hampshire,2020,202002,Postpartum visits,568,13.1,
New Hampshire,2020,202002,Prenatal bundled payments,159,3.7,
New Hampshire,2020,202002,Prenatal visits,"1,038",24.0,
New Hampshire,2020,202003,Postpartum bundled payments,194,4.4,
New Hampshire,2020,202003,Postpartum visits,483,11.0,
New Hampshire,2020,202003,Prenatal bundled payments,199,4.5,
New Hampshire,2020,202003,Prenatal visits,939,21.4,
New Hampshire,2020,202004,Postpartum bundled payments,166,3.7,
New Hampshire,2020,202004,Postpartum visits,306,6.8,
New Hampshire,2020,202004,Prenatal bundled payments,175,3.9,
New Hampshire,2020,202004,Prenatal visits,873,19.3,
New Hampshire,2020,202005,Postpartum bundled payments,183,3.9,
New Hampshire,2020,202005,Postpartum visits,419,9.0,
New Hampshire,2020,202005,Prenatal bundled payments,187,4.0,
New Hampshire,2020,202005,Prenatal visits,917,19.7,
New Hampshire,2020,202006,Postpartum bundled payments,170,3.6,
New Hampshire,2020,202006,Postpartum visits,660,13.9,
New Hampshire,2020,202006,Prenatal bundled payments,177,3.7,
New Hampshire,2020,202006,Prenatal visits,"1,060",22.3,
New Hampshire,2020,202007,Postpartum bundled payments,186,3.8,
New Hampshire,2020,202007,Postpartum visits,664,13.6,
New Hampshire,2020,202007,Prenatal bundled payments,231,4.7,
New Hampshire,2020,202007,Prenatal visits,"1,142",23.5,
New Hampshire,2020,202008,Postpartum bundled payments,189,3.8,
New Hampshire,2020,202008,Postpartum visits,646,12.9,
New Hampshire,2020,202008,Prenatal bundled payments,204,4.1,
New Hampshire,2020,202008,Prenatal visits,"1,044",20.8,
New Hampshire,2020,202009,Postpartum bundled payments,200,3.8,
New Hampshire,2020,202009,Postpartum visits,759,14.5,
New Hampshire,2020,202009,Prenatal bundled payments,205,3.9,
New Hampshire,2020,202009,Prenatal visits,"1,064",20.4,
New Hampshire,2020,202010,Postpartum bundled payments,175,3.3,
New Hampshire,2020,202010,Postpartum visits,746,14.0,
New Hampshire,2020,202010,Prenatal bundled payments,173,3.2,
New Hampshire,2020,202010,Prenatal visits,983,18.4,
New Hampshire,2020,202011,Postpartum bundled payments,181,3.3,
New Hampshire,2020,202011,Postpartum visits,719,13.1,
New Hampshire,2020,202011,Prenatal bundled payments,189,3.5,
New Hampshire,2020,202011,Prenatal visits,969,17.7,
New Hampshire,2020,202012,Postpartum bundled payments,186,3.3,
New Hampshire,2020,202012,Postpartum visits,627,11.2,
New Hampshire,2020,202012,Prenatal bundled payments,217,3.9,
New Hampshire,2020,202012,Prenatal visits,"1,030",18.4,
New Hampshire,2021,202101,Postpartum bundled payments,168,3.0,
New Hampshire,2021,202101,Postpartum visits,776,13.7,
New Hampshire,2021,202101,Prenatal bundled payments,175,3.1,
New Hampshire,2021,202101,Prenatal visits,"1,049",18.5,
New Hampshire,2021,202102,Postpartum bundled payments,187,3.3,
New Hampshire,2021,202102,Postpartum visits,731,12.8,
New Hampshire,2021,202102,Prenatal bundled payments,187,3.3,
New Hampshire,2021,202102,Prenatal visits,"1,035",18.1,
New Hampshire,2021,202103,Postpartum bundled payments,180,3.1,
New Hampshire,2021,202103,Postpartum visits,914,15.8,
New Hampshire,2021,202103,Prenatal bundled payments,187,3.2,
New Hampshire,2021,202103,Prenatal visits,"1,280",22.1,
New Hampshire,2021,202104,Postpartum bundled payments,198,3.4,
New Hampshire,2021,202104,Postpartum visits,791,13.5,
New Hampshire,2021,202104,Prenatal bundled payments,222,3.8,
New Hampshire,2021,202104,Prenatal visits,"1,194",20.4,
New Hampshire,2021,202105,Postpartum bundled payments,191,3.2,
New Hampshire,2021,202105,Postpartum visits,758,12.8,
New Hampshire,2021,202105,Prenatal bundled payments,196,3.3,
New Hampshire,2021,202105,Prenatal visits,"1,139",19.3,
New Hampshire,2021,202106,Postpartum bundled payments,193,3.2,
New Hampshire,2021,202106,Postpartum visits,747,12.5,
New Hampshire,2021,202106,Prenatal bundled payments,211,3.5,
New Hampshire,2021,202106,Prenatal visits,"1,256",21.1,
New Hampshire,2021,202107,Postpartum bundled payments,186,3.1,
New Hampshire,2021,202107,Postpartum visits,792,13.2,
New Hampshire,2021,202107,Prenatal bundled payments,198,3.3,
New Hampshire,2021,202107,Prenatal visits,"1,121",18.6,
New Hampshire,2021,202108,Postpartum bundled payments,205,3.4,
New Hampshire,2021,202108,Postpartum visits,767,12.6,
New Hampshire,2021,202108,Prenatal bundled payments,217,3.6,
New Hampshire,2021,202108,Prenatal visits,"1,096",18.0,
New Hampshire,2021,202109,Postpartum bundled payments,189,3.1,
New Hampshire,2021,202109,Postpartum visits,815,13.3,
New Hampshire,2021,202109,Prenatal bundled payments,192,3.1,
New Hampshire,2021,202109,Prenatal visits,"1,022",16.6,
New Hampshire,2021,202110,Postpartum bundled payments,187,3.0,
New Hampshire,2021,202110,Postpartum visits,768,12.4,
New Hampshire,2021,202110,Prenatal bundled payments,199,3.2,
New Hampshire,2021,202110,Prenatal visits,929,15.0,
New Hampshire,2021,202111,Postpartum bundled payments,178,2.8,
New Hampshire,2021,202111,Postpartum visits,766,12.2,
New Hampshire,2021,202111,Prenatal bundled payments,197,3.1,
New Hampshire,2021,202111,Prenatal visits,959,15.3,
New Hampshire,2021,202112,Postpartum bundled payments,207,3.3,
New Hampshire,2021,202112,Postpartum visits,707,11.2,
New Hampshire,2021,202112,Prenatal bundled payments,221,3.5,
New Hampshire,2021,202112,Prenatal visits,991,15.7,
New Hampshire,2022,202201,Postpartum bundled payments,157,2.5,
New Hampshire,2022,202201,Postpartum visits,770,12.1,
New Hampshire,2022,202201,Prenatal bundled payments,177,2.8,
New Hampshire,2022,202201,Prenatal visits,985,15.5,
New Hampshire,2022,202202,Postpartum bundled payments,165,2.6,
New Hampshire,2022,202202,Postpartum visits,747,11.7,
New Hampshire,2022,202202,Prenatal bundled payments,175,2.7,
New Hampshire,2022,202202,Prenatal visits,"1,024",16.0,
New Hampshire,2022,202203,Postpartum bundled payments,181,2.8,
New Hampshire,2022,202203,Postpartum visits,921,14.3,
New Hampshire,2022,202203,Prenatal bundled payments,194,3.0,
New Hampshire,2022,202203,Prenatal visits,"1,155",17.9,
New Hampshire,2022,202204,Postpartum bundled payments,169,2.6,
New Hampshire,2022,202204,Postpartum visits,813,12.6,
New Hampshire,2022,202204,Prenatal bundled payments,182,2.8,
New Hampshire,2022,202204,Prenatal visits,"1,084",16.8,
New Hampshire,2022,202205,Postpartum bundled payments,174,2.7,
New Hampshire,2022,202205,Postpartum visits,835,12.9,
New Hampshire,2022,202205,Prenatal bundled payments,176,2.7,
New Hampshire,2022,202205,Prenatal visits,"1,067",16.5,
New Hampshire,2022,202206,Postpartum bundled payments,169,2.6,
New Hampshire,2022,202206,Postpartum visits,920,14.1,
New Hampshire,2022,202206,Prenatal bundled payments,181,2.8,
New Hampshire,2022,202206,Prenatal visits,"1,105",17.0,
New Hampshire,2022,202207,Postpartum bundled payments,201,3.1,
New Hampshire,2022,202207,Postpartum visits,788,12.0,
New Hampshire,2022,202207,Prenatal bundled payments,191,2.9,
New Hampshire,2022,202207,Prenatal visits,953,14.5,
New Hampshire,2022,202208,Postpartum bundled payments,173,2.6,
New Hampshire,2022,202208,Postpartum visits,887,13.5,
New Hampshire,2022,202208,Prenatal bundled payments,178,2.7,
New Hampshire,2022,202208,Prenatal visits,"1,117",17.0,
New Hampshire,2022,202209,Postpartum bundled payments,163,2.5,
New Hampshire,2022,202209,Postpartum visits,871,13.2,
New Hampshire,2022,202209,Prenatal bundled payments,187,2.8,
New Hampshire,2022,202209,Prenatal visits,"1,022",15.4,
New Hampshire,2022,202210,Postpartum bundled payments,166,2.5,
New Hampshire,2022,202210,Postpartum visits,835,12.6,
New Hampshire,2022,202210,Prenatal bundled payments,166,2.5,
New Hampshire,2022,202210,Prenatal visits,"1,036",15.6,
New Hampshire,2022,202211,Postpartum bundled payments,196,2.9,
New Hampshire,2022,202211,Postpartum visits,822,12.3,
New Hampshire,2022,202211,Prenatal bundled payments,197,2.9,
New Hampshire,2022,202211,Prenatal visits,"1,049",15.7,
New Hampshire,2022,202212,Postpartum bundled payments,181,2.7,
New Hampshire,2022,202212,Postpartum visits,774,11.5,
New Hampshire,2022,202212,Prenatal bundled payments,182,2.7,
New Hampshire,2022,202212,Prenatal visits,985,14.6,
New Jersey,2018,201801,Postpartum bundled payments,492,1.2,
New Jersey,2018,201801,Postpartum visits,"10,487",25.1,
New Jersey,2018,201801,Prenatal bundled payments,"4,198",10.0,
New Jersey,2018,201801,Prenatal visits,"21,616",51.7,
New Jersey,2018,201802,Postpartum bundled payments,437,1.0,
New Jersey,2018,201802,Postpartum visits,"9,894",23.5,
New Jersey,2018,201802,Prenatal bundled payments,"3,872",9.2,
New Jersey,2018,201802,Prenatal visits,"20,198",48.0,
New Jersey,2018,201803,Postpartum bundled payments,422,1.0,
New Jersey,2018,201803,Postpartum visits,"10,099",23.9,
New Jersey,2018,201803,Prenatal bundled payments,"4,095",9.7,
New Jersey,2018,201803,Prenatal visits,"21,300",50.5,
New Jersey,2018,201804,Postpartum bundled payments,493,1.2,
New Jersey,2018,201804,Postpartum visits,"10,664",25.2,
New Jersey,2018,201804,Prenatal bundled payments,"3,913",9.2,
New Jersey,2018,201804,Prenatal visits,"21,618",51.0,
New Jersey,2018,201805,Postpartum bundled payments,479,1.1,
New Jersey,2018,201805,Postpartum visits,"11,327",26.5,
New Jersey,2018,201805,Prenatal bundled payments,"4,280",10.0,
New Jersey,2018,201805,Prenatal visits,"23,611",55.3,
New Jersey,2018,201806,Postpartum bundled payments,438,1.0,
New Jersey,2018,201806,Postpartum visits,"10,263",24.1,
New Jersey,2018,201806,Prenatal bundled payments,"3,883",9.1,
New Jersey,2018,201806,Prenatal visits,"21,937",51.5,
New Jersey,2018,201807,Postpartum bundled payments,477,1.1,
New Jersey,2018,201807,Postpartum visits,"10,328",24.3,
New Jersey,2018,201807,Prenatal bundled payments,"4,024",9.4,
New Jersey,2018,201807,Prenatal visits,"22,511",52.9,
New Jersey,2018,201808,Postpartum bundled payments,515,1.2,
New Jersey,2018,201808,Postpartum visits,"10,857",25.5,
New Jersey,2018,201808,Prenatal bundled payments,"4,083",9.6,
New Jersey,2018,201808,Prenatal visits,"23,051",54.1,
New Jersey,2018,201809,Postpartum bundled payments,468,1.1,
New Jersey,2018,201809,Postpartum visits,"9,209",22.0,
New Jersey,2018,201809,Prenatal bundled payments,"3,412",8.1,
New Jersey,2018,201809,Prenatal visits,"19,902",47.5,
New Jersey,2018,201810,Postpartum bundled payments,475,1.1,
New Jersey,2018,201810,Postpartum visits,"11,645",27.9,
New Jersey,2018,201810,Prenatal bundled payments,"3,782",9.0,
New Jersey,2018,201810,Prenatal visits,"23,381",55.9,
New Jersey,2018,201811,Postpartum bundled payments,420,1.1,
New Jersey,2018,201811,Postpartum visits,"9,349",23.4,
New Jersey,2018,201811,Prenatal bundled payments,"3,519",8.8,
New Jersey,2018,201811,Prenatal visits,"21,016",52.7,
New Jersey,2018,201812,Postpartum bundled payments,485,1.2,
New Jersey,2018,201812,Postpartum visits,"8,168",21.0,
New Jersey,2018,201812,Prenatal bundled payments,"3,466",8.9,
New Jersey,2018,201812,Prenatal visits,"19,444",50.1,
New Jersey,2019,201901,Postpartum bundled payments,492,1.3,
New Jersey,2019,201901,Postpartum visits,"10,400",26.8,
New Jersey,2019,201901,Prenatal bundled payments,"3,744",9.7,
New Jersey,2019,201901,Prenatal visits,"21,907",56.5,
New Jersey,2019,201902,Postpartum bundled payments,373,1.0,
New Jersey,2019,201902,Postpartum visits,"9,184",23.8,
New Jersey,2019,201902,Prenatal bundled payments,"3,211",8.3,
New Jersey,2019,201902,Prenatal visits,"19,389",50.3,
New Jersey,2019,201903,Postpartum bundled payments,457,1.2,
New Jersey,2019,201903,Postpartum visits,"9,972",26.0,
New Jersey,2019,201903,Prenatal bundled payments,"3,521",9.2,
New Jersey,2019,201903,Prenatal visits,"20,765",54.0,
New Jersey,2019,201904,Postpartum bundled payments,430,1.1,
New Jersey,2019,201904,Postpartum visits,"10,050",26.3,
New Jersey,2019,201904,Prenatal bundled payments,"3,760",9.8,
New Jersey,2019,201904,Prenatal visits,"20,771",54.3,
New Jersey,2019,201905,Postpartum bundled payments,460,1.2,
New Jersey,2019,201905,Postpartum visits,"10,190",26.7,
New Jersey,2019,201905,Prenatal bundled payments,"4,254",11.1,
New Jersey,2019,201905,Prenatal visits,"22,366",58.6,
New Jersey,2019,201906,Postpartum bundled payments,411,1.1,
New Jersey,2019,201906,Postpartum visits,"9,075",23.8,
New Jersey,2019,201906,Prenatal bundled payments,"3,827",10.1,
New Jersey,2019,201906,Prenatal visits,"20,028",52.6,
New Jersey,2019,201907,Postpartum bundled payments,467,1.2,
New Jersey,2019,201907,Postpartum visits,"10,089",26.6,
New Jersey,2019,201907,Prenatal bundled payments,"4,308",11.3,
New Jersey,2019,201907,Prenatal visits,"22,576",59.4,
New Jersey,2019,201908,Postpartum bundled payments,527,1.4,
New Jersey,2019,201908,Postpartum visits,"9,775",25.8,
New Jersey,2019,201908,Prenatal bundled payments,"4,257",11.3,
New Jersey,2019,201908,Prenatal visits,"21,179",56.0,
New Jersey,2019,201909,Postpartum bundled payments,504,1.3,
New Jersey,2019,201909,Postpartum visits,"9,590",25.4,
New Jersey,2019,201909,Prenatal bundled payments,"3,859",10.2,
New Jersey,2019,201909,Prenatal visits,"19,908",52.8,
New Jersey,2019,201910,Postpartum bundled payments,530,1.4,
New Jersey,2019,201910,Postpartum visits,"10,385",27.6,
New Jersey,2019,201910,Prenatal bundled payments,"4,150",11.0,
New Jersey,2019,201910,Prenatal visits,"21,644",57.5,
New Jersey,2019,201911,Postpartum bundled payments,556,1.5,
New Jersey,2019,201911,Postpartum visits,"8,754",23.2,
New Jersey,2019,201911,Prenatal bundled payments,"3,533",9.4,
New Jersey,2019,201911,Prenatal visits,"18,817",49.9,
New Jersey,2019,201912,Postpartum bundled payments,524,1.4,
New Jersey,2019,201912,Postpartum visits,"7,838",20.8,
New Jersey,2019,201912,Prenatal bundled payments,"3,333",8.9,
New Jersey,2019,201912,Prenatal visits,"19,857",52.8,
New Jersey,2020,202001,Postpartum bundled payments,532,1.4,
New Jersey,2020,202001,Postpartum visits,"10,139",26.9,
New Jersey,2020,202001,Prenatal bundled payments,"3,590",9.5,
New Jersey,2020,202001,Prenatal visits,"21,339",56.6,
New Jersey,2020,202002,Postpartum bundled payments,543,1.4,
New Jersey,2020,202002,Postpartum visits,"9,016",24.0,
New Jersey,2020,202002,Prenatal bundled payments,"3,299",8.8,
New Jersey,2020,202002,Prenatal visits,"19,103",50.8,
New Jersey,2020,202003,Postpartum bundled payments,542,1.4,
New Jersey,2020,202003,Postpartum visits,"6,319",16.8,
New Jersey,2020,202003,Prenatal bundled payments,"3,202",8.5,
New Jersey,2020,202003,Prenatal visits,"18,286",48.6,
New Jersey,2020,202004,Postpartum bundled payments,484,1.3,
New Jersey,2020,202004,Postpartum visits,"2,807",7.3,
New Jersey,2020,202004,Prenatal bundled payments,"3,210",8.3,
New Jersey,2020,202004,Prenatal visits,"16,746",43.4,
New Jersey,2020,202005,Postpartum bundled payments,553,1.4,
New Jersey,2020,202005,Postpartum visits,"4,499",11.4,
New Jersey,2020,202005,Prenatal bundled payments,"3,247",8.3,
New Jersey,2020,202005,Prenatal visits,"18,073",45.9,
New Jersey,2020,202006,Postpartum bundled payments,535,1.3,
New Jersey,2020,202006,Postpartum visits,"8,065",20.1,
New Jersey,2020,202006,Prenatal bundled payments,"3,467",8.6,
New Jersey,2020,202006,Prenatal visits,"20,458",51.0,
New Jersey,2020,202007,Postpartum bundled payments,596,1.5,
New Jersey,2020,202007,Postpartum visits,"9,564",23.4,
New Jersey,2020,202007,Prenatal bundled payments,"3,755",9.2,
New Jersey,2020,202007,Prenatal visits,"20,628",50.4,
New Jersey,2020,202008,Postpartum bundled payments,518,1.2,
New Jersey,2020,202008,Postpartum visits,"9,801",23.6,
New Jersey,2020,202008,Prenatal bundled payments,"3,320",8.0,
New Jersey,2020,202008,Prenatal visits,"19,075",45.8,
New Jersey,2020,202009,Postpartum bundled payments,551,1.3,
New Jersey,2020,202009,Postpartum visits,"10,773",25.5,
New Jersey,2020,202009,Prenatal bundled payments,"3,548",8.4,
New Jersey,2020,202009,Prenatal visits,"19,747",46.7,
New Jersey,2020,202010,Postpartum bundled payments,523,1.2,
New Jersey,2020,202010,Postpartum visits,"11,635",27.1,
New Jersey,2020,202010,Prenatal bundled payments,"3,488",8.1,
New Jersey,2020,202010,Prenatal visits,"19,747",45.9,
New Jersey,2020,202011,Postpartum bundled payments,516,1.2,
New Jersey,2020,202011,Postpartum visits,"10,872",24.9,
New Jersey,2020,202011,Prenatal bundled payments,"3,284",7.5,
New Jersey,2020,202011,Prenatal visits,"17,943",41.1,
New Jersey,2020,202012,Postpartum bundled payments,501,1.1,
New Jersey,2020,202012,Postpartum visits,"10,475",23.8,
New Jersey,2020,202012,Prenatal bundled payments,"3,513",8.0,
New Jersey,2020,202012,Prenatal visits,"19,726",44.7,
New Jersey,2021,202101,Postpartum bundled payments,503,1.1,
New Jersey,2021,202101,Postpartum visits,"11,496",25.7,
New Jersey,2021,202101,Prenatal bundled payments,"3,033",6.8,
New Jersey,2021,202101,Prenatal visits,"17,843",39.9,
New Jersey,2021,202102,Postpartum bundled payments,494,1.1,
New Jersey,2021,202102,Postpartum visits,"10,163",22.5,
New Jersey,2021,202102,Prenatal bundled payments,"2,812",6.2,
New Jersey,2021,202102,Prenatal visits,"16,827",37.2,
New Jersey,2021,202103,Postpartum bundled payments,576,1.3,
New Jersey,2021,202103,Postpartum visits,"13,440",29.5,
New Jersey,2021,202103,Prenatal bundled payments,"3,337",7.3,
New Jersey,2021,202103,Prenatal visits,"20,665",45.4,
New Jersey,2021,202104,Postpartum bundled payments,569,1.2,
New Jersey,2021,202104,Postpartum visits,"12,054",26.2,
New Jersey,2021,202104,Prenatal bundled payments,"3,328",7.2,
New Jersey,2021,202104,Prenatal visits,"20,812",45.3,
New Jersey,2021,202105,Postpartum bundled payments,630,1.4,
New Jersey,2021,202105,Postpartum visits,"10,706",23.1,
New Jersey,2021,202105,Prenatal bundled payments,"3,092",6.7,
New Jersey,2021,202105,Prenatal visits,"19,132",41.3,
New Jersey,2021,202106,Postpartum bundled payments,622,1.3,
New Jersey,2021,202106,Postpartum visits,"12,117",26.0,
New Jersey,2021,202106,Prenatal bundled payments,"3,539",7.6,
New Jersey,2021,202106,Prenatal visits,"21,375",45.9,
New Jersey,2021,202107,Postpartum bundled payments,735,1.6,
New Jersey,2021,202107,Postpartum visits,"11,332",24.1,
New Jersey,2021,202107,Prenatal bundled payments,"3,495",7.4,
New Jersey,2021,202107,Prenatal visits,"20,376",43.3,
New Jersey,2021,202108,Postpartum bundled payments,697,1.5,
New Jersey,2021,202108,Postpartum visits,"12,191",25.7,
New Jersey,2021,202108,Prenatal bundled payments,"3,475",7.3,
New Jersey,2021,202108,Prenatal visits,"20,360",42.9,
New Jersey,2021,202109,Postpartum bundled payments,663,1.4,
New Jersey,2021,202109,Postpartum visits,"11,380",23.8,
New Jersey,2021,202109,Prenatal bundled payments,"3,468",7.3,
New Jersey,2021,202109,Prenatal visits,"19,562",40.9,
New Jersey,2021,202110,Postpartum bundled payments,619,1.3,
New Jersey,2021,202110,Postpartum visits,"11,809",24.5,
New Jersey,2021,202110,Prenatal bundled payments,"3,173",6.6,
New Jersey,2021,202110,Prenatal visits,"18,610",38.7,
New Jersey,2021,202111,Postpartum bundled payments,627,1.3,
New Jersey,2021,202111,Postpartum visits,"11,134",23.0,
New Jersey,2021,202111,Prenatal bundled payments,"3,179",6.6,
New Jersey,2021,202111,Prenatal visits,"18,807",38.8,
New Jersey,2021,202112,Postpartum bundled payments,678,1.4,
New Jersey,2021,202112,Postpartum visits,"10,399",21.3,
New Jersey,2021,202112,Prenatal bundled payments,"3,236",6.6,
New Jersey,2021,202112,Prenatal visits,"18,796",38.4,
New Jersey,2022,202201,Postpartum bundled payments,674,1.4,
New Jersey,2022,202201,Postpartum visits,"11,339",22.9,
New Jersey,2022,202201,Prenatal bundled payments,"3,104",6.3,
New Jersey,2022,202201,Prenatal visits,"18,281",37.0,
New Jersey,2022,202202,Postpartum bundled payments,627,1.3,
New Jersey,2022,202202,Postpartum visits,"11,841",23.8,
New Jersey,2022,202202,Prenatal bundled payments,"2,885",5.8,
New Jersey,2022,202202,Prenatal visits,"17,756",35.7,
New Jersey,2022,202203,Postpartum bundled payments,704,1.4,
New Jersey,2022,202203,Postpartum visits,"13,468",26.9,
New Jersey,2022,202203,Prenatal bundled payments,"3,382",6.8,
New Jersey,2022,202203,Prenatal visits,"20,516",41.0,
New Jersey,2022,202204,Postpartum bundled payments,597,1.2,
New Jersey,2022,202204,Postpartum visits,"11,358",22.6,
New Jersey,2022,202204,Prenatal bundled payments,"2,972",5.9,
New Jersey,2022,202204,Prenatal visits,"18,249",36.3,
New Jersey,2022,202205,Postpartum bundled payments,622,1.2,
New Jersey,2022,202205,Postpartum visits,"12,132",24.0,
New Jersey,2022,202205,Prenatal bundled payments,"3,011",6.0,
New Jersey,2022,202205,Prenatal visits,"18,355",36.3,
New Jersey,2022,202206,Postpartum bundled payments,625,1.2,
New Jersey,2022,202206,Postpartum visits,"12,399",24.4,
New Jersey,2022,202206,Prenatal bundled payments,"2,848",5.6,
New Jersey,2022,202206,Prenatal visits,"19,040",37.4,
New Jersey,2022,202207,Postpartum bundled payments,709,1.4,
New Jersey,2022,202207,Postpartum visits,"11,161",21.8,
New Jersey,2022,202207,Prenatal bundled payments,"2,522",4.9,
New Jersey,2022,202207,Prenatal visits,"17,113",33.5,
New Jersey,2022,202208,Postpartum bundled payments,692,1.3,
New Jersey,2022,202208,Postpartum visits,"13,102",25.4,
New Jersey,2022,202208,Prenatal bundled payments,"2,712",5.3,
New Jersey,2022,202208,Prenatal visits,"18,815",36.5,
New Jersey,2022,202209,Postpartum bundled payments,583,1.1,
New Jersey,2022,202209,Postpartum visits,"11,968",23.1,
New Jersey,2022,202209,Prenatal bundled payments,"2,356",4.5,
New Jersey,2022,202209,Prenatal visits,"17,741",34.2,
New Jersey,2022,202210,Postpartum bundled payments,654,1.3,
New Jersey,2022,202210,Postpartum visits,"11,961",23.0,
New Jersey,2022,202210,Prenatal bundled payments,"2,310",4.4,
New Jersey,2022,202210,Prenatal visits,"16,981",32.6,
New Jersey,2022,202211,Postpartum bundled payments,639,1.2,
New Jersey,2022,202211,Postpartum visits,"11,479",21.9,
New Jersey,2022,202211,Prenatal bundled payments,"2,358",4.5,
New Jersey,2022,202211,Prenatal visits,"16,957",32.3,
New Jersey,2022,202212,Postpartum bundled payments,665,1.3,
New Jersey,2022,202212,Postpartum visits,"11,253",21.3,
New Jersey,2022,202212,Prenatal bundled payments,"2,301",4.3,
New Jersey,2022,202212,Prenatal visits,"16,623",31.4,
New Mexico,2018,201801,Postpartum bundled payments,983,4.8,Unusable
New Mexico,2018,201801,Postpartum visits,"3,504",17.0,Unusable
New Mexico,2018,201801,Prenatal bundled payments,852,4.1,Unusable
New Mexico,2018,201801,Prenatal visits,"5,502",26.6,Unusable
New Mexico,2018,201802,Postpartum bundled payments,908,4.4,Unusable
New Mexico,2018,201802,Postpartum visits,"3,162",15.4,Unusable
New Mexico,2018,201802,Prenatal bundled payments,799,3.9,Unusable
New Mexico,2018,201802,Prenatal visits,"4,967",24.2,Unusable
New Mexico,2018,201803,Postpartum bundled payments,909,4.4,Unusable
New Mexico,2018,201803,Postpartum visits,"3,283",16.0,Unusable
New Mexico,2018,201803,Prenatal bundled payments,807,3.9,Unusable
New Mexico,2018,201803,Prenatal visits,"5,484",26.7,Unusable
New Mexico,2018,201804,Postpartum bundled payments,920,4.5,Unusable
New Mexico,2018,201804,Postpartum visits,"3,380",16.5,Unusable
New Mexico,2018,201804,Prenatal bundled payments,804,3.9,Unusable
New Mexico,2018,201804,Prenatal visits,"5,384",26.3,Unusable
New Mexico,2018,201805,Postpartum bundled payments,"1,012",5.0,Unusable
New Mexico,2018,201805,Postpartum visits,"3,467",17.1,Unusable
New Mexico,2018,201805,Prenatal bundled payments,893,4.4,Unusable
New Mexico,2018,201805,Prenatal visits,"5,686",28.0,Unusable
New Mexico,2018,201806,Postpartum bundled payments,899,4.5,Unusable
New Mexico,2018,201806,Postpartum visits,"3,067",15.2,Unusable
New Mexico,2018,201806,Prenatal bundled payments,780,3.9,Unusable
New Mexico,2018,201806,Prenatal visits,"5,437",26.9,Unusable
New Mexico,2018,201807,Postpartum bundled payments,"1,016",5.1,Unusable
New Mexico,2018,201807,Postpartum visits,"3,201",16.0,Unusable
New Mexico,2018,201807,Prenatal bundled payments,919,4.6,Unusable
New Mexico,2018,201807,Prenatal visits,"5,473",27.3,Unusable
New Mexico,2018,201808,Postpartum bundled payments,"1,065",5.3,
New Mexico,2018,201808,Postpartum visits,"3,478",17.4,
New Mexico,2018,201808,Prenatal bundled payments,988,4.9,
New Mexico,2018,201808,Prenatal visits,"5,966",29.8,
New Mexico,2018,201809,Postpartum bundled payments,"1,035",5.2,
New Mexico,2018,201809,Postpartum visits,"2,686",13.5,
New Mexico,2018,201809,Prenatal bundled payments,932,4.7,
New Mexico,2018,201809,Prenatal visits,"5,063",25.4,
New Mexico,2018,201810,Postpartum bundled payments,978,4.9,
New Mexico,2018,201810,Postpartum visits,"3,322",16.6,
New Mexico,2018,201810,Prenatal bundled payments,859,4.3,
New Mexico,2018,201810,Prenatal visits,"5,753",28.8,
New Mexico,2018,201811,Postpartum bundled payments,923,4.6,
New Mexico,2018,201811,Postpartum visits,"2,861",14.3,
New Mexico,2018,201811,Prenatal bundled payments,850,4.2,
New Mexico,2018,201811,Prenatal visits,"5,428",27.1,
New Mexico,2018,201812,Postpartum bundled payments,974,4.9,
New Mexico,2018,201812,Postpartum visits,"2,455",12.2,
New Mexico,2018,201812,Prenatal bundled payments,992,4.9,
New Mexico,2018,201812,Prenatal visits,"4,907",24.5,
New Mexico,2019,201901,Postpartum bundled payments,986,4.9,
New Mexico,2019,201901,Postpartum visits,"3,363",16.7,
New Mexico,2019,201901,Prenatal bundled payments,861,4.3,
New Mexico,2019,201901,Prenatal visits,"6,144",30.6,
New Mexico,2019,201902,Postpartum bundled payments,822,4.1,
New Mexico,2019,201902,Postpartum visits,"3,020",15.0,
New Mexico,2019,201902,Prenatal bundled payments,762,3.8,
New Mexico,2019,201902,Prenatal visits,"5,331",26.5,
New Mexico,2019,201903,Postpartum bundled payments,901,4.5,
New Mexico,2019,201903,Postpartum visits,"2,902",14.4,
New Mexico,2019,201903,Prenatal bundled payments,771,3.8,
New Mexico,2019,201903,Prenatal visits,"5,684",28.3,
New Mexico,2019,201904,Postpartum bundled payments,945,4.7,
New Mexico,2019,201904,Postpartum visits,"3,465",17.2,
New Mexico,2019,201904,Prenatal bundled payments,855,4.3,
New Mexico,2019,201904,Prenatal visits,"6,118",30.4,
New Mexico,2019,201905,Postpartum bundled payments,"1,039",5.2,
New Mexico,2019,201905,Postpartum visits,"3,270",16.3,
New Mexico,2019,201905,Prenatal bundled payments,933,4.6,
New Mexico,2019,201905,Prenatal visits,"6,050",30.1,
New Mexico,2019,201906,Postpartum bundled payments,954,4.8,
New Mexico,2019,201906,Postpartum visits,"3,207",16.0,
New Mexico,2019,201906,Prenatal bundled payments,867,4.3,
New Mexico,2019,201906,Prenatal visits,"5,700",28.4,
New Mexico,2019,201907,Postpartum bundled payments,"1,050",5.2,
New Mexico,2019,201907,Postpartum visits,"3,411",17.0,
New Mexico,2019,201907,Prenatal bundled payments,"1,013",5.0,
New Mexico,2019,201907,Prenatal visits,"6,353",31.6,
New Mexico,2019,201908,Postpartum bundled payments,"1,064",5.3,
New Mexico,2019,201908,Postpartum visits,"3,538",17.6,
New Mexico,2019,201908,Prenatal bundled payments,999,5.0,
New Mexico,2019,201908,Prenatal visits,"5,988",29.7,
New Mexico,2019,201909,Postpartum bundled payments,"1,019",5.0,Unusable
New Mexico,2019,201909,Postpartum visits,"3,186",15.8,Unusable
New Mexico,2019,201909,Prenatal bundled payments,937,4.6,Unusable
New Mexico,2019,201909,Prenatal visits,"5,577",27.6,Unusable
New Mexico,2019,201910,Postpartum bundled payments,"1,032",5.1,
New Mexico,2019,201910,Postpartum visits,"3,742",18.5,
New Mexico,2019,201910,Prenatal bundled payments,967,4.8,
New Mexico,2019,201910,Prenatal visits,"6,090",30.0,
New Mexico,2019,201911,Postpartum bundled payments,978,4.8,
New Mexico,2019,201911,Postpartum visits,"2,966",14.6,
New Mexico,2019,201911,Prenatal bundled payments,928,4.6,
New Mexico,2019,201911,Prenatal visits,"5,401",26.6,
New Mexico,2019,201912,Postpartum bundled payments,951,4.7,
New Mexico,2019,201912,Postpartum visits,"2,705",13.3,
New Mexico,2019,201912,Prenatal bundled payments,897,4.4,
New Mexico,2019,201912,Prenatal visits,"5,693",28.0,
New Mexico,2020,202001,Postpartum bundled payments,981,4.8,
New Mexico,2020,202001,Postpartum visits,"3,646",17.8,
New Mexico,2020,202001,Prenatal bundled payments,910,4.5,
New Mexico,2020,202001,Prenatal visits,"6,300",30.8,
New Mexico,2020,202002,Postpartum bundled payments,897,4.4,
New Mexico,2020,202002,Postpartum visits,"3,228",15.8,
New Mexico,2020,202002,Prenatal bundled payments,849,4.2,
New Mexico,2020,202002,Prenatal visits,"5,613",27.4,
New Mexico,2020,202003,Postpartum bundled payments,981,4.8,
New Mexico,2020,202003,Postpartum visits,"2,673",13.0,
New Mexico,2020,202003,Prenatal bundled payments,917,4.5,
New Mexico,2020,202003,Prenatal visits,"5,571",27.1,
New Mexico,2020,202004,Postpartum bundled payments,883,4.2,
New Mexico,2020,202004,Postpartum visits,"1,646",7.9,
New Mexico,2020,202004,Prenatal bundled payments,838,4.0,
New Mexico,2020,202004,Prenatal visits,"4,856",23.3,
New Mexico,2020,202005,Postpartum bundled payments,916,4.3,
New Mexico,2020,202005,Postpartum visits,"1,850",8.7,
New Mexico,2020,202005,Prenatal bundled payments,838,4.0,
New Mexico,2020,202005,Prenatal visits,"4,995",23.6,
New Mexico,2020,202006,Postpartum bundled payments,931,4.4,
New Mexico,2020,202006,Postpartum visits,"2,760",12.9,
New Mexico,2020,202006,Prenatal bundled payments,854,4.0,
New Mexico,2020,202006,Prenatal visits,"5,777",27.0,
New Mexico,2020,202007,Postpartum bundled payments,"1,016",4.7,
New Mexico,2020,202007,Postpartum visits,"3,159",14.6,
New Mexico,2020,202007,Prenatal bundled payments,925,4.3,
New Mexico,2020,202007,Prenatal visits,"5,998",27.7,
New Mexico,2020,202008,Postpartum bundled payments,992,4.5,
New Mexico,2020,202008,Postpartum visits,"3,447",15.8,
New Mexico,2020,202008,Prenatal bundled payments,889,4.1,
New Mexico,2020,202008,Prenatal visits,"5,750",26.3,
New Mexico,2020,202009,Postpartum bundled payments,975,4.4,
New Mexico,2020,202009,Postpartum visits,"3,663",16.6,
New Mexico,2020,202009,Prenatal bundled payments,918,4.2,
New Mexico,2020,202009,Prenatal visits,"6,394",29.0,
New Mexico,2020,202010,Postpartum bundled payments,968,4.4,
New Mexico,2020,202010,Postpartum visits,"3,624",16.3,
New Mexico,2020,202010,Prenatal bundled payments,920,4.1,
New Mexico,2020,202010,Prenatal visits,"6,521",29.3,
New Mexico,2020,202011,Postpartum bundled payments,798,3.6,
New Mexico,2020,202011,Postpartum visits,"2,971",13.2,
New Mexico,2020,202011,Prenatal bundled payments,731,3.3,
New Mexico,2020,202011,Prenatal visits,"6,035",26.9,
New Mexico,2020,202012,Postpartum bundled payments,878,3.9,
New Mexico,2020,202012,Postpartum visits,"2,905",12.8,
New Mexico,2020,202012,Prenatal bundled payments,819,3.6,
New Mexico,2020,202012,Prenatal visits,"6,679",29.5,
New Mexico,2021,202101,Postpartum bundled payments,836,3.7,
New Mexico,2021,202101,Postpartum visits,"3,390",14.9,
New Mexico,2021,202101,Prenatal bundled payments,765,3.4,
New Mexico,2021,202101,Prenatal visits,"6,554",28.7,
New Mexico,2021,202102,Postpartum bundled payments,768,3.3,
New Mexico,2021,202102,Postpartum visits,"3,467",15.1,
New Mexico,2021,202102,Prenatal bundled payments,731,3.2,
New Mexico,2021,202102,Prenatal visits,"6,486",28.3,
New Mexico,2021,202103,Postpartum bundled payments,817,3.5,
New Mexico,2021,202103,Postpartum visits,"4,039",17.5,
New Mexico,2021,202103,Prenatal bundled payments,816,3.5,
New Mexico,2021,202103,Prenatal visits,"7,571",32.8,
New Mexico,2021,202104,Postpartum bundled payments,817,3.5,
New Mexico,2021,202104,Postpartum visits,"3,791",16.4,
New Mexico,2021,202104,Prenatal bundled payments,833,3.6,
New Mexico,2021,202104,Prenatal visits,"7,641",33.0,
New Mexico,2021,202105,Postpartum bundled payments,801,3.4,
New Mexico,2021,202105,Postpartum visits,"3,320",14.3,
New Mexico,2021,202105,Prenatal bundled payments,776,3.3,
New Mexico,2021,202105,Prenatal visits,"7,397",31.8,
New Mexico,2021,202106,Postpartum bundled payments,787,3.4,
New Mexico,2021,202106,Postpartum visits,"3,680",15.7,
New Mexico,2021,202106,Prenatal bundled payments,814,3.5,
New Mexico,2021,202106,Prenatal visits,"7,978",34.1,
New Mexico,2021,202107,Postpartum bundled payments,855,3.6,
New Mexico,2021,202107,Postpartum visits,"3,618",15.4,
New Mexico,2021,202107,Prenatal bundled payments,855,3.6,
New Mexico,2021,202107,Prenatal visits,"7,720",32.8,
New Mexico,2021,202108,Postpartum bundled payments,808,3.4,
New Mexico,2021,202108,Postpartum visits,"3,654",15.4,
New Mexico,2021,202108,Prenatal bundled payments,838,3.5,
New Mexico,2021,202108,Prenatal visits,"7,983",33.7,
New Mexico,2021,202109,Postpartum bundled payments,883,3.7,
New Mexico,2021,202109,Postpartum visits,"3,675",15.5,
New Mexico,2021,202109,Prenatal bundled payments,903,3.8,
New Mexico,2021,202109,Prenatal visits,"7,774",32.7,
New Mexico,2021,202110,Postpartum bundled payments,818,3.4,
New Mexico,2021,202110,Postpartum visits,"3,562",14.9,
New Mexico,2021,202110,Prenatal bundled payments,836,3.5,
New Mexico,2021,202110,Prenatal visits,"7,395",30.9,
New Mexico,2021,202111,Postpartum bundled payments,786,3.3,
New Mexico,2021,202111,Postpartum visits,"3,381",14.1,
New Mexico,2021,202111,Prenatal bundled payments,822,3.4,
New Mexico,2021,202111,Prenatal visits,"7,686",32.0,
New Mexico,2021,202112,Postpartum bundled payments,844,3.5,
New Mexico,2021,202112,Postpartum visits,"3,232",13.4,
New Mexico,2021,202112,Prenatal bundled payments,857,3.6,
New Mexico,2021,202112,Prenatal visits,"7,878",32.7,
New Mexico,2022,202201,Postpartum bundled payments,787,3.2,
New Mexico,2022,202201,Postpartum visits,"3,362",13.9,
New Mexico,2022,202201,Prenatal bundled payments,810,3.3,
New Mexico,2022,202201,Prenatal visits,"7,876",32.5,
New Mexico,2022,202202,Postpartum bundled payments,738,3.0,
New Mexico,2022,202202,Postpartum visits,"3,292",13.5,
New Mexico,2022,202202,Prenatal bundled payments,813,3.3,
New Mexico,2022,202202,Prenatal visits,"7,494",30.8,
New Mexico,2022,202203,Postpartum bundled payments,855,3.5,
New Mexico,2022,202203,Postpartum visits,"3,748",15.4,
New Mexico,2022,202203,Prenatal bundled payments,957,3.9,
New Mexico,2022,202203,Prenatal visits,"8,833",36.2,
New Mexico,2022,202204,Postpartum bundled payments,805,3.3,
New Mexico,2022,202204,Postpartum visits,"3,585",14.7,
New Mexico,2022,202204,Prenatal bundled payments,922,3.8,
New Mexico,2022,202204,Prenatal visits,"8,182",33.5,
New Mexico,2022,202205,Postpartum bundled payments,834,3.4,
New Mexico,2022,202205,Postpartum visits,"3,589",14.6,
New Mexico,2022,202205,Prenatal bundled payments,996,4.1,
New Mexico,2022,202205,Prenatal visits,"8,110",33.1,
New Mexico,2022,202206,Postpartum bundled payments,768,3.1,
New Mexico,2022,202206,Postpartum visits,"3,404",13.8,
New Mexico,2022,202206,Prenatal bundled payments,921,3.7,
New Mexico,2022,202206,Prenatal visits,"8,459",34.3,
New Mexico,2022,202207,Postpartum bundled payments,915,3.7,
New Mexico,2022,202207,Postpartum visits,"3,101",12.5,
New Mexico,2022,202207,Prenatal bundled payments,"1,015",4.1,
New Mexico,2022,202207,Prenatal visits,"7,671",31.0,
New Mexico,2022,202208,Postpartum bundled payments,824,3.3,
New Mexico,2022,202208,Postpartum visits,"3,778",15.2,
New Mexico,2022,202208,Prenatal bundled payments,957,3.9,
New Mexico,2022,202208,Prenatal visits,"8,582",34.6,
New Mexico,2022,202209,Postpartum bundled payments,791,3.2,
New Mexico,2022,202209,Postpartum visits,"3,504",14.1,
New Mexico,2022,202209,Prenatal bundled payments,861,3.5,
New Mexico,2022,202209,Prenatal visits,"7,980",32.1,
New Mexico,2022,202210,Postpartum bundled payments,788,3.2,
New Mexico,2022,202210,Postpartum visits,"3,469",13.9,
New Mexico,2022,202210,Prenatal bundled payments,881,3.5,
New Mexico,2022,202210,Prenatal visits,"7,777",31.2,
New Mexico,2022,202211,Postpartum bundled payments,773,3.1,
New Mexico,2022,202211,Postpartum visits,"3,362",13.4,
New Mexico,2022,202211,Prenatal bundled payments,847,3.4,
New Mexico,2022,202211,Prenatal visits,"7,547",30.2,
New Mexico,2022,202212,Postpartum bundled payments,772,3.1,
New Mexico,2022,202212,Postpartum visits,"3,066",12.2,
New Mexico,2022,202212,Prenatal bundled payments,825,3.3,
New Mexico,2022,202212,Prenatal visits,"7,466",29.8,
New York,2018,201801,Postpartum bundled payments,"3,729",2.7,
New York,2018,201801,Postpartum visits,"39,269",28.0,
New York,2018,201801,Prenatal bundled payments,"7,396",5.3,
New York,2018,201801,Prenatal visits,"35,051",25.0,
New York,2018,201802,Postpartum bundled payments,"3,345",2.4,
New York,2018,201802,Postpartum visits,"35,521",25.3,
New York,2018,201802,Prenatal bundled payments,"6,821",4.9,
New York,2018,201802,Prenatal visits,"31,336",22.3,
New York,2018,201803,Postpartum bundled payments,"3,797",2.7,
New York,2018,201803,Postpartum visits,"38,237",27.2,
New York,2018,201803,Prenatal bundled payments,"7,359",5.2,
New York,2018,201803,Prenatal visits,"34,924",24.8,
New York,2018,201804,Postpartum bundled payments,"3,477",2.5,
New York,2018,201804,Postpartum visits,"37,577",26.7,
New York,2018,201804,Prenatal bundled payments,"7,171",5.1,
New York,2018,201804,Prenatal visits,"34,074",24.2,
New York,2018,201805,Postpartum bundled payments,"3,451",2.4,
New York,2018,201805,Postpartum visits,"39,501",28.0,
New York,2018,201805,Prenatal bundled payments,"7,657",5.4,
New York,2018,201805,Prenatal visits,"36,319",25.8,
New York,2018,201806,Postpartum bundled payments,"3,344",2.4,
New York,2018,201806,Postpartum visits,"36,623",26.0,
New York,2018,201806,Prenatal bundled payments,"7,018",5.0,
New York,2018,201806,Prenatal visits,"34,314",24.4,
New York,2018,201807,Postpartum bundled payments,"3,494",2.5,
New York,2018,201807,Postpartum visits,"36,085",25.6,
New York,2018,201807,Prenatal bundled payments,"7,270",5.2,
New York,2018,201807,Prenatal visits,"34,452",24.4,
New York,2018,201808,Postpartum bundled payments,"3,673",2.7,
New York,2018,201808,Postpartum visits,"38,600",28.1,
New York,2018,201808,Prenatal bundled payments,"7,534",5.5,
New York,2018,201808,Prenatal visits,"35,579",25.9,
New York,2018,201809,Postpartum bundled payments,"3,388",2.5,
New York,2018,201809,Postpartum visits,"32,453",23.6,
New York,2018,201809,Prenatal bundled payments,"6,769",4.9,
New York,2018,201809,Prenatal visits,"31,496",22.9,
New York,2018,201810,Postpartum bundled payments,"3,464",2.5,
New York,2018,201810,Postpartum visits,"40,341",29.3,
New York,2018,201810,Prenatal bundled payments,"7,233",5.3,
New York,2018,201810,Prenatal visits,"36,205",26.3,
New York,2018,201811,Postpartum bundled payments,"3,302",2.4,
New York,2018,201811,Postpartum visits,"34,404",25.0,
New York,2018,201811,Prenatal bundled payments,"6,734",4.9,
New York,2018,201811,Prenatal visits,"32,856",23.9,
New York,2018,201812,Postpartum bundled payments,"3,399",2.5,
New York,2018,201812,Postpartum visits,"31,936",23.2,
New York,2018,201812,Prenatal bundled payments,"6,798",4.9,
New York,2018,201812,Prenatal visits,"31,512",22.9,
New York,2019,201901,Postpartum bundled payments,"3,388",2.5,
New York,2019,201901,Postpartum visits,"39,661",28.7,
New York,2019,201901,Prenatal bundled payments,"7,032",5.1,
New York,2019,201901,Prenatal visits,"36,087",26.1,
New York,2019,201902,Postpartum bundled payments,"3,008",2.2,
New York,2019,201902,Postpartum visits,"34,118",24.8,
New York,2019,201902,Prenatal bundled payments,"6,247",4.5,
New York,2019,201902,Prenatal visits,"31,259",22.7,
New York,2019,201903,Postpartum bundled payments,"3,453",2.5,
New York,2019,201903,Postpartum visits,"38,177",27.7,
New York,2019,201903,Prenatal bundled payments,"6,868",5.0,
New York,2019,201903,Prenatal visits,"34,182",24.8,
New York,2019,201904,Postpartum bundled payments,"3,321",2.4,
New York,2019,201904,Postpartum visits,"37,975",27.6,
New York,2019,201904,Prenatal bundled payments,"6,893",5.0,
New York,2019,201904,Prenatal visits,"34,997",25.4,
New York,2019,201905,Postpartum bundled payments,"3,457",2.5,
New York,2019,201905,Postpartum visits,"38,579",28.0,
New York,2019,201905,Prenatal bundled payments,"7,143",5.2,
New York,2019,201905,Prenatal visits,"37,461",27.1,
New York,2019,201906,Postpartum bundled payments,"3,433",2.5,
New York,2019,201906,Postpartum visits,"35,465",25.7,
New York,2019,201906,Prenatal bundled payments,"6,729",4.9,
New York,2019,201906,Prenatal visits,"33,353",24.2,
New York,2019,201907,Postpartum bundled payments,"3,576",2.6,
New York,2019,201907,Postpartum visits,"37,589",27.2,
New York,2019,201907,Prenatal bundled payments,"7,376",5.3,
New York,2019,201907,Prenatal visits,"36,771",26.6,
New York,2019,201908,Postpartum bundled payments,"3,680",2.7,
New York,2019,201908,Postpartum visits,"36,819",26.7,
New York,2019,201908,Prenatal bundled payments,"7,112",5.1,
New York,2019,201908,Prenatal visits,"34,896",25.3,
New York,2019,201909,Postpartum bundled payments,"3,502",2.5,
New York,2019,201909,Postpartum visits,"36,104",26.2,
New York,2019,201909,Prenatal bundled payments,"6,931",5.0,
New York,2019,201909,Prenatal visits,"33,345",24.2,
New York,2019,201910,Postpartum bundled payments,"3,448",2.5,
New York,2019,201910,Postpartum visits,"39,348",28.6,
New York,2019,201910,Prenatal bundled payments,"6,752",4.9,
New York,2019,201910,Prenatal visits,"35,742",26.0,
New York,2019,201911,Postpartum bundled payments,"3,204",2.3,
New York,2019,201911,Postpartum visits,"33,984",24.8,
New York,2019,201911,Prenatal bundled payments,"6,595",4.8,
New York,2019,201911,Prenatal visits,"30,667",22.4,
New York,2019,201912,Postpartum bundled payments,"3,402",2.5,
New York,2019,201912,Postpartum visits,"32,170",23.6,
New York,2019,201912,Prenatal bundled payments,"6,758",5.0,
New York,2019,201912,Prenatal visits,"32,335",23.7,
New York,2020,202001,Postpartum bundled payments,"3,434",2.5,
New York,2020,202001,Postpartum visits,"39,574",29.0,
New York,2020,202001,Prenatal bundled payments,"7,117",5.2,
New York,2020,202001,Prenatal visits,"34,991",25.6,
New York,2020,202002,Postpartum bundled payments,"3,181",2.3,
New York,2020,202002,Postpartum visits,"34,685",25.4,
New York,2020,202002,Prenatal bundled payments,"6,365",4.7,
New York,2020,202002,Prenatal visits,"31,356",23.0,
New York,2020,202003,Postpartum bundled payments,"3,235",2.4,
New York,2020,202003,Postpartum visits,"25,173",18.4,
New York,2020,202003,Prenatal bundled payments,"6,488",4.7,
New York,2020,202003,Prenatal visits,"29,273",21.4,
New York,2020,202004,Postpartum bundled payments,"3,075",2.2,
New York,2020,202004,Postpartum visits,"11,660",8.3,
New York,2020,202004,Prenatal bundled payments,"5,566",4.0,
New York,2020,202004,Prenatal visits,"25,031",17.9,
New York,2020,202005,Postpartum bundled payments,"3,342",2.3,
New York,2020,202005,Postpartum visits,"18,266",12.8,
New York,2020,202005,Prenatal bundled payments,"6,203",4.3,
New York,2020,202005,Prenatal visits,"28,058",19.6,
New York,2020,202006,Postpartum bundled payments,"3,296",2.3,
New York,2020,202006,Postpartum visits,"31,836",21.9,
New York,2020,202006,Prenatal bundled payments,"6,881",4.7,
New York,2020,202006,Prenatal visits,"31,639",21.8,
New York,2020,202007,Postpartum bundled payments,"3,510",2.4,
New York,2020,202007,Postpartum visits,"36,778",24.9,
New York,2020,202007,Prenatal bundled payments,"7,044",4.8,
New York,2020,202007,Prenatal visits,"31,826",21.6,
New York,2020,202008,Postpartum bundled payments,"3,424",2.3,
New York,2020,202008,Postpartum visits,"37,621",25.2,
New York,2020,202008,Prenatal bundled payments,"6,746",4.5,
New York,2020,202008,Prenatal visits,"30,123",20.2,
New York,2020,202009,Postpartum bundled payments,"3,456",2.3,
New York,2020,202009,Postpartum visits,"40,218",26.6,
New York,2020,202009,Prenatal bundled payments,"6,859",4.5,
New York,2020,202009,Prenatal visits,"31,334",20.7,
New York,2020,202010,Postpartum bundled payments,"3,383",2.2,
New York,2020,202010,Postpartum visits,"42,176",27.6,
New York,2020,202010,Prenatal bundled payments,"6,767",4.4,
New York,2020,202010,Prenatal visits,"32,215",21.1,
New York,2020,202011,Postpartum bundled payments,"3,157",2.0,
New York,2020,202011,Postpartum visits,"37,535",24.3,
New York,2020,202011,Prenatal bundled payments,"6,476",4.2,
New York,2020,202011,Prenatal visits,"30,150",19.5,
New York,2020,202012,Postpartum bundled payments,"3,248",2.1,
New York,2020,202012,Postpartum visits,"36,567",23.3,
New York,2020,202012,Prenatal bundled payments,"6,926",4.4,
New York,2020,202012,Prenatal visits,"32,019",20.4,
New York,2021,202101,Postpartum bundled payments,"3,203",2.0,
New York,2021,202101,Postpartum visits,"39,381",24.8,
New York,2021,202101,Prenatal bundled payments,"6,584",4.2,
New York,2021,202101,Prenatal visits,"31,629",19.9,
New York,2021,202102,Postpartum bundled payments,"3,038",1.9,
New York,2021,202102,Postpartum visits,"35,411",22.3,
New York,2021,202102,Prenatal bundled payments,"6,447",4.1,
New York,2021,202102,Prenatal visits,"29,985",18.8,
New York,2021,202103,Postpartum bundled payments,"3,481",2.2,
New York,2021,202103,Postpartum visits,"45,696",28.5,
New York,2021,202103,Prenatal bundled payments,"7,485",4.7,
New York,2021,202103,Prenatal visits,"36,443",22.7,
New York,2021,202104,Postpartum bundled payments,"3,251",2.0,
New York,2021,202104,Postpartum visits,"40,270",24.9,
New York,2021,202104,Prenatal bundled payments,"6,950",4.3,
New York,2021,202104,Prenatal visits,"34,566",21.4,
New York,2021,202105,Postpartum bundled payments,"3,393",2.1,
New York,2021,202105,Postpartum visits,"36,144",22.3,
New York,2021,202105,Prenatal bundled payments,"6,718",4.1,
New York,2021,202105,Prenatal visits,"33,083",20.4,
New York,2021,202106,Postpartum bundled payments,"3,460",2.1,
New York,2021,202106,Postpartum visits,"39,674",24.3,
New York,2021,202106,Prenatal bundled payments,"7,423",4.5,
New York,2021,202106,Prenatal visits,"36,626",22.4,
New York,2021,202107,Postpartum bundled payments,"3,552",2.2,
New York,2021,202107,Postpartum visits,"37,538",22.8,
New York,2021,202107,Prenatal bundled payments,"7,221",4.4,
New York,2021,202107,Prenatal visits,"34,288",20.9,
New York,2021,202108,Postpartum bundled payments,"3,422",2.1,
New York,2021,202108,Postpartum visits,"39,678",24.0,
New York,2021,202108,Prenatal bundled payments,"7,153",4.3,
New York,2021,202108,Prenatal visits,"34,125",20.6,
New York,2021,202109,Postpartum bundled payments,"3,359",2.0,
New York,2021,202109,Postpartum visits,"37,605",22.6,
New York,2021,202109,Prenatal bundled payments,"6,935",4.2,
New York,2021,202109,Prenatal visits,"32,975",19.8,
New York,2021,202110,Postpartum bundled payments,"3,589",2.1,
New York,2021,202110,Postpartum visits,"39,916",23.8,
New York,2021,202110,Prenatal bundled payments,"7,119",4.2,
New York,2021,202110,Prenatal visits,"32,556",19.4,
New York,2021,202111,Postpartum bundled payments,"3,257",1.9,
New York,2021,202111,Postpartum visits,"38,129",22.6,
New York,2021,202111,Prenatal bundled payments,"6,381",3.8,
New York,2021,202111,Prenatal visits,"32,667",19.4,
New York,2021,202112,Postpartum bundled payments,"3,460",2.0,
New York,2021,202112,Postpartum visits,"36,064",21.3,
New York,2021,202112,Prenatal bundled payments,"6,340",3.7,
New York,2021,202112,Prenatal visits,"33,433",19.7,
New York,2022,202201,Postpartum bundled payments,"3,324",1.9,
New York,2022,202201,Postpartum visits,"36,870",21.6,
New York,2022,202201,Prenatal bundled payments,"5,951",3.5,
New York,2022,202201,Prenatal visits,"32,695",19.2,
New York,2022,202202,Postpartum bundled payments,"3,085",1.8,
New York,2022,202202,Postpartum visits,"36,803",21.5,
New York,2022,202202,Prenatal bundled payments,"5,558",3.2,
New York,2022,202202,Prenatal visits,"30,886",18.0,
New York,2022,202203,Postpartum bundled payments,"3,318",1.9,
New York,2022,202203,Postpartum visits,"45,410",26.4,
New York,2022,202203,Prenatal bundled payments,"6,607",3.8,
New York,2022,202203,Prenatal visits,"36,965",21.5,
New York,2022,202204,Postpartum bundled payments,"3,120",1.8,
New York,2022,202204,Postpartum visits,"37,191",21.6,
New York,2022,202204,Prenatal bundled payments,"6,563",3.8,
New York,2022,202204,Prenatal visits,"32,355",18.8,
New York,2022,202205,Postpartum bundled payments,"3,226",1.9,
New York,2022,202205,Postpartum visits,"40,204",23.4,
New York,2022,202205,Prenatal bundled payments,"7,171",4.2,
New York,2022,202205,Prenatal visits,"34,085",19.8,
New York,2022,202206,Postpartum bundled payments,"3,384",2.0,
New York,2022,202206,Postpartum visits,"40,941",23.7,
New York,2022,202206,Prenatal bundled payments,"7,535",4.4,
New York,2022,202206,Prenatal visits,"35,226",20.4,
New York,2022,202207,Postpartum bundled payments,"3,457",2.0,
New York,2022,202207,Postpartum visits,"35,994",20.7,
New York,2022,202207,Prenatal bundled payments,"7,290",4.2,
New York,2022,202207,Prenatal visits,"31,843",18.3,
New York,2022,202208,Postpartum bundled payments,"3,497",2.0,
New York,2022,202208,Postpartum visits,"42,070",24.1,
New York,2022,202208,Prenatal bundled payments,"7,681",4.4,
New York,2022,202208,Prenatal visits,"35,342",20.2,
New York,2022,202209,Postpartum bundled payments,"3,199",1.8,
New York,2022,202209,Postpartum visits,"39,269",22.3,
New York,2022,202209,Prenatal bundled payments,"7,217",4.1,
New York,2022,202209,Prenatal visits,"32,945",18.7,
New York,2022,202210,Postpartum bundled payments,"3,292",1.9,
New York,2022,202210,Postpartum visits,"39,442",22.3,
New York,2022,202210,Prenatal bundled payments,"6,986",4.0,
New York,2022,202210,Prenatal visits,"31,828",18.0,
New York,2022,202211,Postpartum bundled payments,"3,260",1.8,
New York,2022,202211,Postpartum visits,"38,790",21.9,
New York,2022,202211,Prenatal bundled payments,"7,328",4.1,
New York,2022,202211,Prenatal visits,"32,321",18.3,
New York,2022,202212,Postpartum bundled payments,"3,476",2.0,
New York,2022,202212,Postpartum visits,"36,485",20.5,
New York,2022,202212,Prenatal bundled payments,"7,331",4.1,
New York,2022,202212,Prenatal visits,"31,232",17.5,
North Carolina,2018,201801,Postpartum bundled payments,"3,448",6.6,
North Carolina,2018,201801,Postpartum visits,"7,296",14.0,
North Carolina,2018,201801,Prenatal bundled payments,"3,414",6.6,
North Carolina,2018,201801,Prenatal visits,"18,711",36.0,
North Carolina,2018,201802,Postpartum bundled payments,"2,922",5.6,
North Carolina,2018,201802,Postpartum visits,"6,994",13.4,
North Carolina,2018,201802,Prenatal bundled payments,"2,997",5.8,
North Carolina,2018,201802,Prenatal visits,"17,271",33.2,
North Carolina,2018,201803,Postpartum bundled payments,"3,305",6.2,
North Carolina,2018,201803,Postpartum visits,"7,516",14.2,
North Carolina,2018,201803,Prenatal bundled payments,"3,322",6.3,
North Carolina,2018,201803,Prenatal visits,"18,856",35.6,
North Carolina,2018,201804,Postpartum bundled payments,"3,019",5.7,
North Carolina,2018,201804,Postpartum visits,"7,021",13.2,
North Carolina,2018,201804,Prenatal bundled payments,"3,071",5.8,
North Carolina,2018,201804,Prenatal visits,"18,841",35.5,
North Carolina,2018,201805,Postpartum bundled payments,"3,288",6.2,
North Carolina,2018,201805,Postpartum visits,"7,475",14.1,
North Carolina,2018,201805,Prenatal bundled payments,"3,302",6.2,
North Carolina,2018,201805,Prenatal visits,"20,310",38.2,
North Carolina,2018,201806,Postpartum bundled payments,"3,339",6.3,
North Carolina,2018,201806,Postpartum visits,"6,833",12.9,
North Carolina,2018,201806,Prenatal bundled payments,"3,337",6.3,
North Carolina,2018,201806,Prenatal visits,"19,207",36.2,
North Carolina,2018,201807,Postpartum bundled payments,"3,402",6.4,
North Carolina,2018,201807,Postpartum visits,"7,017",13.2,
North Carolina,2018,201807,Prenatal bundled payments,"3,388",6.4,
North Carolina,2018,201807,Prenatal visits,"19,905",37.5,
North Carolina,2018,201808,Postpartum bundled payments,"3,673",6.9,
North Carolina,2018,201808,Postpartum visits,"7,472",14.0,
North Carolina,2018,201808,Prenatal bundled payments,"3,710",7.0,
North Carolina,2018,201808,Prenatal visits,"20,027",37.6,
North Carolina,2018,201809,Postpartum bundled payments,"3,444",6.5,
North Carolina,2018,201809,Postpartum visits,"5,872",11.1,
North Carolina,2018,201809,Prenatal bundled payments,"3,462",6.5,
North Carolina,2018,201809,Prenatal visits,"16,711",31.5,
North Carolina,2018,201810,Postpartum bundled payments,"3,469",6.5,
North Carolina,2018,201810,Postpartum visits,"7,773",14.6,
North Carolina,2018,201810,Prenatal bundled payments,"3,540",6.6,
North Carolina,2018,201810,Prenatal visits,"19,814",37.2,
North Carolina,2018,201811,Postpartum bundled payments,"3,218",6.0,
North Carolina,2018,201811,Postpartum visits,"6,655",12.5,
North Carolina,2018,201811,Prenatal bundled payments,"3,229",6.1,
North Carolina,2018,201811,Prenatal visits,"18,265",34.2,
North Carolina,2018,201812,Postpartum bundled payments,"3,403",6.4,
North Carolina,2018,201812,Postpartum visits,"5,519",10.3,
North Carolina,2018,201812,Prenatal bundled payments,"3,446",6.5,
North Carolina,2018,201812,Prenatal visits,"16,651",31.2,
North Carolina,2019,201901,Postpartum bundled payments,"3,552",6.6,
North Carolina,2019,201901,Postpartum visits,"7,909",14.8,
North Carolina,2019,201901,Prenatal bundled payments,"3,505",6.5,
North Carolina,2019,201901,Prenatal visits,"19,816",37.0,
North Carolina,2019,201902,Postpartum bundled payments,"2,975",5.6,
North Carolina,2019,201902,Postpartum visits,"6,831",12.8,
North Carolina,2019,201902,Prenatal bundled payments,"2,990",5.6,
North Carolina,2019,201902,Prenatal visits,"16,932",31.7,
North Carolina,2019,201903,Postpartum bundled payments,"3,264",6.1,
North Carolina,2019,201903,Postpartum visits,"6,943",13.0,
North Carolina,2019,201903,Prenatal bundled payments,"3,287",6.2,
North Carolina,2019,201903,Prenatal visits,"17,949",33.7,
North Carolina,2019,201904,Postpartum bundled payments,"3,138",5.9,
North Carolina,2019,201904,Postpartum visits,"6,859",12.9,
North Carolina,2019,201904,Prenatal bundled payments,"3,141",5.9,
North Carolina,2019,201904,Prenatal visits,"18,401",34.5,
North Carolina,2019,201905,Postpartum bundled payments,"3,430",6.4,
North Carolina,2019,201905,Postpartum visits,"7,304",13.7,
North Carolina,2019,201905,Prenatal bundled payments,"3,441",6.5,
North Carolina,2019,201905,Prenatal visits,"19,172",36.0,
North Carolina,2019,201906,Postpartum bundled payments,"3,222",6.1,
North Carolina,2019,201906,Postpartum visits,"6,509",12.3,
North Carolina,2019,201906,Prenatal bundled payments,"3,183",6.0,
North Carolina,2019,201906,Prenatal visits,"17,358",32.7,
North Carolina,2019,201907,Postpartum bundled payments,"3,441",6.5,
North Carolina,2019,201907,Postpartum visits,"7,109",13.4,
North Carolina,2019,201907,Prenatal bundled payments,"3,609",6.8,
North Carolina,2019,201907,Prenatal visits,"19,258",36.3,
North Carolina,2019,201908,Postpartum bundled payments,"3,467",6.5,
North Carolina,2019,201908,Postpartum visits,"6,821",12.9,
North Carolina,2019,201908,Prenatal bundled payments,"3,605",6.8,
North Carolina,2019,201908,Prenatal visits,"18,619",35.1,
North Carolina,2019,201909,Postpartum bundled payments,"3,399",6.4,
North Carolina,2019,201909,Postpartum visits,"6,854",13.0,
North Carolina,2019,201909,Prenatal bundled payments,"3,426",6.5,
North Carolina,2019,201909,Prenatal visits,"17,143",32.5,
North Carolina,2019,201910,Postpartum bundled payments,"3,283",6.2,
North Carolina,2019,201910,Postpartum visits,"7,716",14.6,
North Carolina,2019,201910,Prenatal bundled payments,"3,527",6.7,
North Carolina,2019,201910,Prenatal visits,"19,359",36.7,
North Carolina,2019,201911,Postpartum bundled payments,"3,084",5.9,
North Carolina,2019,201911,Postpartum visits,"6,201",11.8,
North Carolina,2019,201911,Prenatal bundled payments,"3,174",6.0,
North Carolina,2019,201911,Prenatal visits,"16,306",31.0,
North Carolina,2019,201912,Postpartum bundled payments,"3,285",6.3,
North Carolina,2019,201912,Postpartum visits,"6,048",11.5,
North Carolina,2019,201912,Prenatal bundled payments,"3,408",6.5,
North Carolina,2019,201912,Prenatal visits,"17,008",32.4,
North Carolina,2020,202001,Postpartum bundled payments,"3,469",6.6,
North Carolina,2020,202001,Postpartum visits,"7,664",14.6,
North Carolina,2020,202001,Prenatal bundled payments,"3,577",6.8,
North Carolina,2020,202001,Prenatal visits,"18,661",35.5,
North Carolina,2020,202002,Postpartum bundled payments,"3,116",5.9,
North Carolina,2020,202002,Postpartum visits,"6,556",12.5,
North Carolina,2020,202002,Prenatal bundled payments,"3,165",6.0,
North Carolina,2020,202002,Prenatal visits,"16,369",31.2,
North Carolina,2020,202003,Postpartum bundled payments,"3,239",6.2,
North Carolina,2020,202003,Postpartum visits,"5,259",10.0,
North Carolina,2020,202003,Prenatal bundled payments,"3,290",6.3,
North Carolina,2020,202003,Prenatal visits,"14,139",26.9,
North Carolina,2020,202004,Postpartum bundled payments,"3,018",5.6,
North Carolina,2020,202004,Postpartum visits,"3,595",6.7,
North Carolina,2020,202004,Prenatal bundled payments,"3,055",5.7,
North Carolina,2020,202004,Prenatal visits,"12,395",23.2,
North Carolina,2020,202005,Postpartum bundled payments,"3,175",5.9,
North Carolina,2020,202005,Postpartum visits,"4,539",8.4,
North Carolina,2020,202005,Prenatal bundled payments,"3,127",5.8,
North Carolina,2020,202005,Prenatal visits,"12,842",23.7,
North Carolina,2020,202006,Postpartum bundled payments,"3,222",5.8,
North Carolina,2020,202006,Postpartum visits,"6,243",11.3,
North Carolina,2020,202006,Prenatal bundled payments,"3,296",6.0,
North Carolina,2020,202006,Prenatal visits,"14,255",25.8,
North Carolina,2020,202007,Postpartum bundled payments,"3,425",6.1,
North Carolina,2020,202007,Postpartum visits,"6,717",12.0,
North Carolina,2020,202007,Prenatal bundled payments,"3,474",6.2,
North Carolina,2020,202007,Prenatal visits,"16,255",28.9,
North Carolina,2020,202008,Postpartum bundled payments,"3,477",6.1,
North Carolina,2020,202008,Postpartum visits,"6,388",11.2,
North Carolina,2020,202008,Prenatal bundled payments,"3,518",6.2,
North Carolina,2020,202008,Prenatal visits,"15,492",27.1,
North Carolina,2020,202009,Postpartum bundled payments,"3,454",5.9,
North Carolina,2020,202009,Postpartum visits,"6,923",11.9,
North Carolina,2020,202009,Prenatal bundled payments,"3,503",6.0,
North Carolina,2020,202009,Prenatal visits,"15,926",27.4,
North Carolina,2020,202010,Postpartum bundled payments,"3,350",5.7,
North Carolina,2020,202010,Postpartum visits,"7,044",12.0,
North Carolina,2020,202010,Prenatal bundled payments,"3,332",5.7,
North Carolina,2020,202010,Prenatal visits,"16,272",27.6,
North Carolina,2020,202011,Postpartum bundled payments,"3,020",5.0,
North Carolina,2020,202011,Postpartum visits,"6,180",10.3,
North Carolina,2020,202011,Prenatal bundled payments,"3,010",5.0,
North Carolina,2020,202011,Prenatal visits,"14,725",24.6,
North Carolina,2020,202012,Postpartum bundled payments,"3,427",5.6,
North Carolina,2020,202012,Postpartum visits,"6,254",10.3,
North Carolina,2020,202012,Prenatal bundled payments,"3,467",5.7,
North Carolina,2020,202012,Prenatal visits,"16,406",27.0,
North Carolina,2021,202101,Postpartum bundled payments,"3,242",5.3,
North Carolina,2021,202101,Postpartum visits,"6,288",10.2,
North Carolina,2021,202101,Prenatal bundled payments,"3,208",5.2,
North Carolina,2021,202101,Prenatal visits,"15,523",25.2,
North Carolina,2021,202102,Postpartum bundled payments,"3,088",4.9,
North Carolina,2021,202102,Postpartum visits,"6,375",10.2,
North Carolina,2021,202102,Prenatal bundled payments,"3,118",5.0,
North Carolina,2021,202102,Prenatal visits,"15,660",25.1,
North Carolina,2021,202103,Postpartum bundled payments,"3,168",5.0,
North Carolina,2021,202103,Postpartum visits,"7,596",12.0,
North Carolina,2021,202103,Prenatal bundled payments,"3,234",5.1,
North Carolina,2021,202103,Prenatal visits,"18,391",29.1,
North Carolina,2021,202104,Postpartum bundled payments,"3,164",5.0,
North Carolina,2021,202104,Postpartum visits,"6,810",10.7,
North Carolina,2021,202104,Prenatal bundled payments,"3,220",5.1,
North Carolina,2021,202104,Prenatal visits,"17,366",27.3,
North Carolina,2021,202105,Postpartum bundled payments,"3,139",4.9,
North Carolina,2021,202105,Postpartum visits,"6,275",9.8,
North Carolina,2021,202105,Prenatal bundled payments,"3,133",4.9,
North Carolina,2021,202105,Prenatal visits,"16,666",25.9,
North Carolina,2021,202106,Postpartum bundled payments,"3,300",5.1,
North Carolina,2021,202106,Postpartum visits,"6,927",10.7,
North Carolina,2021,202106,Prenatal bundled payments,"3,584",5.5,
North Carolina,2021,202106,Prenatal visits,"18,828",29.0,
North Carolina,2021,202107,Postpartum bundled payments,"3,470",5.3,
North Carolina,2021,202107,Postpartum visits,"5,579",8.5,
North Carolina,2021,202107,Prenatal bundled payments,"3,264",5.0,
North Carolina,2021,202107,Prenatal visits,"14,959",22.8,
North Carolina,2021,202108,Postpartum bundled payments,"3,671",5.5,
North Carolina,2021,202108,Postpartum visits,"6,117",9.2,
North Carolina,2021,202108,Prenatal bundled payments,"3,449",5.2,
North Carolina,2021,202108,Prenatal visits,"15,479",23.3,
North Carolina,2021,202109,Postpartum bundled payments,"3,531",5.3,
North Carolina,2021,202109,Postpartum visits,"6,245",9.3,
North Carolina,2021,202109,Prenatal bundled payments,"3,418",5.1,
North Carolina,2021,202109,Prenatal visits,"14,902",22.2,
North Carolina,2021,202110,Postpartum bundled payments,"3,238",4.8,
North Carolina,2021,202110,Postpartum visits,"6,281",9.3,
North Carolina,2021,202110,Prenatal bundled payments,"3,154",4.7,
North Carolina,2021,202110,Prenatal visits,"13,736",20.3,
North Carolina,2021,202111,Postpartum bundled payments,"3,145",4.6,
North Carolina,2021,202111,Postpartum visits,"6,062",8.9,
North Carolina,2021,202111,Prenatal bundled payments,"3,154",4.6,
North Carolina,2021,202111,Prenatal visits,"14,309",21.0,
North Carolina,2021,202112,Postpartum bundled payments,"3,304",4.8,
North Carolina,2021,202112,Postpartum visits,"5,487",8.0,
North Carolina,2021,202112,Prenatal bundled payments,"3,326",4.8,
North Carolina,2021,202112,Prenatal visits,"14,064",20.4,
North Carolina,2022,202201,Postpartum bundled payments,"3,408",4.9,
North Carolina,2022,202201,Postpartum visits,"5,709",8.2,
North Carolina,2022,202201,Prenatal bundled payments,"3,275",4.7,
North Carolina,2022,202201,Prenatal visits,"13,479",19.4,
North Carolina,2022,202202,Postpartum bundled payments,"3,027",4.3,
North Carolina,2022,202202,Postpartum visits,"6,142",8.8,
North Carolina,2022,202202,Prenatal bundled payments,"3,017",4.3,
North Carolina,2022,202202,Prenatal visits,"13,510",19.3,
North Carolina,2022,202203,Postpartum bundled payments,"3,228",4.6,
North Carolina,2022,202203,Postpartum visits,"7,196",10.2,
North Carolina,2022,202203,Prenatal bundled payments,"3,218",4.6,
North Carolina,2022,202203,Prenatal visits,"15,545",22.0,
North Carolina,2022,202204,Postpartum bundled payments,"3,017",4.2,
North Carolina,2022,202204,Postpartum visits,"5,915",8.3,
North Carolina,2022,202204,Prenatal bundled payments,"3,008",4.2,
North Carolina,2022,202204,Prenatal visits,"13,528",19.0,
North Carolina,2022,202205,Postpartum bundled payments,"3,118",4.4,
North Carolina,2022,202205,Postpartum visits,"6,291",8.8,
North Carolina,2022,202205,Prenatal bundled payments,"3,098",4.3,
North Carolina,2022,202205,Prenatal visits,"14,393",20.1,
North Carolina,2022,202206,Postpartum bundled payments,"2,957",4.1,
North Carolina,2022,202206,Postpartum visits,"6,242",8.7,
North Carolina,2022,202206,Prenatal bundled payments,"2,994",4.1,
North Carolina,2022,202206,Prenatal visits,"15,081",20.9,
North Carolina,2022,202207,Postpartum bundled payments,"3,272",4.5,
North Carolina,2022,202207,Postpartum visits,"5,544",7.6,
North Carolina,2022,202207,Prenatal bundled payments,"3,302",4.5,
North Carolina,2022,202207,Prenatal visits,"13,779",18.9,
North Carolina,2022,202208,Postpartum bundled payments,"3,449",4.7,
North Carolina,2022,202208,Postpartum visits,"6,864",9.4,
North Carolina,2022,202208,Prenatal bundled payments,"3,551",4.8,
North Carolina,2022,202208,Prenatal visits,"15,246",20.8,
North Carolina,2022,202209,Postpartum bundled payments,"3,247",4.4,
North Carolina,2022,202209,Postpartum visits,"6,268",8.5,
North Carolina,2022,202209,Prenatal bundled payments,"3,326",4.5,
North Carolina,2022,202209,Prenatal visits,"13,803",18.7,
North Carolina,2022,202210,Postpartum bundled payments,"2,974",4.0,
North Carolina,2022,202210,Postpartum visits,"6,296",8.5,
North Carolina,2022,202210,Prenatal bundled payments,"3,039",4.1,
North Carolina,2022,202210,Prenatal visits,"13,737",18.4,
North Carolina,2022,202211,Postpartum bundled payments,"3,137",4.2,
North Carolina,2022,202211,Postpartum visits,"5,844",7.8,
North Carolina,2022,202211,Prenatal bundled payments,"3,253",4.3,
North Carolina,2022,202211,Prenatal visits,"13,662",18.2,
North Carolina,2022,202212,Postpartum bundled payments,"3,263",4.3,
North Carolina,2022,202212,Postpartum visits,"5,547",7.3,
North Carolina,2022,202212,Prenatal bundled payments,"3,463",4.6,
North Carolina,2022,202212,Prenatal visits,"12,888",17.0,
North Dakota,2018,201801,Postpartum bundled payments,152,6.9,Unusable
North Dakota,2018,201801,Postpartum visits,426,19.5,Unusable
North Dakota,2018,201801,Prenatal bundled payments,DS,DS,Unusable
North Dakota,2018,201801,Prenatal visits,"2,092",95.6,Unusable
North Dakota,2018,201802,Postpartum bundled payments,132,6.0,Unusable
North Dakota,2018,201802,Postpartum visits,380,17.4,Unusable
North Dakota,2018,201802,Prenatal bundled payments,DS,DS,Unusable
North Dakota,2018,201802,Prenatal visits,"1,819",83.3,Unusable
North Dakota,2018,201803,Postpartum bundled payments,132,6.0,Unusable
North Dakota,2018,201803,Postpartum visits,377,17.3,Unusable
North Dakota,2018,201803,Prenatal bundled payments,DS,DS,Unusable
North Dakota,2018,201803,Prenatal visits,"2,043",93.5,Unusable
North Dakota,2018,201804,Postpartum bundled payments,128,5.9,Unusable
North Dakota,2018,201804,Postpartum visits,383,17.5,Unusable
North Dakota,2018,201804,Prenatal bundled payments,DS,DS,Unusable
North Dakota,2018,201804,Prenatal visits,"2,174",99.4,Unusable
North Dakota,2018,201805,Postpartum bundled payments,168,7.7,Unusable
North Dakota,2018,201805,Postpartum visits,386,17.7,Unusable
North Dakota,2018,201805,Prenatal bundled payments,DS,DS,Unusable
North Dakota,2018,201805,Prenatal visits,"2,275",104.1,Unusable
North Dakota,2018,201806,Postpartum bundled payments,138,6.4,Unusable
North Dakota,2018,201806,Postpartum visits,354,16.3,Unusable
North Dakota,2018,201806,Prenatal bundled payments,DS,DS,Unusable
North Dakota,2018,201806,Prenatal visits,"2,033",93.8,Unusable
North Dakota,2018,201807,Postpartum bundled payments,164,7.6,
North Dakota,2018,201807,Postpartum visits,369,17.2,
North Dakota,2018,201807,Prenatal bundled payments,DS,DS,
North Dakota,2018,201807,Prenatal visits,"2,127",99.1,
North Dakota,2018,201808,Postpartum bundled payments,158,7.4,
North Dakota,2018,201808,Postpartum visits,395,18.4,
North Dakota,2018,201808,Prenatal bundled payments,DS,DS,
North Dakota,2018,201808,Prenatal visits,"2,121",98.9,
North Dakota,2018,201809,Postpartum bundled payments,137,6.4,
North Dakota,2018,201809,Postpartum visits,231,10.9,
North Dakota,2018,201809,Prenatal bundled payments,DS,DS,
North Dakota,2018,201809,Prenatal visits,"1,744",82.0,
North Dakota,2018,201810,Postpartum bundled payments,155,7.3,
North Dakota,2018,201810,Postpartum visits,395,18.7,
North Dakota,2018,201810,Prenatal bundled payments,DS,DS,
North Dakota,2018,201810,Prenatal visits,"2,134",100.8,
North Dakota,2018,201811,Postpartum bundled payments,159,7.6,
North Dakota,2018,201811,Postpartum visits,305,14.5,
North Dakota,2018,201811,Prenatal bundled payments,DS,DS,
North Dakota,2018,201811,Prenatal visits,"1,962",93.4,
North Dakota,2018,201812,Postpartum bundled payments,140,6.7,
North Dakota,2018,201812,Postpartum visits,247,11.8,
North Dakota,2018,201812,Prenatal bundled payments,DS,DS,
North Dakota,2018,201812,Prenatal visits,"1,780",85.2,
North Dakota,2019,201901,Postpartum bundled payments,177,8.5,
North Dakota,2019,201901,Postpartum visits,343,16.4,
North Dakota,2019,201901,Prenatal bundled payments,DS,DS,
North Dakota,2019,201901,Prenatal visits,"2,060",98.4,
North Dakota,2019,201902,Postpartum bundled payments,125,6.0,
North Dakota,2019,201902,Postpartum visits,275,13.2,
North Dakota,2019,201902,Prenatal bundled payments,DS,DS,
North Dakota,2019,201902,Prenatal visits,"1,784",85.7,
North Dakota,2019,201903,Postpartum bundled payments,148,7.1,
North Dakota,2019,201903,Postpartum visits,251,12.1,
North Dakota,2019,201903,Prenatal bundled payments,DS,DS,
North Dakota,2019,201903,Prenatal visits,"1,661",80.0,
North Dakota,2019,201904,Postpartum bundled payments,151,7.3,
North Dakota,2019,201904,Postpartum visits,345,16.6,
North Dakota,2019,201904,Prenatal bundled payments,16,0.8,
North Dakota,2019,201904,Prenatal visits,"1,937",93.0,
North Dakota,2019,201905,Postpartum bundled payments,181,8.8,
North Dakota,2019,201905,Postpartum visits,302,14.6,
North Dakota,2019,201905,Prenatal bundled payments,13,0.6,
North Dakota,2019,201905,Prenatal visits,"2,070",100.1,
North Dakota,2019,201906,Postpartum bundled payments,135,6.6,
North Dakota,2019,201906,Postpartum visits,302,14.7,
North Dakota,2019,201906,Prenatal bundled payments,DS,DS,
North Dakota,2019,201906,Prenatal visits,"1,728",84.3,
North Dakota,2019,201907,Postpartum bundled payments,167,8.2,
North Dakota,2019,201907,Postpartum visits,339,16.7,
North Dakota,2019,201907,Prenatal bundled payments,DS,DS,
North Dakota,2019,201907,Prenatal visits,"1,952",95.9,
North Dakota,2019,201908,Postpartum bundled payments,145,7.1,
North Dakota,2019,201908,Postpartum visits,280,13.8,
North Dakota,2019,201908,Prenatal bundled payments,DS,DS,
North Dakota,2019,201908,Prenatal visits,"1,772",87.3,
North Dakota,2019,201909,Postpartum bundled payments,136,6.7,
North Dakota,2019,201909,Postpartum visits,234,11.6,
North Dakota,2019,201909,Prenatal bundled payments,12,0.6,
North Dakota,2019,201909,Prenatal visits,"1,666",82.6,
North Dakota,2019,201910,Postpartum bundled payments,134,6.7,
North Dakota,2019,201910,Postpartum visits,343,17.0,
North Dakota,2019,201910,Prenatal bundled payments,DS,DS,
North Dakota,2019,201910,Prenatal visits,"1,930",95.9,
North Dakota,2019,201911,Postpartum bundled payments,104,5.2,
North Dakota,2019,201911,Postpartum visits,279,14.0,
North Dakota,2019,201911,Prenatal bundled payments,DS,DS,
North Dakota,2019,201911,Prenatal visits,"1,749",87.8,
North Dakota,2019,201912,Postpartum bundled payments,121,6.1,
North Dakota,2019,201912,Postpartum visits,249,12.5,
North Dakota,2019,201912,Prenatal bundled payments,DS,DS,
North Dakota,2019,201912,Prenatal visits,"1,794",90.1,
North Dakota,2020,202001,Postpartum bundled payments,130,6.5,
North Dakota,2020,202001,Postpartum visits,319,15.9,
North Dakota,2020,202001,Prenatal bundled payments,13,0.6,
North Dakota,2020,202001,Prenatal visits,"1,966",98.3,
North Dakota,2020,202002,Postpartum bundled payments,125,6.3,
North Dakota,2020,202002,Postpartum visits,278,14.0,
North Dakota,2020,202002,Prenatal bundled payments,DS,DS,
North Dakota,2020,202002,Prenatal visits,"1,768",88.8,
North Dakota,2020,202003,Postpartum bundled payments,106,5.3,
North Dakota,2020,202003,Postpartum visits,253,12.7,
North Dakota,2020,202003,Prenatal bundled payments,DS,DS,
North Dakota,2020,202003,Prenatal visits,"1,850",92.8,
North Dakota,2020,202004,Postpartum bundled payments,130,6.3,
North Dakota,2020,202004,Postpartum visits,180,8.8,
North Dakota,2020,202004,Prenatal bundled payments,DS,DS,
North Dakota,2020,202004,Prenatal visits,"1,724",84.0,
North Dakota,2020,202005,Postpartum bundled payments,144,6.8,
North Dakota,2020,202005,Postpartum visits,276,13.1,
North Dakota,2020,202005,Prenatal bundled payments,DS,DS,
North Dakota,2020,202005,Prenatal visits,"1,683",79.8,
North Dakota,2020,202006,Postpartum bundled payments,114,5.2,
North Dakota,2020,202006,Postpartum visits,303,13.9,
North Dakota,2020,202006,Prenatal bundled payments,DS,DS,
North Dakota,2020,202006,Prenatal visits,"1,864",85.7,
North Dakota,2020,202007,Postpartum bundled payments,134,6.0,
North Dakota,2020,202007,Postpartum visits,354,15.9,
North Dakota,2020,202007,Prenatal bundled payments,13,0.6,
North Dakota,2020,202007,Prenatal visits,"2,003",89.8,
North Dakota,2020,202008,Postpartum bundled payments,147,6.4,
North Dakota,2020,202008,Postpartum visits,334,14.6,
North Dakota,2020,202008,Prenatal bundled payments,12,0.5,
North Dakota,2020,202008,Prenatal visits,"1,841",80.4,
North Dakota,2020,202009,Postpartum bundled payments,126,5.4,
North Dakota,2020,202009,Postpartum visits,340,14.5,
North Dakota,2020,202009,Prenatal bundled payments,DS,DS,
North Dakota,2020,202009,Prenatal visits,"1,709",72.8,
North Dakota,2020,202010,Postpartum bundled payments,122,5.1,
North Dakota,2020,202010,Postpartum visits,321,13.3,
North Dakota,2020,202010,Prenatal bundled payments,20,0.8,
North Dakota,2020,202010,Prenatal visits,"1,713",71.2,
North Dakota,2020,202011,Postpartum bundled payments,100,4.1,
North Dakota,2020,202011,Postpartum visits,303,12.3,
North Dakota,2020,202011,Prenatal bundled payments,DS,DS,
North Dakota,2020,202011,Prenatal visits,"1,629",66.2,
North Dakota,2020,202012,Postpartum bundled payments,132,5.3,
North Dakota,2020,202012,Postpartum visits,316,12.6,
North Dakota,2020,202012,Prenatal bundled payments,13,0.5,
North Dakota,2020,202012,Prenatal visits,"1,770",70.5,
North Dakota,2021,202101,Postpartum bundled payments,122,4.8,
North Dakota,2021,202101,Postpartum visits,318,12.5,
North Dakota,2021,202101,Prenatal bundled payments,13,0.5,
North Dakota,2021,202101,Prenatal visits,"1,699",66.5,
North Dakota,2021,202102,Postpartum bundled payments,125,4.8,
North Dakota,2021,202102,Postpartum visits,313,12.1,
North Dakota,2021,202102,Prenatal bundled payments,14,0.5,
North Dakota,2021,202102,Prenatal visits,"1,722",66.4,
North Dakota,2021,202103,Postpartum bundled payments,130,4.9,
North Dakota,2021,202103,Postpartum visits,414,15.8,
North Dakota,2021,202103,Prenatal bundled payments,16,0.6,
North Dakota,2021,202103,Prenatal visits,"1,922",73.2,
North Dakota,2021,202104,Postpartum bundled payments,110,4.1,
North Dakota,2021,202104,Postpartum visits,324,12.2,
North Dakota,2021,202104,Prenatal bundled payments,DS,DS,
North Dakota,2021,202104,Prenatal visits,"1,759",66.3,
North Dakota,2021,202105,Postpartum bundled payments,106,4.0,
North Dakota,2021,202105,Postpartum visits,314,11.7,
North Dakota,2021,202105,Prenatal bundled payments,15,0.6,
North Dakota,2021,202105,Prenatal visits,"1,702",63.5,
North Dakota,2021,202106,Postpartum bundled payments,122,4.5,
North Dakota,2021,202106,Postpartum visits,294,10.8,
North Dakota,2021,202106,Prenatal bundled payments,19,0.7,
North Dakota,2021,202106,Prenatal visits,"1,923",70.8,
North Dakota,2021,202107,Postpartum bundled payments,121,4.4,
North Dakota,2021,202107,Postpartum visits,297,10.8,
North Dakota,2021,202107,Prenatal bundled payments,14,0.5,
North Dakota,2021,202107,Prenatal visits,"1,759",64.1,
North Dakota,2021,202108,Postpartum bundled payments,121,4.4,
North Dakota,2021,202108,Postpartum visits,320,11.5,
North Dakota,2021,202108,Prenatal bundled payments,16,0.6,
North Dakota,2021,202108,Prenatal visits,"1,777",64.1,
North Dakota,2021,202109,Postpartum bundled payments,117,4.2,
North Dakota,2021,202109,Postpartum visits,286,10.2,
North Dakota,2021,202109,Prenatal bundled payments,13,0.5,
North Dakota,2021,202109,Prenatal visits,"1,804",64.6,
North Dakota,2021,202110,Postpartum bundled payments,122,4.3,
North Dakota,2021,202110,Postpartum visits,320,11.4,
North Dakota,2021,202110,Prenatal bundled payments,15,0.5,
North Dakota,2021,202110,Prenatal visits,"1,685",59.8,
North Dakota,2021,202111,Postpartum bundled payments,122,4.3,
North Dakota,2021,202111,Postpartum visits,262,9.2,
North Dakota,2021,202111,Prenatal bundled payments,15,0.5,
North Dakota,2021,202111,Prenatal visits,"1,703",59.7,
North Dakota,2021,202112,Postpartum bundled payments,129,4.5,
North Dakota,2021,202112,Postpartum visits,253,8.8,
North Dakota,2021,202112,Prenatal bundled payments,17,0.6,
North Dakota,2021,202112,Prenatal visits,"1,700",58.8,
North Dakota,2022,202201,Postpartum bundled payments,126,4.3,
North Dakota,2022,202201,Postpartum visits,301,10.3,
North Dakota,2022,202201,Prenatal bundled payments,14,0.5,
North Dakota,2022,202201,Prenatal visits,"1,587",54.3,
North Dakota,2022,202202,Postpartum bundled payments,108,3.7,
North Dakota,2022,202202,Postpartum visits,266,9.0,
North Dakota,2022,202202,Prenatal bundled payments,DS,DS,
North Dakota,2022,202202,Prenatal visits,"1,484",50.4,
North Dakota,2022,202203,Postpartum bundled payments,99,3.3,
North Dakota,2022,202203,Postpartum visits,336,11.3,
North Dakota,2022,202203,Prenatal bundled payments,20,0.7,
North Dakota,2022,202203,Prenatal visits,"1,740",58.6,
North Dakota,2022,202204,Postpartum bundled payments,122,4.1,
North Dakota,2022,202204,Postpartum visits,307,10.3,
North Dakota,2022,202204,Prenatal bundled payments,19,0.6,
North Dakota,2022,202204,Prenatal visits,"1,604",53.6,
North Dakota,2022,202205,Postpartum bundled payments,102,3.4,
North Dakota,2022,202205,Postpartum visits,337,11.2,
North Dakota,2022,202205,Prenatal bundled payments,18,0.6,
North Dakota,2022,202205,Prenatal visits,"1,695",56.1,
North Dakota,2022,202206,Postpartum bundled payments,113,3.7,
North Dakota,2022,202206,Postpartum visits,348,11.4,
North Dakota,2022,202206,Prenatal bundled payments,19,0.6,
North Dakota,2022,202206,Prenatal visits,"1,780",58.3,
North Dakota,2022,202207,Postpartum bundled payments,148,4.8,
North Dakota,2022,202207,Postpartum visits,263,8.6,
North Dakota,2022,202207,Prenatal bundled payments,19,0.6,
North Dakota,2022,202207,Prenatal visits,"1,700",55.3,
North Dakota,2022,202208,Postpartum bundled payments,127,4.1,
North Dakota,2022,202208,Postpartum visits,350,11.3,
North Dakota,2022,202208,Prenatal bundled payments,17,0.5,
North Dakota,2022,202208,Prenatal visits,"1,838",59.1,
North Dakota,2022,202209,Postpartum bundled payments,118,3.8,
North Dakota,2022,202209,Postpartum visits,345,11.0,
North Dakota,2022,202209,Prenatal bundled payments,DS,DS,
North Dakota,2022,202209,Prenatal visits,"1,707",54.5,
North Dakota,2022,202210,Postpartum bundled payments,115,3.6,
North Dakota,2022,202210,Postpartum visits,314,9.9,
North Dakota,2022,202210,Prenatal bundled payments,11,0.3,
North Dakota,2022,202210,Prenatal visits,"1,616",51.0,
North Dakota,2022,202211,Postpartum bundled payments,109,3.4,
North Dakota,2022,202211,Postpartum visits,277,8.7,
North Dakota,2022,202211,Prenatal bundled payments,20,0.6,
North Dakota,2022,202211,Prenatal visits,"1,776",55.5,
North Dakota,2022,202212,Postpartum bundled payments,128,4.0,
North Dakota,2022,202212,Postpartum visits,232,7.2,
North Dakota,2022,202212,Prenatal bundled payments,13,0.4,
North Dakota,2022,202212,Prenatal visits,"1,657",51.3,
Ohio,2018,201801,Postpartum bundled payments,"1,051",1.5,
Ohio,2018,201801,Postpartum visits,"17,697",24.7,
Ohio,2018,201801,Prenatal bundled payments,561,0.8,
Ohio,2018,201801,Prenatal visits,"57,271",80.0,
Ohio,2018,201802,Postpartum bundled payments,991,1.4,
Ohio,2018,201802,Postpartum visits,"16,116",22.6,
Ohio,2018,201802,Prenatal bundled payments,526,0.7,
Ohio,2018,201802,Prenatal visits,"50,652",71.0,
Ohio,2018,201803,Postpartum bundled payments,"1,035",1.5,
Ohio,2018,201803,Postpartum visits,"17,649",24.8,
Ohio,2018,201803,Prenatal bundled payments,530,0.7,
Ohio,2018,201803,Prenatal visits,"55,074",77.4,
Ohio,2018,201804,Postpartum bundled payments,985,1.4,
Ohio,2018,201804,Postpartum visits,"17,223",24.3,
Ohio,2018,201804,Prenatal bundled payments,524,0.7,
Ohio,2018,201804,Prenatal visits,"53,785",76.0,
Ohio,2018,201805,Postpartum bundled payments,926,1.3,
Ohio,2018,201805,Postpartum visits,"17,924",25.4,
Ohio,2018,201805,Prenatal bundled payments,540,0.8,
Ohio,2018,201805,Prenatal visits,"58,697",83.3,
Ohio,2018,201806,Postpartum bundled payments,910,1.3,
Ohio,2018,201806,Postpartum visits,"16,075",23.1,
Ohio,2018,201806,Prenatal bundled payments,528,0.8,
Ohio,2018,201806,Prenatal visits,"53,226",76.5,
Ohio,2018,201807,Postpartum bundled payments,977,1.4,
Ohio,2018,201807,Postpartum visits,"16,108",23.3,
Ohio,2018,201807,Prenatal bundled payments,572,0.8,
Ohio,2018,201807,Prenatal visits,"55,960",80.8,
Ohio,2018,201808,Postpartum bundled payments,"1,041",1.5,
Ohio,2018,201808,Postpartum visits,"18,194",26.4,
Ohio,2018,201808,Prenatal bundled payments,616,0.9,
Ohio,2018,201808,Prenatal visits,"57,999",84.1,
Ohio,2018,201809,Postpartum bundled payments,962,1.4,
Ohio,2018,201809,Postpartum visits,"15,637",22.7,
Ohio,2018,201809,Prenatal bundled payments,557,0.8,
Ohio,2018,201809,Prenatal visits,"50,514",73.5,
Ohio,2018,201810,Postpartum bundled payments,982,1.4,
Ohio,2018,201810,Postpartum visits,"18,618",27.3,
Ohio,2018,201810,Prenatal bundled payments,498,0.7,
Ohio,2018,201810,Prenatal visits,"57,251",83.8,
Ohio,2018,201811,Postpartum bundled payments,784,1.2,
Ohio,2018,201811,Postpartum visits,"15,326",22.6,
Ohio,2018,201811,Prenatal bundled payments,437,0.6,
Ohio,2018,201811,Prenatal visits,"52,088",76.7,
Ohio,2018,201812,Postpartum bundled payments,830,1.2,
Ohio,2018,201812,Postpartum visits,"13,949",20.7,
Ohio,2018,201812,Prenatal bundled payments,413,0.6,
Ohio,2018,201812,Prenatal visits,"49,098",72.9,
Ohio,2019,201901,Postpartum bundled payments,880,1.3,
Ohio,2019,201901,Postpartum visits,"18,070",26.8,
Ohio,2019,201901,Prenatal bundled payments,416,0.6,
Ohio,2019,201901,Prenatal visits,"56,835",84.4,
Ohio,2019,201902,Postpartum bundled payments,795,1.2,
Ohio,2019,201902,Postpartum visits,"16,481",24.6,
Ohio,2019,201902,Prenatal bundled payments,374,0.6,
Ohio,2019,201902,Prenatal visits,"50,168",74.8,
Ohio,2019,201903,Postpartum bundled payments,829,1.2,
Ohio,2019,201903,Postpartum visits,"16,651",24.9,
Ohio,2019,201903,Prenatal bundled payments,356,0.5,
Ohio,2019,201903,Prenatal visits,"51,903",77.5,
Ohio,2019,201904,Postpartum bundled payments,815,1.2,
Ohio,2019,201904,Postpartum visits,"17,872",26.7,
Ohio,2019,201904,Prenatal bundled payments,378,0.6,
Ohio,2019,201904,Prenatal visits,"56,374",84.2,
Ohio,2019,201905,Postpartum bundled payments,810,1.2,
Ohio,2019,201905,Postpartum visits,"17,029",25.5,
Ohio,2019,201905,Prenatal bundled payments,349,0.5,
Ohio,2019,201905,Prenatal visits,"57,385",85.9,
Ohio,2019,201906,Postpartum bundled payments,834,1.3,
Ohio,2019,201906,Postpartum visits,"15,483",23.3,
Ohio,2019,201906,Prenatal bundled payments,303,0.5,
Ohio,2019,201906,Prenatal visits,"51,631",77.6,
Ohio,2019,201907,Postpartum bundled payments,905,1.4,
Ohio,2019,201907,Postpartum visits,"16,647",25.2,
Ohio,2019,201907,Prenatal bundled payments,299,0.5,
Ohio,2019,201907,Prenatal visits,"57,669",87.1,
Ohio,2019,201908,Postpartum bundled payments,914,1.4,
Ohio,2019,201908,Postpartum visits,"16,967",25.7,
Ohio,2019,201908,Prenatal bundled payments,297,0.5,
Ohio,2019,201908,Prenatal visits,"54,775",83.1,
Ohio,2019,201909,Postpartum bundled payments,871,1.3,
Ohio,2019,201909,Postpartum visits,"16,256",24.7,
Ohio,2019,201909,Prenatal bundled payments,265,0.4,
Ohio,2019,201909,Prenatal visits,"51,322",77.9,
Ohio,2019,201910,Postpartum bundled payments,894,1.4,
Ohio,2019,201910,Postpartum visits,"18,330",27.8,
Ohio,2019,201910,Prenatal bundled payments,274,0.4,
Ohio,2019,201910,Prenatal visits,"56,151",85.3,
Ohio,2019,201911,Postpartum bundled payments,807,1.2,
Ohio,2019,201911,Postpartum visits,"14,925",22.9,
Ohio,2019,201911,Prenatal bundled payments,241,0.4,
Ohio,2019,201911,Prenatal visits,"47,966",73.6,
Ohio,2019,201912,Postpartum bundled payments,885,1.4,
Ohio,2019,201912,Postpartum visits,"14,170",21.8,
Ohio,2019,201912,Prenatal bundled payments,265,0.4,
Ohio,2019,201912,Prenatal visits,"50,708",78.0,
Ohio,2020,202001,Postpartum bundled payments,929,1.4,
Ohio,2020,202001,Postpartum visits,"18,181",27.7,
Ohio,2020,202001,Prenatal bundled payments,276,0.4,
Ohio,2020,202001,Prenatal visits,"55,129",84.0,
Ohio,2020,202002,Postpartum bundled payments,806,1.2,
Ohio,2020,202002,Postpartum visits,"16,281",24.9,
Ohio,2020,202002,Prenatal bundled payments,234,0.4,
Ohio,2020,202002,Prenatal visits,"48,449",74.1,
Ohio,2020,202003,Postpartum bundled payments,799,1.2,
Ohio,2020,202003,Postpartum visits,"12,307",18.7,
Ohio,2020,202003,Prenatal bundled payments,229,0.3,
Ohio,2020,202003,Prenatal visits,"50,235",76.4,
Ohio,2020,202004,Postpartum bundled payments,749,1.1,
Ohio,2020,202004,Postpartum visits,"7,245",10.7,
Ohio,2020,202004,Prenatal bundled payments,250,0.4,
Ohio,2020,202004,Prenatal visits,"46,753",69.0,
Ohio,2020,202005,Postpartum bundled payments,829,1.2,
Ohio,2020,202005,Postpartum visits,"11,280",16.4,
Ohio,2020,202005,Prenatal bundled payments,242,0.4,
Ohio,2020,202005,Prenatal visits,"47,547",69.0,
Ohio,2020,202006,Postpartum bundled payments,844,1.2,
Ohio,2020,202006,Postpartum visits,"17,678",25.2,
Ohio,2020,202006,Prenatal bundled payments,272,0.4,
Ohio,2020,202006,Prenatal visits,"53,223",76.0,
Ohio,2020,202007,Postpartum bundled payments,919,1.3,
Ohio,2020,202007,Postpartum visits,"17,384",24.5,
Ohio,2020,202007,Prenatal bundled payments,280,0.4,
Ohio,2020,202007,Prenatal visits,"53,165",74.9,
Ohio,2020,202008,Postpartum bundled payments,894,1.2,
Ohio,2020,202008,Postpartum visits,"17,283",24.0,
Ohio,2020,202008,Prenatal bundled payments,258,0.4,
Ohio,2020,202008,Prenatal visits,"49,396",68.6,
Ohio,2020,202009,Postpartum bundled payments,910,1.2,
Ohio,2020,202009,Postpartum visits,"18,049",24.8,
Ohio,2020,202009,Prenatal bundled payments,246,0.3,
Ohio,2020,202009,Prenatal visits,"50,443",69.3,
Ohio,2020,202010,Postpartum bundled payments,917,1.2,
Ohio,2020,202010,Postpartum visits,"18,771",25.5,
Ohio,2020,202010,Prenatal bundled payments,241,0.3,
Ohio,2020,202010,Prenatal visits,"50,548",68.7,
Ohio,2020,202011,Postpartum bundled payments,858,1.2,
Ohio,2020,202011,Postpartum visits,"15,902",21.4,
Ohio,2020,202011,Prenatal bundled payments,180,0.2,
Ohio,2020,202011,Prenatal visits,"46,105",62.1,
Ohio,2020,202012,Postpartum bundled payments,903,1.2,
Ohio,2020,202012,Postpartum visits,"15,773",21.0,
Ohio,2020,202012,Prenatal bundled payments,211,0.3,
Ohio,2020,202012,Prenatal visits,"50,158",66.8,
Ohio,2021,202101,Postpartum bundled payments,900,1.2,
Ohio,2021,202101,Postpartum visits,"17,220",22.8,
Ohio,2021,202101,Prenatal bundled payments,162,0.2,
Ohio,2021,202101,Prenatal visits,"47,549",62.8,
Ohio,2021,202102,Postpartum bundled payments,938,1.2,
Ohio,2021,202102,Postpartum visits,"16,006",21.0,
Ohio,2021,202102,Prenatal bundled payments,116,0.2,
Ohio,2021,202102,Prenatal visits,"45,639",59.9,
Ohio,2021,202103,Postpartum bundled payments,"1,061",1.4,
Ohio,2021,202103,Postpartum visits,"18,465",24.0,
Ohio,2021,202103,Prenatal bundled payments,89,0.1,
Ohio,2021,202103,Prenatal visits,"53,776",70.0,
Ohio,2021,202104,Postpartum bundled payments,991,1.3,
Ohio,2021,202104,Postpartum visits,"16,434",21.3,
Ohio,2021,202104,Prenatal bundled payments,78,0.1,
Ohio,2021,202104,Prenatal visits,"51,727",66.9,
Ohio,2021,202105,Postpartum bundled payments,"1,103",1.4,
Ohio,2021,202105,Postpartum visits,"15,094",19.4,
Ohio,2021,202105,Prenatal bundled payments,84,0.1,
Ohio,2021,202105,Prenatal visits,"48,778",62.7,
Ohio,2021,202106,Postpartum bundled payments,"1,084",1.4,
Ohio,2021,202106,Postpartum visits,"16,062",20.5,
Ohio,2021,202106,Prenatal bundled payments,98,0.1,
Ohio,2021,202106,Prenatal visits,"53,341",68.1,
Ohio,2021,202107,Postpartum bundled payments,"1,287",1.6,
Ohio,2021,202107,Postpartum visits,"15,513",19.7,
Ohio,2021,202107,Prenatal bundled payments,99,0.1,
Ohio,2021,202107,Prenatal visits,"51,433",65.2,
Ohio,2021,202108,Postpartum bundled payments,"1,308",1.6,
Ohio,2021,202108,Postpartum visits,"16,594",20.9,
Ohio,2021,202108,Prenatal bundled payments,101,0.1,
Ohio,2021,202108,Prenatal visits,"52,020",65.4,
Ohio,2021,202109,Postpartum bundled payments,"1,290",1.6,
Ohio,2021,202109,Postpartum visits,"16,246",20.3,
Ohio,2021,202109,Prenatal bundled payments,106,0.1,
Ohio,2021,202109,Prenatal visits,"50,126",62.7,
Ohio,2021,202110,Postpartum bundled payments,"1,281",1.6,
Ohio,2021,202110,Postpartum visits,"16,156",20.1,
Ohio,2021,202110,Prenatal bundled payments,93,0.1,
Ohio,2021,202110,Prenatal visits,"47,678",59.3,
Ohio,2021,202111,Postpartum bundled payments,"1,256",1.6,
Ohio,2021,202111,Postpartum visits,"15,634",19.3,
Ohio,2021,202111,Prenatal bundled payments,113,0.1,
Ohio,2021,202111,Prenatal visits,"48,694",60.1,
Ohio,2021,202112,Postpartum bundled payments,"1,316",1.6,
Ohio,2021,202112,Postpartum visits,"14,021",17.2,
Ohio,2021,202112,Prenatal bundled payments,102,0.1,
Ohio,2021,202112,Prenatal visits,"48,659",59.8,
Ohio,2022,202201,Postpartum bundled payments,"1,254",1.5,
Ohio,2022,202201,Postpartum visits,"15,429",18.8,
Ohio,2022,202201,Prenatal bundled payments,98,0.1,
Ohio,2022,202201,Prenatal visits,"47,263",57.7,
Ohio,2022,202202,Postpartum bundled payments,"1,193",1.4,
Ohio,2022,202202,Postpartum visits,"15,333",18.6,
Ohio,2022,202202,Prenatal bundled payments,89,0.1,
Ohio,2022,202202,Prenatal visits,"44,416",54.0,
Ohio,2022,202203,Postpartum bundled payments,"1,224",1.5,
Ohio,2022,202203,Postpartum visits,"18,826",22.8,
Ohio,2022,202203,Prenatal bundled payments,95,0.1,
Ohio,2022,202203,Prenatal visits,"53,375",64.5,
Ohio,2022,202204,Postpartum bundled payments,"1,198",1.4,
Ohio,2022,202204,Postpartum visits,"16,537",19.9,
Ohio,2022,202204,Prenatal bundled payments,127,0.2,
Ohio,2022,202204,Prenatal visits,"47,895",57.6,
Ohio,2022,202205,Postpartum bundled payments,"1,250",1.5,
Ohio,2022,202205,Postpartum visits,"16,685",20.0,
Ohio,2022,202205,Prenatal bundled payments,99,0.1,
Ohio,2022,202205,Prenatal visits,"49,751",59.6,
Ohio,2022,202206,Postpartum bundled payments,"1,270",1.5,
Ohio,2022,202206,Postpartum visits,"16,333",19.5,
Ohio,2022,202206,Prenatal bundled payments,93,0.1,
Ohio,2022,202206,Prenatal visits,"51,550",61.4,
Ohio,2022,202207,Postpartum bundled payments,"1,358",1.6,
Ohio,2022,202207,Postpartum visits,"14,685",17.4,
Ohio,2022,202207,Prenatal bundled payments,97,0.1,
Ohio,2022,202207,Prenatal visits,"46,917",55.6,
Ohio,2022,202208,Postpartum bundled payments,"1,431",1.7,
Ohio,2022,202208,Postpartum visits,"18,640",21.9,
Ohio,2022,202208,Prenatal bundled payments,110,0.1,
Ohio,2022,202208,Prenatal visits,"53,048",62.4,
Ohio,2022,202209,Postpartum bundled payments,"1,264",1.5,
Ohio,2022,202209,Postpartum visits,"16,865",19.7,
Ohio,2022,202209,Prenatal bundled payments,98,0.1,
Ohio,2022,202209,Prenatal visits,"49,645",58.1,
Ohio,2022,202210,Postpartum bundled payments,"1,261",1.5,
Ohio,2022,202210,Postpartum visits,"16,495",19.2,
Ohio,2022,202210,Prenatal bundled payments,85,0.1,
Ohio,2022,202210,Prenatal visits,"47,951",55.8,
Ohio,2022,202211,Postpartum bundled payments,"1,275",1.5,
Ohio,2022,202211,Postpartum visits,"15,460",17.9,
Ohio,2022,202211,Prenatal bundled payments,88,0.1,
Ohio,2022,202211,Prenatal visits,"48,420",56.0,
Ohio,2022,202212,Postpartum bundled payments,"1,247",1.4,
Ohio,2022,202212,Postpartum visits,"13,186",15.1,
Ohio,2022,202212,Prenatal bundled payments,116,0.1,
Ohio,2022,202212,Prenatal visits,"43,289",49.6,
Oklahoma,2018,201801,Postpartum bundled payments,"1,931",12.4,Unusable
Oklahoma,2018,201801,Postpartum visits,"1,710",11.0,Unusable
Oklahoma,2018,201801,Prenatal bundled payments,"2,075",13.3,Unusable
Oklahoma,2018,201801,Prenatal visits,"6,522",41.9,Unusable
Oklahoma,2018,201802,Postpartum bundled payments,"1,618",10.4,Unusable
Oklahoma,2018,201802,Postpartum visits,"1,444",9.3,Unusable
Oklahoma,2018,201802,Prenatal bundled payments,"1,697",10.9,Unusable
Oklahoma,2018,201802,Prenatal visits,"5,495",35.2,Unusable
Oklahoma,2018,201803,Postpartum bundled payments,"1,739",11.2,Unusable
Oklahoma,2018,201803,Postpartum visits,"1,663",10.8,Unusable
Oklahoma,2018,201803,Prenatal bundled payments,"1,848",11.9,Unusable
Oklahoma,2018,201803,Prenatal visits,"6,336",41.0,Unusable
Oklahoma,2018,201804,Postpartum bundled payments,"1,615",10.5,
Oklahoma,2018,201804,Postpartum visits,"1,660",10.7,
Oklahoma,2018,201804,Prenatal bundled payments,"1,769",11.4,
Oklahoma,2018,201804,Prenatal visits,"6,339",41.0,
Oklahoma,2018,201805,Postpartum bundled payments,"1,778",11.3,
Oklahoma,2018,201805,Postpartum visits,"1,672",10.7,
Oklahoma,2018,201805,Prenatal bundled payments,"1,915",12.2,
Oklahoma,2018,201805,Prenatal visits,"6,642",42.4,
Oklahoma,2018,201806,Postpartum bundled payments,"1,664",10.7,
Oklahoma,2018,201806,Postpartum visits,"1,548",10.0,
Oklahoma,2018,201806,Prenatal bundled payments,"1,832",11.8,
Oklahoma,2018,201806,Prenatal visits,"6,184",39.8,
Oklahoma,2018,201807,Postpartum bundled payments,"1,819",11.7,
Oklahoma,2018,201807,Postpartum visits,"1,554",10.0,
Oklahoma,2018,201807,Prenatal bundled payments,"1,985",12.8,
Oklahoma,2018,201807,Prenatal visits,"6,460",41.6,
Oklahoma,2018,201808,Postpartum bundled payments,"1,815",11.6,
Oklahoma,2018,201808,Postpartum visits,"1,722",11.0,
Oklahoma,2018,201808,Prenatal bundled payments,"1,976",12.7,
Oklahoma,2018,201808,Prenatal visits,"6,695",42.9,
Oklahoma,2018,201809,Postpartum bundled payments,"1,747",11.4,
Oklahoma,2018,201809,Postpartum visits,"1,377",9.0,
Oklahoma,2018,201809,Prenatal bundled payments,"1,846",12.0,
Oklahoma,2018,201809,Prenatal visits,"5,865",38.3,
Oklahoma,2018,201810,Postpartum bundled payments,"1,745",11.4,
Oklahoma,2018,201810,Postpartum visits,"1,729",11.3,
Oklahoma,2018,201810,Prenatal bundled payments,"1,938",12.6,
Oklahoma,2018,201810,Prenatal visits,"6,572",42.9,
Oklahoma,2018,201811,Postpartum bundled payments,"1,645",10.7,
Oklahoma,2018,201811,Postpartum visits,"1,394",9.1,
Oklahoma,2018,201811,Prenatal bundled payments,"1,763",11.5,
Oklahoma,2018,201811,Prenatal visits,"5,953",38.8,
Oklahoma,2018,201812,Postpartum bundled payments,"1,675",11.1,
Oklahoma,2018,201812,Postpartum visits,"1,176",7.8,
Oklahoma,2018,201812,Prenatal bundled payments,"1,773",11.8,
Oklahoma,2018,201812,Prenatal visits,"5,477",36.3,
Oklahoma,2019,201901,Postpartum bundled payments,"1,759",11.8,
Oklahoma,2019,201901,Postpartum visits,"1,575",10.5,
Oklahoma,2019,201901,Prenatal bundled payments,"1,866",12.5,
Oklahoma,2019,201901,Prenatal visits,"6,371",42.6,
Oklahoma,2019,201902,Postpartum bundled payments,"1,449",9.6,
Oklahoma,2019,201902,Postpartum visits,"1,406",9.3,
Oklahoma,2019,201902,Prenatal bundled payments,"1,575",10.4,
Oklahoma,2019,201902,Prenatal visits,"5,387",35.6,
Oklahoma,2019,201903,Postpartum bundled payments,"1,573",10.5,
Oklahoma,2019,201903,Postpartum visits,"1,460",9.7,
Oklahoma,2019,201903,Prenatal bundled payments,"1,713",11.4,
Oklahoma,2019,201903,Prenatal visits,"5,662",37.6,
Oklahoma,2019,201904,Postpartum bundled payments,"1,589",10.7,
Oklahoma,2019,201904,Postpartum visits,"1,634",11.0,
Oklahoma,2019,201904,Prenatal bundled payments,"1,743",11.7,
Oklahoma,2019,201904,Prenatal visits,"6,251",42.0,
Oklahoma,2019,201905,Postpartum bundled payments,"1,636",10.9,
Oklahoma,2019,201905,Postpartum visits,"1,406",9.4,
Oklahoma,2019,201905,Prenatal bundled payments,"1,832",12.2,
Oklahoma,2019,201905,Prenatal visits,"6,208",41.3,
Oklahoma,2019,201906,Postpartum bundled payments,"1,483",9.9,
Oklahoma,2019,201906,Postpartum visits,"1,480",9.9,
Oklahoma,2019,201906,Prenatal bundled payments,"1,631",10.9,
Oklahoma,2019,201906,Prenatal visits,"5,800",38.7,
Oklahoma,2019,201907,Postpartum bundled payments,"1,703",11.3,
Oklahoma,2019,201907,Postpartum visits,"1,588",10.6,
Oklahoma,2019,201907,Prenatal bundled payments,"1,862",12.4,
Oklahoma,2019,201907,Prenatal visits,"6,664",44.4,
Oklahoma,2019,201908,Postpartum bundled payments,"1,771",11.7,
Oklahoma,2019,201908,Postpartum visits,"1,621",10.7,
Oklahoma,2019,201908,Prenatal bundled payments,"1,909",12.6,
Oklahoma,2019,201908,Prenatal visits,"6,361",41.9,
Oklahoma,2019,201909,Postpartum bundled payments,"1,748",11.7,
Oklahoma,2019,201909,Postpartum visits,"1,375",9.2,
Oklahoma,2019,201909,Prenatal bundled payments,"1,891",12.6,
Oklahoma,2019,201909,Prenatal visits,"5,882",39.3,
Oklahoma,2019,201910,Postpartum bundled payments,"1,671",11.3,
Oklahoma,2019,201910,Postpartum visits,"1,582",10.7,
Oklahoma,2019,201910,Prenatal bundled payments,"1,833",12.4,
Oklahoma,2019,201910,Prenatal visits,"6,474",43.6,
Oklahoma,2019,201911,Postpartum bundled payments,"1,567",10.6,
Oklahoma,2019,201911,Postpartum visits,"1,230",8.3,
Oklahoma,2019,201911,Prenatal bundled payments,"1,679",11.3,
Oklahoma,2019,201911,Prenatal visits,"5,409",36.5,
Oklahoma,2019,201912,Postpartum bundled payments,"1,705",11.7,
Oklahoma,2019,201912,Postpartum visits,"1,171",8.0,
Oklahoma,2019,201912,Prenatal bundled payments,"1,868",12.8,
Oklahoma,2019,201912,Prenatal visits,"5,940",40.7,
Oklahoma,2020,202001,Postpartum bundled payments,"1,617",11.1,
Oklahoma,2020,202001,Postpartum visits,"1,554",10.6,
Oklahoma,2020,202001,Prenatal bundled payments,"1,757",12.0,
Oklahoma,2020,202001,Prenatal visits,"6,535",44.8,
Oklahoma,2020,202002,Postpartum bundled payments,"1,493",10.0,
Oklahoma,2020,202002,Postpartum visits,"1,377",9.2,
Oklahoma,2020,202002,Prenatal bundled payments,"1,628",10.9,
Oklahoma,2020,202002,Prenatal visits,"5,659",37.7,
Oklahoma,2020,202003,Postpartum bundled payments,"1,562",10.0,
Oklahoma,2020,202003,Postpartum visits,"1,146",7.4,
Oklahoma,2020,202003,Prenatal bundled payments,"1,754",11.3,
Oklahoma,2020,202003,Prenatal visits,"5,907",38.0,
Oklahoma,2020,202004,Postpartum bundled payments,"1,542",9.4,
Oklahoma,2020,202004,Postpartum visits,875,5.4,
Oklahoma,2020,202004,Prenatal bundled payments,"1,647",10.1,
Oklahoma,2020,202004,Prenatal visits,"5,643",34.5,
Oklahoma,2020,202005,Postpartum bundled payments,"1,501",8.9,
Oklahoma,2020,202005,Postpartum visits,"1,172",6.9,
Oklahoma,2020,202005,Prenatal bundled payments,"1,566",9.3,
Oklahoma,2020,202005,Prenatal visits,"5,739",34.0,
Oklahoma,2020,202006,Postpartum bundled payments,"1,538",8.4,
Oklahoma,2020,202006,Postpartum visits,"1,448",7.9,
Oklahoma,2020,202006,Prenatal bundled payments,"1,655",9.0,
Oklahoma,2020,202006,Prenatal visits,"6,362",34.6,
Oklahoma,2020,202007,Postpartum bundled payments,"1,654",8.7,
Oklahoma,2020,202007,Postpartum visits,"1,458",7.6,
Oklahoma,2020,202007,Prenatal bundled payments,"1,825",9.6,
Oklahoma,2020,202007,Prenatal visits,"6,436",33.7,
Oklahoma,2020,202008,Postpartum bundled payments,"1,667",8.5,
Oklahoma,2020,202008,Postpartum visits,"1,637",8.3,
Oklahoma,2020,202008,Prenatal bundled payments,"1,761",9.0,
Oklahoma,2020,202008,Prenatal visits,"6,193",31.5,
Oklahoma,2020,202009,Postpartum bundled payments,"1,644",8.2,
Oklahoma,2020,202009,Postpartum visits,"1,756",8.7,
Oklahoma,2020,202009,Prenatal bundled payments,"1,833",9.1,
Oklahoma,2020,202009,Prenatal visits,"6,355",31.6,
Oklahoma,2020,202010,Postpartum bundled payments,"1,539",7.5,
Oklahoma,2020,202010,Postpartum visits,"1,570",7.6,
Oklahoma,2020,202010,Prenatal bundled payments,"1,640",7.9,
Oklahoma,2020,202010,Prenatal visits,"6,129",29.7,
Oklahoma,2020,202011,Postpartum bundled payments,"1,461",6.9,
Oklahoma,2020,202011,Postpartum visits,"1,500",7.1,
Oklahoma,2020,202011,Prenatal bundled payments,"1,578",7.5,
Oklahoma,2020,202011,Prenatal visits,"5,612",26.5,
Oklahoma,2020,202012,Postpartum bundled payments,"1,553",7.2,
Oklahoma,2020,202012,Postpartum visits,"1,527",7.1,
Oklahoma,2020,202012,Prenatal bundled payments,"1,713",7.9,
Oklahoma,2020,202012,Prenatal visits,"6,007",27.9,
Oklahoma,2021,202101,Postpartum bundled payments,"1,561",7.1,
Oklahoma,2021,202101,Postpartum visits,"1,611",7.3,
Oklahoma,2021,202101,Prenatal bundled payments,"1,667",7.6,
Oklahoma,2021,202101,Prenatal visits,"6,252",28.4,
Oklahoma,2021,202102,Postpartum bundled payments,"1,436",6.4,
Oklahoma,2021,202102,Postpartum visits,"1,256",5.6,
Oklahoma,2021,202102,Prenatal bundled payments,"1,527",6.8,
Oklahoma,2021,202102,Prenatal visits,"5,440",24.4,
Oklahoma,2021,202103,Postpartum bundled payments,"1,558",6.9,
Oklahoma,2021,202103,Postpartum visits,"2,002",8.8,
Oklahoma,2021,202103,Prenatal bundled payments,"1,751",7.7,
Oklahoma,2021,202103,Prenatal visits,"7,349",32.4,
Oklahoma,2021,202104,Postpartum bundled payments,"1,400",6.1,
Oklahoma,2021,202104,Postpartum visits,"1,858",8.1,
Oklahoma,2021,202104,Prenatal bundled payments,"1,526",6.6,
Oklahoma,2021,202104,Prenatal visits,"7,267",31.6,
Oklahoma,2021,202105,Postpartum bundled payments,"1,481",6.4,
Oklahoma,2021,202105,Postpartum visits,"1,775",7.7,
Oklahoma,2021,202105,Prenatal bundled payments,"1,610",7.0,
Oklahoma,2021,202105,Prenatal visits,"6,693",29.1,
Oklahoma,2021,202106,Postpartum bundled payments,"1,563",6.7,
Oklahoma,2021,202106,Postpartum visits,"1,919",8.2,
Oklahoma,2021,202106,Prenatal bundled payments,"1,754",7.5,
Oklahoma,2021,202106,Prenatal visits,"7,402",31.5,
Oklahoma,2021,202107,Postpartum bundled payments,"1,617",6.4,
Oklahoma,2021,202107,Postpartum visits,"2,084",8.3,
Oklahoma,2021,202107,Prenatal bundled payments,"1,774",7.1,
Oklahoma,2021,202107,Prenatal visits,"7,170",28.6,
Oklahoma,2021,202108,Postpartum bundled payments,"1,638",6.3,
Oklahoma,2021,202108,Postpartum visits,"2,391",9.2,
Oklahoma,2021,202108,Prenatal bundled payments,"1,785",6.9,
Oklahoma,2021,202108,Prenatal visits,"7,463",28.8,
Oklahoma,2021,202109,Postpartum bundled payments,"1,604",6.1,
Oklahoma,2021,202109,Postpartum visits,"2,340",8.8,
Oklahoma,2021,202109,Prenatal bundled payments,"1,786",6.7,
Oklahoma,2021,202109,Prenatal visits,"7,104",26.8,
Oklahoma,2021,202110,Postpartum bundled payments,"1,448",5.3,
Oklahoma,2021,202110,Postpartum visits,"2,217",8.1,
Oklahoma,2021,202110,Prenatal bundled payments,"1,554",5.7,
Oklahoma,2021,202110,Prenatal visits,"6,635",24.3,
Oklahoma,2021,202111,Postpartum bundled payments,"1,510",5.4,
Oklahoma,2021,202111,Postpartum visits,"2,273",8.2,
Oklahoma,2021,202111,Prenatal bundled payments,"1,692",6.1,
Oklahoma,2021,202111,Prenatal visits,"6,474",23.2,
Oklahoma,2021,202112,Postpartum bundled payments,"1,547",5.4,
Oklahoma,2021,202112,Postpartum visits,"2,046",7.2,
Oklahoma,2021,202112,Prenatal bundled payments,"1,709",6.0,
Oklahoma,2021,202112,Prenatal visits,"7,074",24.8,
Oklahoma,2022,202201,Postpartum bundled payments,"1,512",5.2,
Oklahoma,2022,202201,Postpartum visits,"2,146",7.4,
Oklahoma,2022,202201,Prenatal bundled payments,"1,650",5.7,
Oklahoma,2022,202201,Prenatal visits,"7,095",24.4,
Oklahoma,2022,202202,Postpartum bundled payments,"1,313",4.5,
Oklahoma,2022,202202,Postpartum visits,"1,916",6.5,
Oklahoma,2022,202202,Prenatal bundled payments,"1,411",4.8,
Oklahoma,2022,202202,Prenatal visits,"5,786",19.7,
Oklahoma,2022,202203,Postpartum bundled payments,"1,496",5.0,
Oklahoma,2022,202203,Postpartum visits,"2,906",9.7,
Oklahoma,2022,202203,Prenatal bundled payments,"1,691",5.7,
Oklahoma,2022,202203,Prenatal visits,"7,923",26.6,
Oklahoma,2022,202204,Postpartum bundled payments,"1,403",4.6,
Oklahoma,2022,202204,Postpartum visits,"2,516",8.3,
Oklahoma,2022,202204,Prenatal bundled payments,"1,495",4.9,
Oklahoma,2022,202204,Prenatal visits,"7,158",23.7,
Oklahoma,2022,202205,Postpartum bundled payments,"1,360",4.4,
Oklahoma,2022,202205,Postpartum visits,"2,566",8.4,
Oklahoma,2022,202205,Prenatal bundled payments,"1,490",4.9,
Oklahoma,2022,202205,Prenatal visits,"7,333",23.9,
Oklahoma,2022,202206,Postpartum bundled payments,"1,462",4.7,
Oklahoma,2022,202206,Postpartum visits,"2,785",9.0,
Oklahoma,2022,202206,Prenatal bundled payments,"1,620",5.2,
Oklahoma,2022,202206,Prenatal visits,"7,833",25.2,
Oklahoma,2022,202207,Postpartum bundled payments,"1,604",5.1,
Oklahoma,2022,202207,Postpartum visits,"2,386",7.6,
Oklahoma,2022,202207,Prenatal bundled payments,"1,719",5.5,
Oklahoma,2022,202207,Prenatal visits,"7,177",22.8,
Oklahoma,2022,202208,Postpartum bundled payments,"1,792",5.6,
Oklahoma,2022,202208,Postpartum visits,"3,105",9.7,
Oklahoma,2022,202208,Prenatal bundled payments,"1,892",5.9,
Oklahoma,2022,202208,Prenatal visits,"7,868",24.6,
Oklahoma,2022,202209,Postpartum bundled payments,"1,542",4.8,
Oklahoma,2022,202209,Postpartum visits,"2,920",9.0,
Oklahoma,2022,202209,Prenatal bundled payments,"1,672",5.2,
Oklahoma,2022,202209,Prenatal visits,"7,259",22.4,
Oklahoma,2022,202210,Postpartum bundled payments,"1,477",4.5,
Oklahoma,2022,202210,Postpartum visits,"2,750",8.4,
Oklahoma,2022,202210,Prenatal bundled payments,"1,682",5.1,
Oklahoma,2022,202210,Prenatal visits,"7,299",22.3,
Oklahoma,2022,202211,Postpartum bundled payments,"1,550",4.7,
Oklahoma,2022,202211,Postpartum visits,"2,746",8.3,
Oklahoma,2022,202211,Prenatal bundled payments,"1,708",5.2,
Oklahoma,2022,202211,Prenatal visits,"7,371",22.3,
Oklahoma,2022,202212,Postpartum bundled payments,"1,535",4.6,
Oklahoma,2022,202212,Postpartum visits,"2,436",7.3,
Oklahoma,2022,202212,Prenatal bundled payments,"1,643",4.9,
Oklahoma,2022,202212,Prenatal visits,"7,042",21.2,
Oregon,2018,201801,Postpartum bundled payments,"1,412",5.4,
Oregon,2018,201801,Postpartum visits,"5,481",20.9,
Oregon,2018,201801,Prenatal bundled payments,"1,731",6.6,
Oregon,2018,201801,Prenatal visits,"7,476",28.4,
Oregon,2018,201802,Postpartum bundled payments,"1,193",4.6,
Oregon,2018,201802,Postpartum visits,"4,567",17.4,
Oregon,2018,201802,Prenatal bundled payments,"1,200",4.6,
Oregon,2018,201802,Prenatal visits,"6,243",23.8,
Oregon,2018,201803,Postpartum bundled payments,"1,343",5.1,
Oregon,2018,201803,Postpartum visits,"5,222",19.9,
Oregon,2018,201803,Prenatal bundled payments,"1,406",5.4,
Oregon,2018,201803,Prenatal visits,"6,834",26.0,
Oregon,2018,201804,Postpartum bundled payments,"1,265",4.8,
Oregon,2018,201804,Postpartum visits,"5,232",19.9,
Oregon,2018,201804,Prenatal bundled payments,"1,293",4.9,
Oregon,2018,201804,Prenatal visits,"6,653",25.3,
Oregon,2018,201805,Postpartum bundled payments,"1,394",5.3,
Oregon,2018,201805,Postpartum visits,"5,489",20.8,
Oregon,2018,201805,Prenatal bundled payments,"1,503",5.7,
Oregon,2018,201805,Prenatal visits,"7,324",27.8,
Oregon,2018,201806,Postpartum bundled payments,"1,291",4.9,
Oregon,2018,201806,Postpartum visits,"5,013",19.0,
Oregon,2018,201806,Prenatal bundled payments,"1,419",5.4,
Oregon,2018,201806,Prenatal visits,"6,720",25.5,
Oregon,2018,201807,Postpartum bundled payments,"1,351",5.1,
Oregon,2018,201807,Postpartum visits,"4,863",18.4,
Oregon,2018,201807,Prenatal bundled payments,"1,430",5.4,
Oregon,2018,201807,Prenatal visits,"6,735",25.5,
Oregon,2018,201808,Postpartum bundled payments,"1,450",5.5,
Oregon,2018,201808,Postpartum visits,"5,000",18.9,
Oregon,2018,201808,Prenatal bundled payments,"1,531",5.8,
Oregon,2018,201808,Prenatal visits,"7,116",26.9,
Oregon,2018,201809,Postpartum bundled payments,"1,200",4.5,
Oregon,2018,201809,Postpartum visits,"4,476",16.9,
Oregon,2018,201809,Prenatal bundled payments,"1,318",5.0,
Oregon,2018,201809,Prenatal visits,"6,375",24.1,
Oregon,2018,201810,Postpartum bundled payments,"1,304",4.9,
Oregon,2018,201810,Postpartum visits,"5,322",20.0,
Oregon,2018,201810,Prenatal bundled payments,"1,364",5.1,
Oregon,2018,201810,Prenatal visits,"7,109",26.8,
Oregon,2018,201811,Postpartum bundled payments,"1,236",4.7,
Oregon,2018,201811,Postpartum visits,"4,727",17.8,
Oregon,2018,201811,Prenatal bundled payments,"1,329",5.0,
Oregon,2018,201811,Prenatal visits,"6,693",25.2,
Oregon,2018,201812,Postpartum bundled payments,"1,191",4.5,
Oregon,2018,201812,Postpartum visits,"4,356",16.3,
Oregon,2018,201812,Prenatal bundled payments,"1,359",5.1,
Oregon,2018,201812,Prenatal visits,"6,511",24.4,
Oregon,2019,201901,Postpartum bundled payments,"1,264",4.7,
Oregon,2019,201901,Postpartum visits,"5,513",20.6,
Oregon,2019,201901,Prenatal bundled payments,"1,325",5.0,
Oregon,2019,201901,Prenatal visits,"8,043",30.1,
Oregon,2019,201902,Postpartum bundled payments,"1,304",4.9,
Oregon,2019,201902,Postpartum visits,"4,789",17.9,
Oregon,2019,201902,Prenatal bundled payments,"1,334",5.0,
Oregon,2019,201902,Prenatal visits,"6,910",25.8,
Oregon,2019,201903,Postpartum bundled payments,"1,323",4.9,
Oregon,2019,201903,Postpartum visits,"5,312",19.8,
Oregon,2019,201903,Prenatal bundled payments,"1,351",5.0,
Oregon,2019,201903,Prenatal visits,"7,344",27.4,
Oregon,2019,201904,Postpartum bundled payments,"1,269",4.7,
Oregon,2019,201904,Postpartum visits,"5,842",21.8,
Oregon,2019,201904,Prenatal bundled payments,"1,350",5.0,
Oregon,2019,201904,Prenatal visits,"7,575",28.2,
Oregon,2019,201905,Postpartum bundled payments,"1,280",4.8,
Oregon,2019,201905,Postpartum visits,"5,756",21.6,
Oregon,2019,201905,Prenatal bundled payments,"1,339",5.0,
Oregon,2019,201905,Prenatal visits,"7,691",28.8,
Oregon,2019,201906,Postpartum bundled payments,"1,261",4.7,
Oregon,2019,201906,Postpartum visits,"5,159",19.4,
Oregon,2019,201906,Prenatal bundled payments,"1,357",5.1,
Oregon,2019,201906,Prenatal visits,"6,893",25.9,
Oregon,2019,201907,Postpartum bundled payments,"1,325",5.0,
Oregon,2019,201907,Postpartum visits,"5,443",20.4,
Oregon,2019,201907,Prenatal bundled payments,"1,487",5.6,
Oregon,2019,201907,Prenatal visits,"7,538",28.3,
Oregon,2019,201908,Postpartum bundled payments,"1,283",4.8,
Oregon,2019,201908,Postpartum visits,"5,440",20.4,
Oregon,2019,201908,Prenatal bundled payments,"1,416",5.3,
Oregon,2019,201908,Prenatal visits,"7,372",27.7,
Oregon,2019,201909,Postpartum bundled payments,"1,211",4.5,
Oregon,2019,201909,Postpartum visits,"5,233",19.6,
Oregon,2019,201909,Prenatal bundled payments,"1,346",5.0,
Oregon,2019,201909,Prenatal visits,"6,895",25.8,
Oregon,2019,201910,Postpartum bundled payments,"1,248",4.7,
Oregon,2019,201910,Postpartum visits,"5,856",21.8,
Oregon,2019,201910,Prenatal bundled payments,"1,346",5.0,
Oregon,2019,201910,Prenatal visits,"7,512",28.0,
Oregon,2019,201911,Postpartum bundled payments,"1,150",4.3,
Oregon,2019,201911,Postpartum visits,"4,967",18.5,
Oregon,2019,201911,Prenatal bundled payments,"1,200",4.5,
Oregon,2019,201911,Prenatal visits,"6,321",23.6,
Oregon,2019,201912,Postpartum bundled payments,"1,145",4.2,
Oregon,2019,201912,Postpartum visits,"4,667",17.3,
Oregon,2019,201912,Prenatal bundled payments,"1,587",5.9,
Oregon,2019,201912,Prenatal visits,"7,042",26.1,
Oregon,2020,202001,Postpartum bundled payments,"1,251",4.6,
Oregon,2020,202001,Postpartum visits,"5,416",20.0,
Oregon,2020,202001,Prenatal bundled payments,"1,393",5.1,
Oregon,2020,202001,Prenatal visits,"7,661",28.3,
Oregon,2020,202002,Postpartum bundled payments,"1,142",4.2,
Oregon,2020,202002,Postpartum visits,"5,147",19.0,
Oregon,2020,202002,Prenatal bundled payments,"1,213",4.5,
Oregon,2020,202002,Prenatal visits,"6,684",24.6,
Oregon,2020,202003,Postpartum bundled payments,"1,149",4.2,
Oregon,2020,202003,Postpartum visits,"3,971",14.5,
Oregon,2020,202003,Prenatal bundled payments,"1,215",4.4,
Oregon,2020,202003,Prenatal visits,"6,231",22.7,
Oregon,2020,202004,Postpartum bundled payments,"1,201",4.3,
Oregon,2020,202004,Postpartum visits,"2,739",9.8,
Oregon,2020,202004,Prenatal bundled payments,"1,234",4.4,
Oregon,2020,202004,Prenatal visits,"5,970",21.3,
Oregon,2020,202005,Postpartum bundled payments,"1,228",4.3,
Oregon,2020,202005,Postpartum visits,"3,497",12.3,
Oregon,2020,202005,Prenatal bundled payments,"1,237",4.3,
Oregon,2020,202005,Prenatal visits,"6,101",21.4,
Oregon,2020,202006,Postpartum bundled payments,"1,200",4.1,
Oregon,2020,202006,Postpartum visits,"4,999",17.3,
Oregon,2020,202006,Prenatal bundled payments,"1,260",4.4,
Oregon,2020,202006,Prenatal visits,"6,659",23.0,
Oregon,2020,202007,Postpartum bundled payments,"1,338",4.5,
Oregon,2020,202007,Postpartum visits,"5,410",18.4,
Oregon,2020,202007,Prenatal bundled payments,"1,397",4.7,
Oregon,2020,202007,Prenatal visits,"6,770",23.0,
Oregon,2020,202008,Postpartum bundled payments,"1,189",4.0,
Oregon,2020,202008,Postpartum visits,"5,324",17.8,
Oregon,2020,202008,Prenatal bundled payments,"1,286",4.3,
Oregon,2020,202008,Prenatal visits,"6,360",21.3,
Oregon,2020,202009,Postpartum bundled payments,"1,160",3.8,
Oregon,2020,202009,Postpartum visits,"5,185",17.1,
Oregon,2020,202009,Prenatal bundled payments,"1,224",4.0,
Oregon,2020,202009,Prenatal visits,"6,485",21.4,
Oregon,2020,202010,Postpartum bundled payments,"1,196",3.9,
Oregon,2020,202010,Postpartum visits,"5,894",19.1,
Oregon,2020,202010,Prenatal bundled payments,"1,297",4.2,
Oregon,2020,202010,Prenatal visits,"7,082",23.0,
Oregon,2020,202011,Postpartum bundled payments,"1,131",3.6,
Oregon,2020,202011,Postpartum visits,"5,031",16.0,
Oregon,2020,202011,Prenatal bundled payments,"1,202",3.8,
Oregon,2020,202011,Prenatal visits,"6,270",20.0,
Oregon,2020,202012,Postpartum bundled payments,"1,224",3.8,
Oregon,2020,202012,Postpartum visits,"5,307",16.6,
Oregon,2020,202012,Prenatal bundled payments,"1,343",4.2,
Oregon,2020,202012,Prenatal visits,"7,211",22.5,
Oregon,2021,202101,Postpartum bundled payments,"1,203",3.7,
Oregon,2021,202101,Postpartum visits,"5,385",16.7,
Oregon,2021,202101,Prenatal bundled payments,"1,238",3.8,
Oregon,2021,202101,Prenatal visits,"6,744",20.9,
Oregon,2021,202102,Postpartum bundled payments,"1,098",3.4,
Oregon,2021,202102,Postpartum visits,"5,275",16.2,
Oregon,2021,202102,Prenatal bundled payments,"1,169",3.6,
Oregon,2021,202102,Prenatal visits,"6,220",19.1,
Oregon,2021,202103,Postpartum bundled payments,"1,236",3.8,
Oregon,2021,202103,Postpartum visits,"6,114",18.6,
Oregon,2021,202103,Prenatal bundled payments,"1,346",4.1,
Oregon,2021,202103,Prenatal visits,"7,379",22.4,
Oregon,2021,202104,Postpartum bundled payments,"1,211",3.6,
Oregon,2021,202104,Postpartum visits,"5,815",17.5,
Oregon,2021,202104,Prenatal bundled payments,"1,275",3.8,
Oregon,2021,202104,Prenatal visits,"7,048",21.2,
Oregon,2021,202105,Postpartum bundled payments,"1,222",3.6,
Oregon,2021,202105,Postpartum visits,"5,301",15.8,
Oregon,2021,202105,Prenatal bundled payments,"1,296",3.9,
Oregon,2021,202105,Prenatal visits,"6,456",19.3,
Oregon,2021,202106,Postpartum bundled payments,"1,221",3.6,
Oregon,2021,202106,Postpartum visits,"5,614",16.6,
Oregon,2021,202106,Prenatal bundled payments,"1,368",4.0,
Oregon,2021,202106,Prenatal visits,"7,324",21.7,
Oregon,2021,202107,Postpartum bundled payments,"1,264",3.7,
Oregon,2021,202107,Postpartum visits,"5,474",16.1,
Oregon,2021,202107,Prenatal bundled payments,"1,382",4.1,
Oregon,2021,202107,Prenatal visits,"7,207",21.2,
Oregon,2021,202108,Postpartum bundled payments,"1,195",3.5,
Oregon,2021,202108,Postpartum visits,"5,352",15.6,
Oregon,2021,202108,Prenatal bundled payments,"1,332",3.9,
Oregon,2021,202108,Prenatal visits,"7,109",20.7,
Oregon,2021,202109,Postpartum bundled payments,"1,253",3.6,
Oregon,2021,202109,Postpartum visits,"5,495",15.8,
Oregon,2021,202109,Prenatal bundled payments,"1,321",3.8,
Oregon,2021,202109,Prenatal visits,"6,751",19.5,
Oregon,2021,202110,Postpartum bundled payments,"1,288",3.7,
Oregon,2021,202110,Postpartum visits,"5,242",15.0,
Oregon,2021,202110,Prenatal bundled payments,"1,338",3.8,
Oregon,2021,202110,Prenatal visits,"6,434",18.4,
Oregon,2021,202111,Postpartum bundled payments,"1,185",3.4,
Oregon,2021,202111,Postpartum visits,"5,061",14.4,
Oregon,2021,202111,Prenatal bundled payments,"1,326",3.8,
Oregon,2021,202111,Prenatal visits,"6,853",19.4,
Oregon,2021,202112,Postpartum bundled payments,"1,250",3.5,
Oregon,2021,202112,Postpartum visits,"4,865",13.7,
Oregon,2021,202112,Prenatal bundled payments,"1,410",4.0,
Oregon,2021,202112,Prenatal visits,"6,975",19.6,
Oregon,2022,202201,Postpartum bundled payments,"1,174",3.3,
Oregon,2022,202201,Postpartum visits,"5,052",14.1,
Oregon,2022,202201,Prenatal bundled payments,"1,215",3.4,
Oregon,2022,202201,Prenatal visits,"7,229",20.2,
Oregon,2022,202202,Postpartum bundled payments,"1,116",3.1,
Oregon,2022,202202,Postpartum visits,"5,138",14.3,
Oregon,2022,202202,Prenatal bundled payments,"1,180",3.3,
Oregon,2022,202202,Prenatal visits,"6,981",19.4,
Oregon,2022,202203,Postpartum bundled payments,"1,269",3.5,
Oregon,2022,202203,Postpartum visits,"6,180",17.1,
Oregon,2022,202203,Prenatal bundled payments,"1,359",3.8,
Oregon,2022,202203,Prenatal visits,"7,933",21.9,
Oregon,2022,202204,Postpartum bundled payments,"1,170",3.2,
Oregon,2022,202204,Postpartum visits,"5,645",15.5,
Oregon,2022,202204,Prenatal bundled payments,"1,232",3.4,
Oregon,2022,202204,Prenatal visits,"7,198",19.8,
Oregon,2022,202205,Postpartum bundled payments,"1,189",3.2,
Oregon,2022,202205,Postpartum visits,"5,606",15.3,
Oregon,2022,202205,Prenatal bundled payments,"1,282",3.5,
Oregon,2022,202205,Prenatal visits,"7,470",20.4,
Oregon,2022,202206,Postpartum bundled payments,"1,215",3.3,
Oregon,2022,202206,Postpartum visits,"5,710",15.5,
Oregon,2022,202206,Prenatal bundled payments,"1,319",3.6,
Oregon,2022,202206,Prenatal visits,"7,681",20.9,
Oregon,2022,202207,Postpartum bundled payments,"1,225",3.3,
Oregon,2022,202207,Postpartum visits,"5,146",13.9,
Oregon,2022,202207,Prenatal bundled payments,"1,316",3.5,
Oregon,2022,202207,Prenatal visits,"6,913",18.6,
Oregon,2022,202208,Postpartum bundled payments,"1,274",3.4,
Oregon,2022,202208,Postpartum visits,"6,152",16.5,
Oregon,2022,202208,Prenatal bundled payments,"1,401",3.7,
Oregon,2022,202208,Prenatal visits,"7,609",20.4,
Oregon,2022,202209,Postpartum bundled payments,"1,224",3.3,
Oregon,2022,202209,Postpartum visits,"5,618",14.9,
Oregon,2022,202209,Prenatal bundled payments,"1,338",3.6,
Oregon,2022,202209,Prenatal visits,"6,901",18.4,
Oregon,2022,202210,Postpartum bundled payments,"1,140",3.0,
Oregon,2022,202210,Postpartum visits,"5,626",14.9,
Oregon,2022,202210,Prenatal bundled payments,"1,236",3.3,
Oregon,2022,202210,Prenatal visits,"6,762",17.9,
Oregon,2022,202211,Postpartum bundled payments,"1,202",3.2,
Oregon,2022,202211,Postpartum visits,"5,299",13.9,
Oregon,2022,202211,Prenatal bundled payments,"1,321",3.5,
Oregon,2022,202211,Prenatal visits,"7,003",18.4,
Oregon,2022,202212,Postpartum bundled payments,"1,253",3.3,
Oregon,2022,202212,Postpartum visits,"4,965",12.9,
Oregon,2022,202212,Prenatal bundled payments,"1,349",3.5,
Oregon,2022,202212,Prenatal visits,"6,946",18.1,
Pennsylvania,2018,201801,Postpartum bundled payments,"1,705",2.5,
Pennsylvania,2018,201801,Postpartum visits,"17,550",25.3,
Pennsylvania,2018,201801,Prenatal bundled payments,473,0.7,
Pennsylvania,2018,201801,Prenatal visits,"36,998",53.4,
Pennsylvania,2018,201802,Postpartum bundled payments,"1,450",2.1,
Pennsylvania,2018,201802,Postpartum visits,"15,993",23.1,
Pennsylvania,2018,201802,Prenatal bundled payments,417,0.6,
Pennsylvania,2018,201802,Prenatal visits,"32,578",47.1,
Pennsylvania,2018,201803,Postpartum bundled payments,"1,573",2.3,
Pennsylvania,2018,201803,Postpartum visits,"16,556",24.0,
Pennsylvania,2018,201803,Prenatal bundled payments,463,0.7,
Pennsylvania,2018,201803,Prenatal visits,"34,794",50.4,
Pennsylvania,2018,201804,Postpartum bundled payments,"1,394",2.0,
Pennsylvania,2018,201804,Postpartum visits,"17,006",24.7,
Pennsylvania,2018,201804,Prenatal bundled payments,418,0.6,
Pennsylvania,2018,201804,Prenatal visits,"35,183",51.0,
Pennsylvania,2018,201805,Postpartum bundled payments,"1,510",2.2,
Pennsylvania,2018,201805,Postpartum visits,"17,733",25.7,
Pennsylvania,2018,201805,Prenatal bundled payments,449,0.6,
Pennsylvania,2018,201805,Prenatal visits,"38,187",55.2,
Pennsylvania,2018,201806,Postpartum bundled payments,"1,548",2.3,
Pennsylvania,2018,201806,Postpartum visits,"15,705",22.9,
Pennsylvania,2018,201806,Prenatal bundled payments,428,0.6,
Pennsylvania,2018,201806,Prenatal visits,"34,780",50.6,
Pennsylvania,2018,201807,Postpartum bundled payments,"1,543",2.3,
Pennsylvania,2018,201807,Postpartum visits,"15,856",23.1,
Pennsylvania,2018,201807,Prenatal bundled payments,399,0.6,
Pennsylvania,2018,201807,Prenatal visits,"35,741",52.1,
Pennsylvania,2018,201808,Postpartum bundled payments,"1,530",2.2,
Pennsylvania,2018,201808,Postpartum visits,"17,093",24.9,
Pennsylvania,2018,201808,Prenatal bundled payments,435,0.6,
Pennsylvania,2018,201808,Prenatal visits,"37,027",53.9,
Pennsylvania,2018,201809,Postpartum bundled payments,"1,489",2.2,
Pennsylvania,2018,201809,Postpartum visits,"14,748",21.7,
Pennsylvania,2018,201809,Prenatal bundled payments,395,0.6,
Pennsylvania,2018,201809,Prenatal visits,"31,786",46.8,
Pennsylvania,2018,201810,Postpartum bundled payments,"1,593",2.3,
Pennsylvania,2018,201810,Postpartum visits,"18,139",26.6,
Pennsylvania,2018,201810,Prenatal bundled payments,505,0.7,
Pennsylvania,2018,201810,Prenatal visits,"36,531",53.7,
Pennsylvania,2018,201811,Postpartum bundled payments,"1,434",2.1,
Pennsylvania,2018,201811,Postpartum visits,"15,162",22.4,
Pennsylvania,2018,201811,Prenatal bundled payments,405,0.6,
Pennsylvania,2018,201811,Prenatal visits,"33,389",49.3,
Pennsylvania,2018,201812,Postpartum bundled payments,"1,463",2.2,
Pennsylvania,2018,201812,Postpartum visits,"13,466",19.9,
Pennsylvania,2018,201812,Prenatal bundled payments,454,0.7,
Pennsylvania,2018,201812,Prenatal visits,"31,454",46.5,
Pennsylvania,2019,201901,Postpartum bundled payments,"1,536",2.3,
Pennsylvania,2019,201901,Postpartum visits,"17,626",26.0,
Pennsylvania,2019,201901,Prenatal bundled payments,453,0.7,
Pennsylvania,2019,201901,Prenatal visits,"36,849",54.3,
Pennsylvania,2019,201902,Postpartum bundled payments,"1,277",1.9,
Pennsylvania,2019,201902,Postpartum visits,"15,457",22.9,
Pennsylvania,2019,201902,Prenatal bundled payments,429,0.6,
Pennsylvania,2019,201902,Prenatal visits,"31,900",47.3,
Pennsylvania,2019,201903,Postpartum bundled payments,"1,328",2.0,
Pennsylvania,2019,201903,Postpartum visits,"16,974",25.1,
Pennsylvania,2019,201903,Prenatal bundled payments,418,0.6,
Pennsylvania,2019,201903,Prenatal visits,"33,402",49.3,
Pennsylvania,2019,201904,Postpartum bundled payments,"1,254",1.9,
Pennsylvania,2019,201904,Postpartum visits,"17,532",25.9,
Pennsylvania,2019,201904,Prenatal bundled payments,397,0.6,
Pennsylvania,2019,201904,Prenatal visits,"35,416",52.3,
Pennsylvania,2019,201905,Postpartum bundled payments,"1,066",1.6,
Pennsylvania,2019,201905,Postpartum visits,"15,756",23.4,
Pennsylvania,2019,201905,Prenatal bundled payments,361,0.5,
Pennsylvania,2019,201905,Prenatal visits,"33,414",49.6,
Pennsylvania,2019,201906,Postpartum bundled payments,"1,238",1.8,
Pennsylvania,2019,201906,Postpartum visits,"14,329",21.4,
Pennsylvania,2019,201906,Prenatal bundled payments,406,0.6,
Pennsylvania,2019,201906,Prenatal visits,"31,817",47.4,
Pennsylvania,2019,201907,Postpartum bundled payments,"1,380",2.1,
Pennsylvania,2019,201907,Postpartum visits,"15,894",23.7,
Pennsylvania,2019,201907,Prenatal bundled payments,437,0.7,
Pennsylvania,2019,201907,Prenatal visits,"36,453",54.3,
Pennsylvania,2019,201908,Postpartum bundled payments,"1,334",2.0,
Pennsylvania,2019,201908,Postpartum visits,"15,947",23.8,
Pennsylvania,2019,201908,Prenatal bundled payments,425,0.6,
Pennsylvania,2019,201908,Prenatal visits,"34,219",51.1,
Pennsylvania,2019,201909,Postpartum bundled payments,"1,371",2.1,
Pennsylvania,2019,201909,Postpartum visits,"15,632",23.5,
Pennsylvania,2019,201909,Prenatal bundled payments,438,0.7,
Pennsylvania,2019,201909,Prenatal visits,"32,522",48.9,
Pennsylvania,2019,201910,Postpartum bundled payments,"1,331",2.0,
Pennsylvania,2019,201910,Postpartum visits,"17,478",25.8,
Pennsylvania,2019,201910,Prenatal bundled payments,458,0.7,
Pennsylvania,2019,201910,Prenatal visits,"36,288",53.6,
Pennsylvania,2019,201911,Postpartum bundled payments,"1,238",1.8,
Pennsylvania,2019,201911,Postpartum visits,"14,706",21.8,
Pennsylvania,2019,201911,Prenatal bundled payments,400,0.6,
Pennsylvania,2019,201911,Prenatal visits,"31,052",46.0,
Pennsylvania,2019,201912,Postpartum bundled payments,"1,254",1.9,
Pennsylvania,2019,201912,Postpartum visits,"13,651",20.3,
Pennsylvania,2019,201912,Prenatal bundled payments,371,0.6,
Pennsylvania,2019,201912,Prenatal visits,"33,735",50.0,
Pennsylvania,2020,202001,Postpartum bundled payments,"1,404",2.1,
Pennsylvania,2020,202001,Postpartum visits,"17,483",25.8,
Pennsylvania,2020,202001,Prenatal bundled payments,482,0.7,
Pennsylvania,2020,202001,Prenatal visits,"39,708",58.6,
Pennsylvania,2020,202002,Postpartum bundled payments,"1,260",1.9,
Pennsylvania,2020,202002,Postpartum visits,"16,303",24.1,
Pennsylvania,2020,202002,Prenatal bundled payments,409,0.6,
Pennsylvania,2020,202002,Prenatal visits,"35,658",52.8,
Pennsylvania,2020,202003,Postpartum bundled payments,"1,362",2.0,
Pennsylvania,2020,202003,Postpartum visits,"12,203",18.0,
Pennsylvania,2020,202003,Prenatal bundled payments,480,0.7,
Pennsylvania,2020,202003,Prenatal visits,"35,137",51.9,
Pennsylvania,2020,202004,Postpartum bundled payments,"1,227",1.8,
Pennsylvania,2020,202004,Postpartum visits,"6,201",9.0,
Pennsylvania,2020,202004,Prenatal bundled payments,426,0.6,
Pennsylvania,2020,202004,Prenatal visits,"32,914",47.8,
Pennsylvania,2020,202005,Postpartum bundled payments,"1,253",1.8,
Pennsylvania,2020,202005,Postpartum visits,"8,515",12.1,
Pennsylvania,2020,202005,Prenatal bundled payments,436,0.6,
Pennsylvania,2020,202005,Prenatal visits,"33,694",47.9,
Pennsylvania,2020,202006,Postpartum bundled payments,"1,242",1.7,
Pennsylvania,2020,202006,Postpartum visits,"13,587",19.0,
Pennsylvania,2020,202006,Prenatal bundled payments,421,0.6,
Pennsylvania,2020,202006,Prenatal visits,"37,402",52.2,
Pennsylvania,2020,202007,Postpartum bundled payments,"1,357",1.9,
Pennsylvania,2020,202007,Postpartum visits,"16,225",22.3,
Pennsylvania,2020,202007,Prenatal bundled payments,448,0.6,
Pennsylvania,2020,202007,Prenatal visits,"38,248",52.5,
Pennsylvania,2020,202008,Postpartum bundled payments,"1,319",1.8,
Pennsylvania,2020,202008,Postpartum visits,"16,162",21.9,
Pennsylvania,2020,202008,Prenatal bundled payments,410,0.6,
Pennsylvania,2020,202008,Prenatal visits,"35,786",48.5,
Pennsylvania,2020,202009,Postpartum bundled payments,"1,367",1.8,
Pennsylvania,2020,202009,Postpartum visits,"17,667",23.6,
Pennsylvania,2020,202009,Prenatal bundled payments,471,0.6,
Pennsylvania,2020,202009,Prenatal visits,"36,943",49.4,
Pennsylvania,2020,202010,Postpartum bundled payments,"1,325",1.8,
Pennsylvania,2020,202010,Postpartum visits,"18,380",24.3,
Pennsylvania,2020,202010,Prenatal bundled payments,474,0.6,
Pennsylvania,2020,202010,Prenatal visits,"37,383",49.4,
Pennsylvania,2020,202011,Postpartum bundled payments,"1,225",1.6,
Pennsylvania,2020,202011,Postpartum visits,"15,808",20.6,
Pennsylvania,2020,202011,Prenatal bundled payments,430,0.6,
Pennsylvania,2020,202011,Prenatal visits,"34,548",45.1,
Pennsylvania,2020,202012,Postpartum bundled payments,"1,233",1.6,
Pennsylvania,2020,202012,Postpartum visits,"14,554",18.8,
Pennsylvania,2020,202012,Prenatal bundled payments,412,0.5,
Pennsylvania,2020,202012,Prenatal visits,"36,744",47.4,
Pennsylvania,2021,202101,Postpartum bundled payments,"1,301",1.7,
Pennsylvania,2021,202101,Postpartum visits,"16,417",20.9,
Pennsylvania,2021,202101,Prenatal bundled payments,411,0.5,
Pennsylvania,2021,202101,Prenatal visits,"35,537",45.3,
Pennsylvania,2021,202102,Postpartum bundled payments,"1,133",1.4,
Pennsylvania,2021,202102,Postpartum visits,"14,732",18.6,
Pennsylvania,2021,202102,Prenatal bundled payments,385,0.5,
Pennsylvania,2021,202102,Prenatal visits,"33,947",43.0,
Pennsylvania,2021,202103,Postpartum bundled payments,"1,317",1.7,
Pennsylvania,2021,202103,Postpartum visits,"19,423",24.4,
Pennsylvania,2021,202103,Prenatal bundled payments,443,0.6,
Pennsylvania,2021,202103,Prenatal visits,"40,746",51.2,
Pennsylvania,2021,202104,Postpartum bundled payments,"1,226",1.5,
Pennsylvania,2021,202104,Postpartum visits,"17,562",21.9,
Pennsylvania,2021,202104,Prenatal bundled payments,407,0.5,
Pennsylvania,2021,202104,Prenatal visits,"39,234",48.9,
Pennsylvania,2021,202105,Postpartum bundled payments,"1,137",1.4,
Pennsylvania,2021,202105,Postpartum visits,"15,655",19.4,
Pennsylvania,2021,202105,Prenatal bundled payments,378,0.5,
Pennsylvania,2021,202105,Prenatal visits,"36,651",45.5,
Pennsylvania,2021,202106,Postpartum bundled payments,"1,202",1.5,
Pennsylvania,2021,202106,Postpartum visits,"16,767",20.7,
Pennsylvania,2021,202106,Prenatal bundled payments,441,0.5,
Pennsylvania,2021,202106,Prenatal visits,"40,618",50.1,
Pennsylvania,2021,202107,Postpartum bundled payments,"1,318",1.6,
Pennsylvania,2021,202107,Postpartum visits,"16,149",19.8,
Pennsylvania,2021,202107,Prenatal bundled payments,443,0.5,
Pennsylvania,2021,202107,Prenatal visits,"38,486",47.1,
Pennsylvania,2021,202108,Postpartum bundled payments,"1,253",1.5,
Pennsylvania,2021,202108,Postpartum visits,"16,702",20.3,
Pennsylvania,2021,202108,Prenatal bundled payments,401,0.5,
Pennsylvania,2021,202108,Prenatal visits,"38,422",46.7,
Pennsylvania,2021,202109,Postpartum bundled payments,"1,212",1.5,
Pennsylvania,2021,202109,Postpartum visits,"16,078",19.4,
Pennsylvania,2021,202109,Prenatal bundled payments,379,0.5,
Pennsylvania,2021,202109,Prenatal visits,"36,850",44.4,
Pennsylvania,2021,202110,Postpartum bundled payments,"1,240",1.5,
Pennsylvania,2021,202110,Postpartum visits,"16,541",19.8,
Pennsylvania,2021,202110,Prenatal bundled payments,414,0.5,
Pennsylvania,2021,202110,Prenatal visits,"35,026",41.9,
Pennsylvania,2021,202111,Postpartum bundled payments,"1,189",1.4,
Pennsylvania,2021,202111,Postpartum visits,"16,026",19.0,
Pennsylvania,2021,202111,Prenatal bundled payments,419,0.5,
Pennsylvania,2021,202111,Prenatal visits,"35,176",41.8,
Pennsylvania,2021,202112,Postpartum bundled payments,"1,212",1.4,
Pennsylvania,2021,202112,Postpartum visits,"15,186",17.9,
Pennsylvania,2021,202112,Prenatal bundled payments,413,0.5,
Pennsylvania,2021,202112,Prenatal visits,"35,621",42.1,
Pennsylvania,2022,202201,Postpartum bundled payments,"1,119",1.3,
Pennsylvania,2022,202201,Postpartum visits,"15,446",17.9,
Pennsylvania,2022,202201,Prenatal bundled payments,393,0.5,
Pennsylvania,2022,202201,Prenatal visits,"35,223",40.7,
Pennsylvania,2022,202202,Postpartum bundled payments,"1,045",1.2,
Pennsylvania,2022,202202,Postpartum visits,"16,242",18.7,
Pennsylvania,2022,202202,Prenatal bundled payments,348,0.4,
Pennsylvania,2022,202202,Prenatal visits,"33,971",39.1,
Pennsylvania,2022,202203,Postpartum bundled payments,"1,215",1.4,
Pennsylvania,2022,202203,Postpartum visits,"19,361",22.2,
Pennsylvania,2022,202203,Prenatal bundled payments,423,0.5,
Pennsylvania,2022,202203,Prenatal visits,"40,150",46.0,
Pennsylvania,2022,202204,Postpartum bundled payments,"1,126",1.3,
Pennsylvania,2022,202204,Postpartum visits,"17,023",19.4,
Pennsylvania,2022,202204,Prenatal bundled payments,384,0.4,
Pennsylvania,2022,202204,Prenatal visits,"36,160",41.2,
Pennsylvania,2022,202205,Postpartum bundled payments,"1,123",1.3,
Pennsylvania,2022,202205,Postpartum visits,"17,016",19.3,
Pennsylvania,2022,202205,Prenatal bundled payments,372,0.4,
Pennsylvania,2022,202205,Prenatal visits,"37,188",42.2,
Pennsylvania,2022,202206,Postpartum bundled payments,"1,098",1.2,
Pennsylvania,2022,202206,Postpartum visits,"16,906",19.1,
Pennsylvania,2022,202206,Prenatal bundled payments,384,0.4,
Pennsylvania,2022,202206,Prenatal visits,"38,563",43.5,
Pennsylvania,2022,202207,Postpartum bundled payments,"1,281",1.4,
Pennsylvania,2022,202207,Postpartum visits,"15,308",17.2,
Pennsylvania,2022,202207,Prenatal bundled payments,410,0.5,
Pennsylvania,2022,202207,Prenatal visits,"35,677",40.1,
Pennsylvania,2022,202208,Postpartum bundled payments,"1,233",1.4,
Pennsylvania,2022,202208,Postpartum visits,"18,270",20.4,
Pennsylvania,2022,202208,Prenatal bundled payments,414,0.5,
Pennsylvania,2022,202208,Prenatal visits,"39,599",44.1,
Pennsylvania,2022,202209,Postpartum bundled payments,"1,220",1.4,
Pennsylvania,2022,202209,Postpartum visits,"16,366",18.2,
Pennsylvania,2022,202209,Prenatal bundled payments,414,0.5,
Pennsylvania,2022,202209,Prenatal visits,"35,945",39.9,
Pennsylvania,2022,202210,Postpartum bundled payments,"1,228",1.4,
Pennsylvania,2022,202210,Postpartum visits,"16,756",18.5,
Pennsylvania,2022,202210,Prenatal bundled payments,400,0.4,
Pennsylvania,2022,202210,Prenatal visits,"34,731",38.4,
Pennsylvania,2022,202211,Postpartum bundled payments,"1,187",1.3,
Pennsylvania,2022,202211,Postpartum visits,"16,474",18.1,
Pennsylvania,2022,202211,Prenatal bundled payments,381,0.4,
Pennsylvania,2022,202211,Prenatal visits,"35,756",39.3,
Pennsylvania,2022,202212,Postpartum bundled payments,"1,224",1.3,
Pennsylvania,2022,202212,Postpartum visits,"14,945",16.3,
Pennsylvania,2022,202212,Prenatal bundled payments,383,0.4,
Pennsylvania,2022,202212,Prenatal visits,"34,508",37.7,
Puerto Rico,2018,201801,Postpartum bundled payments,879,3.1,Unusable
Puerto Rico,2018,201801,Postpartum visits,"2,247",7.9,Unusable
Puerto Rico,2018,201801,Prenatal bundled payments,409,1.4,Unusable
Puerto Rico,2018,201801,Prenatal visits,"6,347",22.3,Unusable
Puerto Rico,2018,201802,Postpartum bundled payments,783,2.7,
Puerto Rico,2018,201802,Postpartum visits,"2,550",8.9,
Puerto Rico,2018,201802,Prenatal bundled payments,366,1.3,
Puerto Rico,2018,201802,Prenatal visits,"6,073",21.3,
Puerto Rico,2018,201803,Postpartum bundled payments,807,2.8,
Puerto Rico,2018,201803,Postpartum visits,"2,337",8.1,
Puerto Rico,2018,201803,Prenatal bundled payments,402,1.4,
Puerto Rico,2018,201803,Prenatal visits,"6,117",21.3,
Puerto Rico,2018,201804,Postpartum bundled payments,822,2.8,
Puerto Rico,2018,201804,Postpartum visits,"2,419",8.3,
Puerto Rico,2018,201804,Prenatal bundled payments,356,1.2,
Puerto Rico,2018,201804,Prenatal visits,"6,309",21.7,
Puerto Rico,2018,201805,Postpartum bundled payments,809,2.8,
Puerto Rico,2018,201805,Postpartum visits,"2,485",8.5,
Puerto Rico,2018,201805,Prenatal bundled payments,386,1.3,
Puerto Rico,2018,201805,Prenatal visits,"7,225",24.6,
Puerto Rico,2018,201806,Postpartum bundled payments,864,2.9,
Puerto Rico,2018,201806,Postpartum visits,"2,253",7.7,
Puerto Rico,2018,201806,Prenatal bundled payments,402,1.4,
Puerto Rico,2018,201806,Prenatal visits,"6,724",23.0,
Puerto Rico,2018,201807,Postpartum bundled payments,899,3.1,
Puerto Rico,2018,201807,Postpartum visits,"2,308",7.8,
Puerto Rico,2018,201807,Prenatal bundled payments,434,1.5,
Puerto Rico,2018,201807,Prenatal visits,"6,738",22.9,
Puerto Rico,2018,201808,Postpartum bundled payments,"1,021",3.5,
Puerto Rico,2018,201808,Postpartum visits,"2,602",9.0,
Puerto Rico,2018,201808,Prenatal bundled payments,466,1.6,
Puerto Rico,2018,201808,Prenatal visits,"7,453",25.7,
Puerto Rico,2018,201809,Postpartum bundled payments,"1,064",3.7,
Puerto Rico,2018,201809,Postpartum visits,"2,195",7.6,
Puerto Rico,2018,201809,Prenatal bundled payments,518,1.8,
Puerto Rico,2018,201809,Prenatal visits,"6,334",21.8,
Puerto Rico,2018,201810,Postpartum bundled payments,"1,022",3.6,
Puerto Rico,2018,201810,Postpartum visits,"2,470",8.7,
Puerto Rico,2018,201810,Prenatal bundled payments,631,2.2,
Puerto Rico,2018,201810,Prenatal visits,"7,090",25.1,
Puerto Rico,2018,201811,Postpartum bundled payments,446,1.6,
Puerto Rico,2018,201811,Postpartum visits,736,2.7,
Puerto Rico,2018,201811,Prenatal bundled payments,187,0.7,
Puerto Rico,2018,201811,Prenatal visits,"2,287",8.3,
Puerto Rico,2018,201812,Postpartum bundled payments,567,2.1,
Puerto Rico,2018,201812,Postpartum visits,766,2.8,
Puerto Rico,2018,201812,Prenatal bundled payments,237,0.9,
Puerto Rico,2018,201812,Prenatal visits,"2,894",10.8,
Puerto Rico,2019,201901,Postpartum bundled payments,665,2.5,
Puerto Rico,2019,201901,Postpartum visits,"1,131",4.3,
Puerto Rico,2019,201901,Prenatal bundled payments,330,1.2,
Puerto Rico,2019,201901,Prenatal visits,"3,840",14.5,
Puerto Rico,2019,201902,Postpartum bundled payments,542,2.0,
Puerto Rico,2019,201902,Postpartum visits,"1,252",4.6,
Puerto Rico,2019,201902,Prenatal bundled payments,267,1.0,
Puerto Rico,2019,201902,Prenatal visits,"3,409",12.6,
Puerto Rico,2019,201903,Postpartum bundled payments,622,2.3,
Puerto Rico,2019,201903,Postpartum visits,"1,438",5.2,
Puerto Rico,2019,201903,Prenatal bundled payments,304,1.1,
Puerto Rico,2019,201903,Prenatal visits,"3,834",13.9,
Puerto Rico,2019,201904,Postpartum bundled payments,541,1.9,
Puerto Rico,2019,201904,Postpartum visits,"1,295",4.6,
Puerto Rico,2019,201904,Prenatal bundled payments,284,1.0,
Puerto Rico,2019,201904,Prenatal visits,"3,564",12.7,
Puerto Rico,2019,201905,Postpartum bundled payments,595,2.2,
Puerto Rico,2019,201905,Postpartum visits,"1,391",5.1,
Puerto Rico,2019,201905,Prenatal bundled payments,318,1.2,
Puerto Rico,2019,201905,Prenatal visits,"3,936",14.4,
Puerto Rico,2019,201906,Postpartum bundled payments,523,1.9,
Puerto Rico,2019,201906,Postpartum visits,"1,299",4.7,
Puerto Rico,2019,201906,Prenatal bundled payments,248,0.9,
Puerto Rico,2019,201906,Prenatal visits,"3,582",13.0,
Puerto Rico,2019,201907,Postpartum bundled payments,609,2.3,
Puerto Rico,2019,201907,Postpartum visits,"1,226",4.6,
Puerto Rico,2019,201907,Prenatal bundled payments,292,1.1,
Puerto Rico,2019,201907,Prenatal visits,"3,776",14.2,
Puerto Rico,2019,201908,Postpartum bundled payments,594,2.2,
Puerto Rico,2019,201908,Postpartum visits,"1,448",5.5,
Puerto Rico,2019,201908,Prenatal bundled payments,294,1.1,
Puerto Rico,2019,201908,Prenatal visits,"3,828",14.5,
Puerto Rico,2019,201909,Postpartum bundled payments,677,2.6,
Puerto Rico,2019,201909,Postpartum visits,"1,499",5.7,
Puerto Rico,2019,201909,Prenatal bundled payments,331,1.3,
Puerto Rico,2019,201909,Prenatal visits,"3,956",15.1,
Puerto Rico,2019,201910,Postpartum bundled payments,676,2.6,
Puerto Rico,2019,201910,Postpartum visits,"1,668",6.3,
Puerto Rico,2019,201910,Prenatal bundled payments,342,1.3,
Puerto Rico,2019,201910,Prenatal visits,"4,267",16.2,
Puerto Rico,2019,201911,Postpartum bundled payments,620,2.4,
Puerto Rico,2019,201911,Postpartum visits,"1,203",4.6,
Puerto Rico,2019,201911,Prenatal bundled payments,323,1.2,
Puerto Rico,2019,201911,Prenatal visits,"3,404",13.1,
Puerto Rico,2019,201912,Postpartum bundled payments,605,2.3,
Puerto Rico,2019,201912,Postpartum visits,"1,131",4.4,
Puerto Rico,2019,201912,Prenatal bundled payments,288,1.1,
Puerto Rico,2019,201912,Prenatal visits,"3,562",13.7,
Puerto Rico,2020,202001,Postpartum bundled payments,641,2.5,
Puerto Rico,2020,202001,Postpartum visits,"1,184",4.6,
Puerto Rico,2020,202001,Prenatal bundled payments,343,1.3,
Puerto Rico,2020,202001,Prenatal visits,"3,694",14.3,
Puerto Rico,2020,202002,Postpartum bundled payments,519,2.0,
Puerto Rico,2020,202002,Postpartum visits,"1,669",6.5,
Puerto Rico,2020,202002,Prenatal bundled payments,242,0.9,
Puerto Rico,2020,202002,Prenatal visits,"3,661",14.2,
Puerto Rico,2020,202003,Postpartum bundled payments,599,2.3,
Puerto Rico,2020,202003,Postpartum visits,"1,041",4.1,
Puerto Rico,2020,202003,Prenatal bundled payments,291,1.1,
Puerto Rico,2020,202003,Prenatal visits,"3,545",13.9,
Puerto Rico,2020,202004,Postpartum bundled payments,580,2.3,
Puerto Rico,2020,202004,Postpartum visits,433,1.7,
Puerto Rico,2020,202004,Prenatal bundled payments,276,1.1,
Puerto Rico,2020,202004,Prenatal visits,"3,527",13.7,
Puerto Rico,2020,202005,Postpartum bundled payments,623,2.4,
Puerto Rico,2020,202005,Postpartum visits,964,3.7,
Puerto Rico,2020,202005,Prenatal bundled payments,258,1.0,
Puerto Rico,2020,202005,Prenatal visits,"4,069",15.6,
Puerto Rico,2020,202006,Postpartum bundled payments,599,2.3,
Puerto Rico,2020,202006,Postpartum visits,"1,681",6.4,
Puerto Rico,2020,202006,Prenatal bundled payments,229,0.9,
Puerto Rico,2020,202006,Prenatal visits,"4,928",18.7,
Puerto Rico,2020,202007,Postpartum bundled payments,689,2.6,
Puerto Rico,2020,202007,Postpartum visits,"1,662",6.2,
Puerto Rico,2020,202007,Prenatal bundled payments,246,0.9,
Puerto Rico,2020,202007,Prenatal visits,"4,629",17.3,
Puerto Rico,2020,202008,Postpartum bundled payments,761,2.8,
Puerto Rico,2020,202008,Postpartum visits,"1,651",6.1,
Puerto Rico,2020,202008,Prenatal bundled payments,312,1.2,
Puerto Rico,2020,202008,Prenatal visits,"4,619",17.1,
Puerto Rico,2020,202009,Postpartum bundled payments,814,3.0,
Puerto Rico,2020,202009,Postpartum visits,"2,055",7.5,
Puerto Rico,2020,202009,Prenatal bundled payments,302,1.1,
Puerto Rico,2020,202009,Prenatal visits,"5,537",20.3,
Puerto Rico,2020,202010,Postpartum bundled payments,807,2.9,
Puerto Rico,2020,202010,Postpartum visits,"2,195",8.0,
Puerto Rico,2020,202010,Prenatal bundled payments,298,1.1,
Puerto Rico,2020,202010,Prenatal visits,"5,524",20.1,
Puerto Rico,2020,202011,Postpartum bundled payments,776,2.5,
Puerto Rico,2020,202011,Postpartum visits,"1,709",5.5,
Puerto Rico,2020,202011,Prenatal bundled payments,255,0.8,
Puerto Rico,2020,202011,Prenatal visits,"5,338",17.1,
Puerto Rico,2020,202012,Postpartum bundled payments,891,2.8,
Puerto Rico,2020,202012,Postpartum visits,"2,097",6.7,
Puerto Rico,2020,202012,Prenatal bundled payments,291,0.9,
Puerto Rico,2020,202012,Prenatal visits,"6,312",20.1,
Puerto Rico,2021,202101,Postpartum bundled payments,723,2.3,
Puerto Rico,2021,202101,Postpartum visits,"1,750",5.5,
Puerto Rico,2021,202101,Prenatal bundled payments,229,0.7,
Puerto Rico,2021,202101,Prenatal visits,"4,611",14.5,
Puerto Rico,2021,202102,Postpartum bundled payments,617,1.9,
Puerto Rico,2021,202102,Postpartum visits,"2,200",6.8,
Puerto Rico,2021,202102,Prenatal bundled payments,235,0.7,
Puerto Rico,2021,202102,Prenatal visits,"4,879",15.2,
Puerto Rico,2021,202103,Postpartum bundled payments,875,2.7,
Puerto Rico,2021,202103,Postpartum visits,"3,174",9.8,
Puerto Rico,2021,202103,Prenatal bundled payments,297,0.9,
Puerto Rico,2021,202103,Prenatal visits,"7,331",22.6,
Puerto Rico,2021,202104,Postpartum bundled payments,814,2.5,
Puerto Rico,2021,202104,Postpartum visits,"2,258",6.9,
Puerto Rico,2021,202104,Prenatal bundled payments,293,0.9,
Puerto Rico,2021,202104,Prenatal visits,"5,890",18.1,
Puerto Rico,2021,202105,Postpartum bundled payments,718,2.2,
Puerto Rico,2021,202105,Postpartum visits,"2,080",6.4,
Puerto Rico,2021,202105,Prenatal bundled payments,244,0.7,
Puerto Rico,2021,202105,Prenatal visits,"5,868",18.0,
Puerto Rico,2021,202106,Postpartum bundled payments,778,2.4,
Puerto Rico,2021,202106,Postpartum visits,"1,958",6.0,
Puerto Rico,2021,202106,Prenatal bundled payments,256,0.8,
Puerto Rico,2021,202106,Prenatal visits,"5,860",17.9,
Puerto Rico,2021,202107,Postpartum bundled payments,888,2.7,
Puerto Rico,2021,202107,Postpartum visits,"2,143",6.5,
Puerto Rico,2021,202107,Prenatal bundled payments,297,0.9,
Puerto Rico,2021,202107,Prenatal visits,"6,219",18.9,
Puerto Rico,2021,202108,Postpartum bundled payments,903,2.7,
Puerto Rico,2021,202108,Postpartum visits,"1,995",6.0,
Puerto Rico,2021,202108,Prenatal bundled payments,318,1.0,
Puerto Rico,2021,202108,Prenatal visits,"6,136",18.6,
Puerto Rico,2021,202109,Postpartum bundled payments,831,2.5,
Puerto Rico,2021,202109,Postpartum visits,"1,456",4.4,
Puerto Rico,2021,202109,Prenatal bundled payments,287,0.9,
Puerto Rico,2021,202109,Prenatal visits,"5,098",15.4,
Puerto Rico,2021,202110,Postpartum bundled payments,710,2.1,
Puerto Rico,2021,202110,Postpartum visits,"1,219",3.7,
Puerto Rico,2021,202110,Prenatal bundled payments,239,0.7,
Puerto Rico,2021,202110,Prenatal visits,"3,884",11.7,
Puerto Rico,2021,202111,Postpartum bundled payments,574,1.7,
Puerto Rico,2021,202111,Postpartum visits,833,2.5,
Puerto Rico,2021,202111,Prenatal bundled payments,263,0.8,
Puerto Rico,2021,202111,Prenatal visits,"2,810",8.4,
Puerto Rico,2021,202112,Postpartum bundled payments,401,1.2,
Puerto Rico,2021,202112,Postpartum visits,614,1.8,
Puerto Rico,2021,202112,Prenatal bundled payments,146,0.4,
Puerto Rico,2021,202112,Prenatal visits,"2,010",6.0,
Puerto Rico,2022,202201,Postpartum bundled payments,394,1.2,
Puerto Rico,2022,202201,Postpartum visits,571,1.7,
Puerto Rico,2022,202201,Prenatal bundled payments,133,0.4,
Puerto Rico,2022,202201,Prenatal visits,"2,213",6.6,
Puerto Rico,2022,202202,Postpartum bundled payments,401,1.2,
Puerto Rico,2022,202202,Postpartum visits,812,2.4,
Puerto Rico,2022,202202,Prenatal bundled payments,150,0.4,
Puerto Rico,2022,202202,Prenatal visits,"2,672",8.0,
Puerto Rico,2022,202203,Postpartum bundled payments,476,1.4,
Puerto Rico,2022,202203,Postpartum visits,"1,100",3.3,
Puerto Rico,2022,202203,Prenatal bundled payments,203,0.6,
Puerto Rico,2022,202203,Prenatal visits,"3,135",9.3,
Puerto Rico,2022,202204,Postpartum bundled payments,420,1.2,
Puerto Rico,2022,202204,Postpartum visits,908,2.7,
Puerto Rico,2022,202204,Prenatal bundled payments,184,0.5,
Puerto Rico,2022,202204,Prenatal visits,"2,491",7.4,
Puerto Rico,2022,202205,Postpartum bundled payments,445,1.3,
Puerto Rico,2022,202205,Postpartum visits,"1,037",3.1,
Puerto Rico,2022,202205,Prenatal bundled payments,181,0.5,
Puerto Rico,2022,202205,Prenatal visits,"2,885",8.6,
Puerto Rico,2022,202206,Postpartum bundled payments,397,1.2,
Puerto Rico,2022,202206,Postpartum visits,"1,035",3.1,
Puerto Rico,2022,202206,Prenatal bundled payments,164,0.5,
Puerto Rico,2022,202206,Prenatal visits,"2,901",8.6,
Puerto Rico,2022,202207,Postpartum bundled payments,405,1.2,
Puerto Rico,2022,202207,Postpartum visits,812,2.4,
Puerto Rico,2022,202207,Prenatal bundled payments,185,0.5,
Puerto Rico,2022,202207,Prenatal visits,"2,443",7.2,
Puerto Rico,2022,202208,Postpartum bundled payments,413,1.2,
Puerto Rico,2022,202208,Postpartum visits,"1,130",3.3,
Puerto Rico,2022,202208,Prenatal bundled payments,178,0.5,
Puerto Rico,2022,202208,Prenatal visits,"3,100",9.1,
Puerto Rico,2022,202209,Postpartum bundled payments,404,1.2,
Puerto Rico,2022,202209,Postpartum visits,861,2.5,
Puerto Rico,2022,202209,Prenatal bundled payments,191,0.6,
Puerto Rico,2022,202209,Prenatal visits,"2,706",8.0,
Puerto Rico,2022,202210,Postpartum bundled payments,402,1.2,
Puerto Rico,2022,202210,Postpartum visits,913,2.7,
Puerto Rico,2022,202210,Prenatal bundled payments,179,0.5,
Puerto Rico,2022,202210,Prenatal visits,"2,477",7.3,
Puerto Rico,2022,202211,Postpartum bundled payments,402,1.2,
Puerto Rico,2022,202211,Postpartum visits,864,2.5,
Puerto Rico,2022,202211,Prenatal bundled payments,175,0.5,
Puerto Rico,2022,202211,Prenatal visits,"2,085",6.1,
Puerto Rico,2022,202212,Postpartum bundled payments,378,1.1,
Puerto Rico,2022,202212,Postpartum visits,819,2.4,
Puerto Rico,2022,202212,Prenatal bundled payments,162,0.5,
Puerto Rico,2022,202212,Prenatal visits,"2,474",7.2,
Rhode Island,2018,201801,Postpartum bundled payments,249,3.2,
Rhode Island,2018,201801,Postpartum visits,"1,733",22.1,
Rhode Island,2018,201801,Prenatal bundled payments,301,3.8,
Rhode Island,2018,201801,Prenatal visits,954,12.2,
Rhode Island,2018,201802,Postpartum bundled payments,214,2.8,Unusable
Rhode Island,2018,201802,Postpartum visits,"1,639",21.1,Unusable
Rhode Island,2018,201802,Prenatal bundled payments,256,3.3,Unusable
Rhode Island,2018,201802,Prenatal visits,861,11.1,Unusable
Rhode Island,2018,201803,Postpartum bundled payments,254,3.3,
Rhode Island,2018,201803,Postpartum visits,"1,634",21.1,
Rhode Island,2018,201803,Prenatal bundled payments,303,3.9,
Rhode Island,2018,201803,Prenatal visits,992,12.8,
Rhode Island,2018,201804,Postpartum bundled payments,246,3.2,
Rhode Island,2018,201804,Postpartum visits,"1,737",22.4,
Rhode Island,2018,201804,Prenatal bundled payments,321,4.1,
Rhode Island,2018,201804,Prenatal visits,"1,019",13.1,
Rhode Island,2018,201805,Postpartum bundled payments,242,3.1,
Rhode Island,2018,201805,Postpartum visits,"1,816",23.4,
Rhode Island,2018,201805,Prenatal bundled payments,294,3.8,
Rhode Island,2018,201805,Prenatal visits,"1,177",15.2,
Rhode Island,2018,201806,Postpartum bundled payments,209,2.7,
Rhode Island,2018,201806,Postpartum visits,"1,632",21.2,
Rhode Island,2018,201806,Prenatal bundled payments,276,3.6,
Rhode Island,2018,201806,Prenatal visits,994,12.9,
Rhode Island,2018,201807,Postpartum bundled payments,257,3.3,
Rhode Island,2018,201807,Postpartum visits,"1,512",19.6,
Rhode Island,2018,201807,Prenatal bundled payments,308,4.0,
Rhode Island,2018,201807,Prenatal visits,"1,017",13.2,
Rhode Island,2018,201808,Postpartum bundled payments,257,3.3,
Rhode Island,2018,201808,Postpartum visits,"1,627",21.1,
Rhode Island,2018,201808,Prenatal bundled payments,329,4.3,
Rhode Island,2018,201808,Prenatal visits,"1,074",13.9,
Rhode Island,2018,201809,Postpartum bundled payments,260,3.4,
Rhode Island,2018,201809,Postpartum visits,"1,476",19.2,
Rhode Island,2018,201809,Prenatal bundled payments,329,4.3,
Rhode Island,2018,201809,Prenatal visits,970,12.6,
Rhode Island,2018,201810,Postpartum bundled payments,241,3.1,
Rhode Island,2018,201810,Postpartum visits,"1,743",22.6,
Rhode Island,2018,201810,Prenatal bundled payments,284,3.7,
Rhode Island,2018,201810,Prenatal visits,"1,066",13.8,
Rhode Island,2018,201811,Postpartum bundled payments,209,2.7,
Rhode Island,2018,201811,Postpartum visits,"1,547",20.2,
Rhode Island,2018,201811,Prenatal bundled payments,266,3.5,
Rhode Island,2018,201811,Prenatal visits,957,12.5,
Rhode Island,2018,201812,Postpartum bundled payments,234,3.0,
Rhode Island,2018,201812,Postpartum visits,"1,430",18.6,
Rhode Island,2018,201812,Prenatal bundled payments,298,3.9,
Rhode Island,2018,201812,Prenatal visits,921,12.0,
Rhode Island,2019,201901,Postpartum bundled payments,239,3.1,
Rhode Island,2019,201901,Postpartum visits,"1,836",24.1,
Rhode Island,2019,201901,Prenatal bundled payments,300,3.9,
Rhode Island,2019,201901,Prenatal visits,"1,109",14.6,
Rhode Island,2019,201902,Postpartum bundled payments,224,3.0,
Rhode Island,2019,201902,Postpartum visits,"1,525",20.3,
Rhode Island,2019,201902,Prenatal bundled payments,277,3.7,
Rhode Island,2019,201902,Prenatal visits,928,12.4,
Rhode Island,2019,201903,Postpartum bundled payments,219,2.9,
Rhode Island,2019,201903,Postpartum visits,"1,622",21.7,
Rhode Island,2019,201903,Prenatal bundled payments,256,3.4,
Rhode Island,2019,201903,Prenatal visits,999,13.3,
Rhode Island,2019,201904,Postpartum bundled payments,220,2.9,
Rhode Island,2019,201904,Postpartum visits,"1,712",22.9,
Rhode Island,2019,201904,Prenatal bundled payments,263,3.5,
Rhode Island,2019,201904,Prenatal visits,"1,057",14.2,
Rhode Island,2019,201905,Postpartum bundled payments,246,3.3,
Rhode Island,2019,201905,Postpartum visits,"1,767",23.9,
Rhode Island,2019,201905,Prenatal bundled payments,288,3.9,
Rhode Island,2019,201905,Prenatal visits,"1,102",14.9,
Rhode Island,2019,201906,Postpartum bundled payments,236,3.2,
Rhode Island,2019,201906,Postpartum visits,"1,586",21.4,
Rhode Island,2019,201906,Prenatal bundled payments,261,3.5,
Rhode Island,2019,201906,Prenatal visits,930,12.6,
Rhode Island,2019,201907,Postpartum bundled payments,224,3.0,
Rhode Island,2019,201907,Postpartum visits,"1,620",21.8,
Rhode Island,2019,201907,Prenatal bundled payments,294,4.0,
Rhode Island,2019,201907,Prenatal visits,"1,149",15.5,
Rhode Island,2019,201908,Postpartum bundled payments,224,3.0,
Rhode Island,2019,201908,Postpartum visits,"1,611",21.7,
Rhode Island,2019,201908,Prenatal bundled payments,270,3.6,
Rhode Island,2019,201908,Prenatal visits,"1,008",13.6,
Rhode Island,2019,201909,Postpartum bundled payments,242,3.3,
Rhode Island,2019,201909,Postpartum visits,"1,558",21.3,
Rhode Island,2019,201909,Prenatal bundled payments,291,4.0,
Rhode Island,2019,201909,Prenatal visits,967,13.2,
Rhode Island,2019,201910,Postpartum bundled payments,216,2.9,
Rhode Island,2019,201910,Postpartum visits,"1,756",24.0,
Rhode Island,2019,201910,Prenatal bundled payments,267,3.6,
Rhode Island,2019,201910,Prenatal visits,"1,106",15.1,
Rhode Island,2019,201911,Postpartum bundled payments,209,2.9,
Rhode Island,2019,201911,Postpartum visits,"1,420",19.9,
Rhode Island,2019,201911,Prenatal bundled payments,258,3.6,
Rhode Island,2019,201911,Prenatal visits,878,12.3,
Rhode Island,2019,201912,Postpartum bundled payments,207,2.9,
Rhode Island,2019,201912,Postpartum visits,"1,380",19.4,
Rhode Island,2019,201912,Prenatal bundled payments,255,3.6,
Rhode Island,2019,201912,Prenatal visits,903,12.7,
Rhode Island,2020,202001,Postpartum bundled payments,256,3.6,
Rhode Island,2020,202001,Postpartum visits,"1,719",24.0,
Rhode Island,2020,202001,Prenatal bundled payments,275,3.8,
Rhode Island,2020,202001,Prenatal visits,"1,030",14.4,
Rhode Island,2020,202002,Postpartum bundled payments,239,3.4,
Rhode Island,2020,202002,Postpartum visits,"1,404",19.9,
Rhode Island,2020,202002,Prenatal bundled payments,261,3.7,
Rhode Island,2020,202002,Prenatal visits,953,13.5,
Rhode Island,2020,202003,Postpartum bundled payments,228,3.2,
Rhode Island,2020,202003,Postpartum visits,"1,147",16.0,
Rhode Island,2020,202003,Prenatal bundled payments,263,3.7,
Rhode Island,2020,202003,Prenatal visits,938,13.1,
Rhode Island,2020,202004,Postpartum bundled payments,222,3.0,
Rhode Island,2020,202004,Postpartum visits,750,10.1,
Rhode Island,2020,202004,Prenatal bundled payments,224,3.0,
Rhode Island,2020,202004,Prenatal visits,945,12.8,
Rhode Island,2020,202005,Postpartum bundled payments,211,2.8,
Rhode Island,2020,202005,Postpartum visits,950,12.7,
Rhode Island,2020,202005,Prenatal bundled payments,230,3.1,
Rhode Island,2020,202005,Prenatal visits,981,13.1,
Rhode Island,2020,202006,Postpartum bundled payments,186,2.5,
Rhode Island,2020,202006,Postpartum visits,"1,284",16.9,
Rhode Island,2020,202006,Prenatal bundled payments,251,3.3,
Rhode Island,2020,202006,Prenatal visits,"1,080",14.2,
Rhode Island,2020,202007,Postpartum bundled payments,194,2.5,
Rhode Island,2020,202007,Postpartum visits,"1,389",18.1,
Rhode Island,2020,202007,Prenatal bundled payments,266,3.5,
Rhode Island,2020,202007,Prenatal visits,"1,165",15.1,
Rhode Island,2020,202008,Postpartum bundled payments,184,2.4,
Rhode Island,2020,202008,Postpartum visits,"1,276",16.4,
Rhode Island,2020,202008,Prenatal bundled payments,213,2.7,
Rhode Island,2020,202008,Prenatal visits,973,12.5,
Rhode Island,2020,202009,Postpartum bundled payments,97,1.2,
Rhode Island,2020,202009,Postpartum visits,760,9.6,
Rhode Island,2020,202009,Prenatal bundled payments,132,1.7,
Rhode Island,2020,202009,Prenatal visits,947,12.0,
Rhode Island,2020,202010,Postpartum bundled payments,210,2.6,
Rhode Island,2020,202010,Postpartum visits,"1,435",18.0,
Rhode Island,2020,202010,Prenatal bundled payments,277,3.5,
Rhode Island,2020,202010,Prenatal visits,"1,009",12.7,
Rhode Island,2020,202011,Postpartum bundled payments,202,2.5,
Rhode Island,2020,202011,Postpartum visits,"1,487",18.5,
Rhode Island,2020,202011,Prenatal bundled payments,252,3.1,
Rhode Island,2020,202011,Prenatal visits,"1,022",12.7,
Rhode Island,2020,202012,Postpartum bundled payments,210,2.6,
Rhode Island,2020,202012,Postpartum visits,"1,405",17.2,
Rhode Island,2020,202012,Prenatal bundled payments,273,3.3,
Rhode Island,2020,202012,Prenatal visits,"1,115",13.7,
Rhode Island,2021,202101,Postpartum bundled payments,208,2.5,
Rhode Island,2021,202101,Postpartum visits,"1,599",19.4,
Rhode Island,2021,202101,Prenatal bundled payments,263,3.2,
Rhode Island,2021,202101,Prenatal visits,"1,054",12.8,
Rhode Island,2021,202102,Postpartum bundled payments,210,2.5,
Rhode Island,2021,202102,Postpartum visits,"1,431",17.2,
Rhode Island,2021,202102,Prenatal bundled payments,267,3.2,
Rhode Island,2021,202102,Prenatal visits,"1,086",13.1,
Rhode Island,2021,202103,Postpartum bundled payments,247,3.0,
Rhode Island,2021,202103,Postpartum visits,"1,853",22.1,
Rhode Island,2021,202103,Prenatal bundled payments,294,3.5,
Rhode Island,2021,202103,Prenatal visits,"1,176",14.1,
Rhode Island,2021,202104,Postpartum bundled payments,234,2.8,
Rhode Island,2021,202104,Postpartum visits,"1,648",19.5,
Rhode Island,2021,202104,Prenatal bundled payments,312,3.7,
Rhode Island,2021,202104,Prenatal visits,"1,112",13.2,
Rhode Island,2021,202105,Postpartum bundled payments,249,2.9,
Rhode Island,2021,202105,Postpartum visits,"1,518",17.9,
Rhode Island,2021,202105,Prenatal bundled payments,321,3.8,
Rhode Island,2021,202105,Prenatal visits,"1,060",12.5,
Rhode Island,2021,202106,Postpartum bundled payments,253,3.0,
Rhode Island,2021,202106,Postpartum visits,"1,720",20.1,
Rhode Island,2021,202106,Prenatal bundled payments,309,3.6,
Rhode Island,2021,202106,Prenatal visits,"1,163",13.6,
Rhode Island,2021,202107,Postpartum bundled payments,260,3.0,
Rhode Island,2021,202107,Postpartum visits,"1,431",16.7,
Rhode Island,2021,202107,Prenatal bundled payments,310,3.6,
Rhode Island,2021,202107,Prenatal visits,814,9.5,
Rhode Island,2021,202108,Postpartum bundled payments,260,3.0,
Rhode Island,2021,202108,Postpartum visits,"1,511",17.5,
Rhode Island,2021,202108,Prenatal bundled payments,326,3.8,
Rhode Island,2021,202108,Prenatal visits,"1,010",11.7,
Rhode Island,2021,202109,Postpartum bundled payments,252,2.9,
Rhode Island,2021,202109,Postpartum visits,"1,697",19.5,
Rhode Island,2021,202109,Prenatal bundled payments,306,3.5,
Rhode Island,2021,202109,Prenatal visits,968,11.2,
Rhode Island,2021,202110,Postpartum bundled payments,248,2.8,
Rhode Island,2021,202110,Postpartum visits,"1,630",18.7,
Rhode Island,2021,202110,Prenatal bundled payments,283,3.2,
Rhode Island,2021,202110,Prenatal visits,962,11.0,
Rhode Island,2021,202111,Postpartum bundled payments,247,2.8,
Rhode Island,2021,202111,Postpartum visits,"1,569",17.9,
Rhode Island,2021,202111,Prenatal bundled payments,281,3.2,
Rhode Island,2021,202111,Prenatal visits,935,10.7,
Rhode Island,2021,202112,Postpartum bundled payments,245,2.8,
Rhode Island,2021,202112,Postpartum visits,"1,447",16.6,
Rhode Island,2021,202112,Prenatal bundled payments,270,3.1,
Rhode Island,2021,202112,Prenatal visits,983,11.3,
Rhode Island,2022,202201,Postpartum bundled payments,234,2.7,
Rhode Island,2022,202201,Postpartum visits,"1,456",16.6,
Rhode Island,2022,202201,Prenatal bundled payments,272,3.1,
Rhode Island,2022,202201,Prenatal visits,990,11.3,
Rhode Island,2022,202202,Postpartum bundled payments,191,2.2,
Rhode Island,2022,202202,Postpartum visits,"1,462",16.6,
Rhode Island,2022,202202,Prenatal bundled payments,243,2.8,
Rhode Island,2022,202202,Prenatal visits,948,10.8,
Rhode Island,2022,202203,Postpartum bundled payments,218,2.5,
Rhode Island,2022,202203,Postpartum visits,"1,878",21.3,
Rhode Island,2022,202203,Prenatal bundled payments,281,3.2,
Rhode Island,2022,202203,Prenatal visits,"1,164",13.2,
Rhode Island,2022,202204,Postpartum bundled payments,191,2.2,
Rhode Island,2022,202204,Postpartum visits,"1,639",18.5,
Rhode Island,2022,202204,Prenatal bundled payments,247,2.8,
Rhode Island,2022,202204,Prenatal visits,"1,048",11.8,
Rhode Island,2022,202205,Postpartum bundled payments,235,2.6,
Rhode Island,2022,202205,Postpartum visits,"1,671",18.8,
Rhode Island,2022,202205,Prenatal bundled payments,276,3.1,
Rhode Island,2022,202205,Prenatal visits,"1,102",12.4,
Rhode Island,2022,202206,Postpartum bundled payments,210,2.3,
Rhode Island,2022,202206,Postpartum visits,"1,617",18.1,
Rhode Island,2022,202206,Prenatal bundled payments,248,2.8,
Rhode Island,2022,202206,Prenatal visits,"1,145",12.8,
Rhode Island,2022,202207,Postpartum bundled payments,217,2.4,
Rhode Island,2022,202207,Postpartum visits,"1,395",15.5,
Rhode Island,2022,202207,Prenatal bundled payments,268,3.0,
Rhode Island,2022,202207,Prenatal visits,973,10.8,
Rhode Island,2022,202208,Postpartum bundled payments,226,2.5,
Rhode Island,2022,202208,Postpartum visits,"1,537",17.0,
Rhode Island,2022,202208,Prenatal bundled payments,332,3.7,
Rhode Island,2022,202208,Prenatal visits,"1,111",12.3,
Rhode Island,2022,202209,Postpartum bundled payments,211,2.3,
Rhode Island,2022,202209,Postpartum visits,"1,588",17.5,
Rhode Island,2022,202209,Prenatal bundled payments,261,2.9,
Rhode Island,2022,202209,Prenatal visits,"1,060",11.7,
Rhode Island,2022,202210,Postpartum bundled payments,253,2.8,
Rhode Island,2022,202210,Postpartum visits,"1,654",18.2,
Rhode Island,2022,202210,Prenatal bundled payments,255,2.8,
Rhode Island,2022,202210,Prenatal visits,"1,015",11.2,
Rhode Island,2022,202211,Postpartum bundled payments,239,2.6,
Rhode Island,2022,202211,Postpartum visits,"1,599",17.5,
Rhode Island,2022,202211,Prenatal bundled payments,269,3.0,
Rhode Island,2022,202211,Prenatal visits,"1,027",11.3,
Rhode Island,2022,202212,Postpartum bundled payments,233,2.5,
Rhode Island,2022,202212,Postpartum visits,"1,378",15.0,
Rhode Island,2022,202212,Prenatal bundled payments,255,2.8,
Rhode Island,2022,202212,Prenatal visits,999,10.9,
South Carolina,2018,201801,Postpartum bundled payments,27,0.1,
South Carolina,2018,201801,Postpartum visits,"4,944",15.3,
South Carolina,2018,201801,Prenatal bundled payments,28,0.1,
South Carolina,2018,201801,Prenatal visits,"25,997",80.2,
South Carolina,2018,201802,Postpartum bundled payments,24,0.1,
South Carolina,2018,201802,Postpartum visits,"4,771",14.7,
South Carolina,2018,201802,Prenatal bundled payments,24,0.1,
South Carolina,2018,201802,Prenatal visits,"23,714",73.3,
South Carolina,2018,201803,Postpartum bundled payments,40,0.1,
South Carolina,2018,201803,Postpartum visits,"5,192",16.0,
South Carolina,2018,201803,Prenatal bundled payments,40,0.1,
South Carolina,2018,201803,Prenatal visits,"26,359",81.4,
South Carolina,2018,201804,Postpartum bundled payments,23,0.1,
South Carolina,2018,201804,Postpartum visits,"5,014",15.4,
South Carolina,2018,201804,Prenatal bundled payments,23,0.1,
South Carolina,2018,201804,Prenatal visits,"25,745",79.3,
South Carolina,2018,201805,Postpartum bundled payments,25,0.1,
South Carolina,2018,201805,Postpartum visits,"5,243",16.2,
South Carolina,2018,201805,Prenatal bundled payments,25,0.1,
South Carolina,2018,201805,Prenatal visits,"27,420",84.5,
South Carolina,2018,201806,Postpartum bundled payments,17,0.1,
South Carolina,2018,201806,Postpartum visits,"4,515",14.1,
South Carolina,2018,201806,Prenatal bundled payments,17,0.1,
South Carolina,2018,201806,Prenatal visits,"25,283",79.1,
South Carolina,2018,201807,Postpartum bundled payments,21,0.1,
South Carolina,2018,201807,Postpartum visits,"4,614",14.4,
South Carolina,2018,201807,Prenatal bundled payments,23,0.1,
South Carolina,2018,201807,Prenatal visits,"26,361",82.5,
South Carolina,2018,201808,Postpartum bundled payments,18,0.1,
South Carolina,2018,201808,Postpartum visits,"5,221",16.3,
South Carolina,2018,201808,Prenatal bundled payments,20,0.1,
South Carolina,2018,201808,Prenatal visits,"27,985",87.3,
South Carolina,2018,201809,Postpartum bundled payments,15,0.0,
South Carolina,2018,201809,Postpartum visits,"4,085",12.8,
South Carolina,2018,201809,Prenatal bundled payments,15,0.0,
South Carolina,2018,201809,Prenatal visits,"22,530",70.6,
South Carolina,2018,201810,Postpartum bundled payments,30,0.1,
South Carolina,2018,201810,Postpartum visits,"5,421",16.9,
South Carolina,2018,201810,Prenatal bundled payments,29,0.1,
South Carolina,2018,201810,Prenatal visits,"27,431",85.7,
South Carolina,2018,201811,Postpartum bundled payments,25,0.1,
South Carolina,2018,201811,Postpartum visits,"4,631",14.5,
South Carolina,2018,201811,Prenatal bundled payments,25,0.1,
South Carolina,2018,201811,Prenatal visits,"25,100",78.4,
South Carolina,2018,201812,Postpartum bundled payments,15,0.0,
South Carolina,2018,201812,Postpartum visits,"4,184",13.0,
South Carolina,2018,201812,Prenatal bundled payments,15,0.0,
South Carolina,2018,201812,Prenatal visits,"22,877",71.3,
South Carolina,2019,201901,Postpartum bundled payments,24,0.1,
South Carolina,2019,201901,Postpartum visits,"5,318",16.5,
South Carolina,2019,201901,Prenatal bundled payments,24,0.1,
South Carolina,2019,201901,Prenatal visits,"27,578",85.6,
South Carolina,2019,201902,Postpartum bundled payments,27,0.1,
South Carolina,2019,201902,Postpartum visits,"4,711",14.6,
South Carolina,2019,201902,Prenatal bundled payments,27,0.1,
South Carolina,2019,201902,Prenatal visits,"24,228",75.0,
South Carolina,2019,201903,Postpartum bundled payments,23,0.1,
South Carolina,2019,201903,Postpartum visits,"4,909",15.1,
South Carolina,2019,201903,Prenatal bundled payments,23,0.1,
South Carolina,2019,201903,Prenatal visits,"25,084",77.3,
South Carolina,2019,201904,Postpartum bundled payments,26,0.1,
South Carolina,2019,201904,Postpartum visits,"4,982",15.3,
South Carolina,2019,201904,Prenatal bundled payments,26,0.1,
South Carolina,2019,201904,Prenatal visits,"26,266",80.8,
South Carolina,2019,201905,Postpartum bundled payments,31,0.1,
South Carolina,2019,201905,Postpartum visits,"5,179",15.9,
South Carolina,2019,201905,Prenatal bundled payments,30,0.1,
South Carolina,2019,201905,Prenatal visits,"27,063",83.1,
South Carolina,2019,201906,Postpartum bundled payments,26,0.1,
South Carolina,2019,201906,Postpartum visits,"4,736",14.5,
South Carolina,2019,201906,Prenatal bundled payments,26,0.1,
South Carolina,2019,201906,Prenatal visits,"24,778",76.0,
South Carolina,2019,201907,Postpartum bundled payments,37,0.1,
South Carolina,2019,201907,Postpartum visits,"5,017",15.3,
South Carolina,2019,201907,Prenatal bundled payments,36,0.1,
South Carolina,2019,201907,Prenatal visits,"27,916",85.3,
South Carolina,2019,201908,Postpartum bundled payments,31,0.1,
South Carolina,2019,201908,Postpartum visits,"5,179",15.8,
South Carolina,2019,201908,Prenatal bundled payments,31,0.1,
South Carolina,2019,201908,Prenatal visits,"26,286",80.3,
South Carolina,2019,201909,Postpartum bundled payments,30,0.1,
South Carolina,2019,201909,Postpartum visits,"4,739",14.5,
South Carolina,2019,201909,Prenatal bundled payments,29,0.1,
South Carolina,2019,201909,Prenatal visits,"23,614",72.1,
South Carolina,2019,201910,Postpartum bundled payments,36,0.1,
South Carolina,2019,201910,Postpartum visits,"5,615",17.1,
South Carolina,2019,201910,Prenatal bundled payments,36,0.1,
South Carolina,2019,201910,Prenatal visits,"26,655",81.3,
South Carolina,2019,201911,Postpartum bundled payments,26,0.1,
South Carolina,2019,201911,Postpartum visits,"4,382",13.4,
South Carolina,2019,201911,Prenatal bundled payments,27,0.1,
South Carolina,2019,201911,Prenatal visits,"22,379",68.6,
South Carolina,2019,201912,Postpartum bundled payments,23,0.1,
South Carolina,2019,201912,Postpartum visits,"4,374",13.5,
South Carolina,2019,201912,Prenatal bundled payments,25,0.1,
South Carolina,2019,201912,Prenatal visits,"23,660",72.8,
South Carolina,2020,202001,Postpartum bundled payments,28,0.1,
South Carolina,2020,202001,Postpartum visits,"5,283",16.3,
South Carolina,2020,202001,Prenatal bundled payments,28,0.1,
South Carolina,2020,202001,Prenatal visits,"25,586",78.9,
South Carolina,2020,202002,Postpartum bundled payments,26,0.1,
South Carolina,2020,202002,Postpartum visits,"4,681",14.5,
South Carolina,2020,202002,Prenatal bundled payments,26,0.1,
South Carolina,2020,202002,Prenatal visits,"22,845",70.5,
South Carolina,2020,202003,Postpartum bundled payments,29,0.1,
South Carolina,2020,202003,Postpartum visits,"4,175",12.9,
South Carolina,2020,202003,Prenatal bundled payments,29,0.1,
South Carolina,2020,202003,Prenatal visits,"24,344",75.3,
South Carolina,2020,202004,Postpartum bundled payments,21,0.1,
South Carolina,2020,202004,Postpartum visits,"3,020",9.2,
South Carolina,2020,202004,Prenatal bundled payments,21,0.1,
South Carolina,2020,202004,Prenatal visits,"22,695",69.3,
South Carolina,2020,202005,Postpartum bundled payments,11,0.0,
South Carolina,2020,202005,Postpartum visits,"3,744",11.3,
South Carolina,2020,202005,Prenatal bundled payments,11,0.0,
South Carolina,2020,202005,Prenatal visits,"22,115",66.7,
South Carolina,2020,202006,Postpartum bundled payments,19,0.1,
South Carolina,2020,202006,Postpartum visits,"4,854",14.5,
South Carolina,2020,202006,Prenatal bundled payments,19,0.1,
South Carolina,2020,202006,Prenatal visits,"24,803",73.8,
South Carolina,2020,202007,Postpartum bundled payments,21,0.1,
South Carolina,2020,202007,Postpartum visits,"4,901",14.4,
South Carolina,2020,202007,Prenatal bundled payments,21,0.1,
South Carolina,2020,202007,Prenatal visits,"25,312",74.4,
South Carolina,2020,202008,Postpartum bundled payments,19,0.1,
South Carolina,2020,202008,Postpartum visits,"5,125",14.9,
South Carolina,2020,202008,Prenatal bundled payments,19,0.1,
South Carolina,2020,202008,Prenatal visits,"23,984",69.6,
South Carolina,2020,202009,Postpartum bundled payments,18,0.1,
South Carolina,2020,202009,Postpartum visits,"5,311",15.2,
South Carolina,2020,202009,Prenatal bundled payments,18,0.1,
South Carolina,2020,202009,Prenatal visits,"24,224",69.5,
South Carolina,2020,202010,Postpartum bundled payments,21,0.1,
South Carolina,2020,202010,Postpartum visits,"5,607",15.9,
South Carolina,2020,202010,Prenatal bundled payments,23,0.1,
South Carolina,2020,202010,Prenatal visits,"24,275",68.9,
South Carolina,2020,202011,Postpartum bundled payments,11,0.0,
South Carolina,2020,202011,Postpartum visits,"4,827",13.5,
South Carolina,2020,202011,Prenatal bundled payments,11,0.0,
South Carolina,2020,202011,Prenatal visits,"22,571",63.2,
South Carolina,2020,202012,Postpartum bundled payments,18,0.0,
South Carolina,2020,202012,Postpartum visits,"4,892",13.5,
South Carolina,2020,202012,Prenatal bundled payments,20,0.1,
South Carolina,2020,202012,Prenatal visits,"24,548",67.9,
South Carolina,2021,202101,Postpartum bundled payments,29,0.1,
South Carolina,2021,202101,Postpartum visits,"4,991",13.7,
South Carolina,2021,202101,Prenatal bundled payments,30,0.1,
South Carolina,2021,202101,Prenatal visits,"22,836",62.5,
South Carolina,2021,202102,Postpartum bundled payments,44,0.1,
South Carolina,2021,202102,Postpartum visits,"5,143",13.9,
South Carolina,2021,202102,Prenatal bundled payments,45,0.1,
South Carolina,2021,202102,Prenatal visits,"22,372",60.7,
South Carolina,2021,202103,Postpartum bundled payments,44,0.1,
South Carolina,2021,202103,Postpartum visits,"5,787",15.5,
South Carolina,2021,202103,Prenatal bundled payments,43,0.1,
South Carolina,2021,202103,Prenatal visits,"25,995",69.8,
South Carolina,2021,202104,Postpartum bundled payments,22,0.1,
South Carolina,2021,202104,Postpartum visits,"5,126",13.6,
South Carolina,2021,202104,Prenatal bundled payments,21,0.1,
South Carolina,2021,202104,Prenatal visits,"24,660",65.6,
South Carolina,2021,202105,Postpartum bundled payments,33,0.1,
South Carolina,2021,202105,Postpartum visits,"4,889",12.9,
South Carolina,2021,202105,Prenatal bundled payments,33,0.1,
South Carolina,2021,202105,Prenatal visits,"23,557",62.1,
South Carolina,2021,202106,Postpartum bundled payments,35,0.1,
South Carolina,2021,202106,Postpartum visits,"5,395",14.1,
South Carolina,2021,202106,Prenatal bundled payments,35,0.1,
South Carolina,2021,202106,Prenatal visits,"26,656",69.7,
South Carolina,2021,202107,Postpartum bundled payments,41,0.1,
South Carolina,2021,202107,Postpartum visits,"5,215",13.5,
South Carolina,2021,202107,Prenatal bundled payments,36,0.1,
South Carolina,2021,202107,Prenatal visits,"24,992",64.7,
South Carolina,2021,202108,Postpartum bundled payments,38,0.1,
South Carolina,2021,202108,Postpartum visits,"5,413",13.9,
South Carolina,2021,202108,Prenatal bundled payments,40,0.1,
South Carolina,2021,202108,Prenatal visits,"24,896",63.9,
South Carolina,2021,202109,Postpartum bundled payments,46,0.1,
South Carolina,2021,202109,Postpartum visits,"5,305",13.5,
South Carolina,2021,202109,Prenatal bundled payments,47,0.1,
South Carolina,2021,202109,Prenatal visits,"24,191",61.6,
South Carolina,2021,202110,Postpartum bundled payments,30,0.1,
South Carolina,2021,202110,Postpartum visits,"5,329",13.5,
South Carolina,2021,202110,Prenatal bundled payments,28,0.1,
South Carolina,2021,202110,Prenatal visits,"22,999",58.3,
South Carolina,2021,202111,Postpartum bundled payments,22,0.1,
South Carolina,2021,202111,Postpartum visits,"5,152",12.9,
South Carolina,2021,202111,Prenatal bundled payments,26,0.1,
South Carolina,2021,202111,Prenatal visits,"23,571",59.2,
South Carolina,2021,202112,Postpartum bundled payments,30,0.1,
South Carolina,2021,202112,Postpartum visits,"4,864",12.1,
South Carolina,2021,202112,Prenatal bundled payments,38,0.1,
South Carolina,2021,202112,Prenatal visits,"23,832",59.3,
South Carolina,2022,202201,Postpartum bundled payments,26,0.1,
South Carolina,2022,202201,Postpartum visits,"5,244",12.9,
South Carolina,2022,202201,Prenatal bundled payments,27,0.1,
South Carolina,2022,202201,Prenatal visits,"22,616",55.6,
South Carolina,2022,202202,Postpartum bundled payments,33,0.1,
South Carolina,2022,202202,Postpartum visits,"5,519",13.5,
South Carolina,2022,202202,Prenatal bundled payments,29,0.1,
South Carolina,2022,202202,Prenatal visits,"22,060",53.9,
South Carolina,2022,202203,Postpartum bundled payments,42,0.1,
South Carolina,2022,202203,Postpartum visits,"6,409",15.5,
South Carolina,2022,202203,Prenatal bundled payments,42,0.1,
South Carolina,2022,202203,Prenatal visits,"25,370",61.5,
South Carolina,2022,202204,Postpartum bundled payments,31,0.1,
South Carolina,2022,202204,Postpartum visits,"5,473",13.2,
South Carolina,2022,202204,Prenatal bundled payments,28,0.1,
South Carolina,2022,202204,Prenatal visits,"22,302",53.7,
South Carolina,2022,202205,Postpartum bundled payments,47,0.1,
South Carolina,2022,202205,Postpartum visits,"5,921",14.2,
South Carolina,2022,202205,Prenatal bundled payments,48,0.1,
South Carolina,2022,202205,Prenatal visits,"23,793",56.9,
South Carolina,2022,202206,Postpartum bundled payments,39,0.1,
South Carolina,2022,202206,Postpartum visits,"5,898",14.0,
South Carolina,2022,202206,Prenatal bundled payments,35,0.1,
South Carolina,2022,202206,Prenatal visits,"25,335",60.2,
South Carolina,2022,202207,Postpartum bundled payments,42,0.1,
South Carolina,2022,202207,Postpartum visits,"5,276",12.5,
South Carolina,2022,202207,Prenatal bundled payments,38,0.1,
South Carolina,2022,202207,Prenatal visits,"22,556",53.2,
South Carolina,2022,202208,Postpartum bundled payments,40,0.1,
South Carolina,2022,202208,Postpartum visits,"6,553",15.3,
South Carolina,2022,202208,Prenatal bundled payments,40,0.1,
South Carolina,2022,202208,Prenatal visits,"25,634",60.0,
South Carolina,2022,202209,Postpartum bundled payments,36,0.1,
South Carolina,2022,202209,Postpartum visits,"5,999",14.0,
South Carolina,2022,202209,Prenatal bundled payments,37,0.1,
South Carolina,2022,202209,Prenatal visits,"22,682",52.8,
South Carolina,2022,202210,Postpartum bundled payments,40,0.1,
South Carolina,2022,202210,Postpartum visits,"6,282",14.5,
South Carolina,2022,202210,Prenatal bundled payments,40,0.1,
South Carolina,2022,202210,Prenatal visits,"22,754",52.6,
South Carolina,2022,202211,Postpartum bundled payments,37,0.1,
South Carolina,2022,202211,Postpartum visits,"5,579",12.8,
South Carolina,2022,202211,Prenatal bundled payments,36,0.1,
South Carolina,2022,202211,Prenatal visits,"22,914",52.6,
South Carolina,2022,202212,Postpartum bundled payments,41,0.1,
South Carolina,2022,202212,Postpartum visits,"5,214",11.9,
South Carolina,2022,202212,Prenatal bundled payments,43,0.1,
South Carolina,2022,202212,Prenatal visits,"21,681",49.4,
South Dakota,2018,201801,Postpartum bundled payments,247,12.5,Unusable
South Dakota,2018,201801,Postpartum visits,297,15.0,Unusable
South Dakota,2018,201801,Prenatal bundled payments,243,12.3,Unusable
South Dakota,2018,201801,Prenatal visits,"1,103",55.7,Unusable
South Dakota,2018,201802,Postpartum bundled payments,210,10.6,Unusable
South Dakota,2018,201802,Postpartum visits,253,12.8,Unusable
South Dakota,2018,201802,Prenatal bundled payments,202,10.2,Unusable
South Dakota,2018,201802,Prenatal visits,914,46.1,Unusable
South Dakota,2018,201803,Postpartum bundled payments,223,11.2,Unusable
South Dakota,2018,201803,Postpartum visits,333,16.7,Unusable
South Dakota,2018,201803,Prenatal bundled payments,215,10.8,Unusable
South Dakota,2018,201803,Prenatal visits,"1,059",53.2,Unusable
South Dakota,2018,201804,Postpartum bundled payments,210,10.6,Unusable
South Dakota,2018,201804,Postpartum visits,309,15.5,Unusable
South Dakota,2018,201804,Prenatal bundled payments,190,9.6,Unusable
South Dakota,2018,201804,Prenatal visits,"1,024",51.5,Unusable
South Dakota,2018,201805,Postpartum bundled payments,235,11.8,Unusable
South Dakota,2018,201805,Postpartum visits,326,16.4,Unusable
South Dakota,2018,201805,Prenatal bundled payments,243,12.2,Unusable
South Dakota,2018,201805,Prenatal visits,"1,030",51.7,Unusable
South Dakota,2018,201806,Postpartum bundled payments,210,10.6,Unusable
South Dakota,2018,201806,Postpartum visits,261,13.1,Unusable
South Dakota,2018,201806,Prenatal bundled payments,214,10.8,Unusable
South Dakota,2018,201806,Prenatal visits,967,48.7,Unusable
South Dakota,2018,201807,Postpartum bundled payments,222,11.2,Unusable
South Dakota,2018,201807,Postpartum visits,278,14.0,Unusable
South Dakota,2018,201807,Prenatal bundled payments,227,11.4,Unusable
South Dakota,2018,201807,Prenatal visits,"1,033",51.9,Unusable
South Dakota,2018,201808,Postpartum bundled payments,215,10.8,
South Dakota,2018,201808,Postpartum visits,311,15.6,
South Dakota,2018,201808,Prenatal bundled payments,208,10.4,
South Dakota,2018,201808,Prenatal visits,"1,035",52.0,
South Dakota,2018,201809,Postpartum bundled payments,215,10.9,
South Dakota,2018,201809,Postpartum visits,254,12.8,
South Dakota,2018,201809,Prenatal bundled payments,204,10.3,
South Dakota,2018,201809,Prenatal visits,933,47.1,
South Dakota,2018,201810,Postpartum bundled payments,214,10.9,
South Dakota,2018,201810,Postpartum visits,247,12.5,
South Dakota,2018,201810,Prenatal bundled payments,205,10.4,
South Dakota,2018,201810,Prenatal visits,"1,113",56.5,
South Dakota,2018,201811,Postpartum bundled payments,182,9.2,
South Dakota,2018,201811,Postpartum visits,292,14.8,
South Dakota,2018,201811,Prenatal bundled payments,171,8.7,
South Dakota,2018,201811,Prenatal visits,956,48.5,
South Dakota,2018,201812,Postpartum bundled payments,194,9.9,
South Dakota,2018,201812,Postpartum visits,201,10.3,
South Dakota,2018,201812,Prenatal bundled payments,188,9.6,
South Dakota,2018,201812,Prenatal visits,869,44.4,
South Dakota,2019,201901,Postpartum bundled payments,184,9.3,
South Dakota,2019,201901,Postpartum visits,253,12.8,
South Dakota,2019,201901,Prenatal bundled payments,174,8.8,
South Dakota,2019,201901,Prenatal visits,"1,123",56.7,
South Dakota,2019,201902,Postpartum bundled payments,200,10.1,
South Dakota,2019,201902,Postpartum visits,236,11.9,
South Dakota,2019,201902,Prenatal bundled payments,204,10.3,
South Dakota,2019,201902,Prenatal visits,876,44.1,
South Dakota,2019,201903,Postpartum bundled payments,215,10.8,
South Dakota,2019,201903,Postpartum visits,234,11.8,
South Dakota,2019,201903,Prenatal bundled payments,213,10.7,
South Dakota,2019,201903,Prenatal visits,"1,047",52.8,
South Dakota,2019,201904,Postpartum bundled payments,205,10.3,
South Dakota,2019,201904,Postpartum visits,249,12.5,
South Dakota,2019,201904,Prenatal bundled payments,214,10.8,
South Dakota,2019,201904,Prenatal visits,"1,064",53.5,
South Dakota,2019,201905,Postpartum bundled payments,208,10.4,
South Dakota,2019,201905,Postpartum visits,256,12.9,
South Dakota,2019,201905,Prenatal bundled payments,208,10.4,
South Dakota,2019,201905,Prenatal visits,"1,074",54.0,
South Dakota,2019,201906,Postpartum bundled payments,206,10.4,
South Dakota,2019,201906,Postpartum visits,224,11.3,
South Dakota,2019,201906,Prenatal bundled payments,199,10.1,
South Dakota,2019,201906,Prenatal visits,"1,014",51.3,
South Dakota,2019,201907,Postpartum bundled payments,216,10.9,
South Dakota,2019,201907,Postpartum visits,241,12.2,
South Dakota,2019,201907,Prenatal bundled payments,205,10.4,
South Dakota,2019,201907,Prenatal visits,"1,144",58.0,
South Dakota,2019,201908,Postpartum bundled payments,203,10.3,
South Dakota,2019,201908,Postpartum visits,266,13.5,
South Dakota,2019,201908,Prenatal bundled payments,209,10.6,
South Dakota,2019,201908,Prenatal visits,"1,042",52.9,
South Dakota,2019,201909,Postpartum bundled payments,200,10.2,
South Dakota,2019,201909,Postpartum visits,258,13.2,
South Dakota,2019,201909,Prenatal bundled payments,187,9.6,
South Dakota,2019,201909,Prenatal visits,978,50.1,
South Dakota,2019,201910,Postpartum bundled payments,201,10.3,
South Dakota,2019,201910,Postpartum visits,280,14.3,
South Dakota,2019,201910,Prenatal bundled payments,203,10.4,
South Dakota,2019,201910,Prenatal visits,"1,045",53.4,
South Dakota,2019,201911,Postpartum bundled payments,174,9.0,
South Dakota,2019,201911,Postpartum visits,219,11.4,
South Dakota,2019,201911,Prenatal bundled payments,169,8.8,
South Dakota,2019,201911,Prenatal visits,812,42.1,
South Dakota,2019,201912,Postpartum bundled payments,162,8.5,
South Dakota,2019,201912,Postpartum visits,212,11.1,
South Dakota,2019,201912,Prenatal bundled payments,166,8.7,
South Dakota,2019,201912,Prenatal visits,890,46.6,
South Dakota,2020,202001,Postpartum bundled payments,197,10.2,
South Dakota,2020,202001,Postpartum visits,259,13.4,
South Dakota,2020,202001,Prenatal bundled payments,188,9.7,
South Dakota,2020,202001,Prenatal visits,993,51.4,
South Dakota,2020,202002,Postpartum bundled payments,184,9.5,
South Dakota,2020,202002,Postpartum visits,206,10.7,
South Dakota,2020,202002,Prenatal bundled payments,174,9,
South Dakota,2020,202002,Prenatal visits,915,47.3,
South Dakota,2020,202003,Postpartum bundled payments,177,9.2,
South Dakota,2020,202003,Postpartum visits,192,10,
South Dakota,2020,202003,Prenatal bundled payments,184,9.5,
South Dakota,2020,202003,Prenatal visits,924,47.9,
South Dakota,2020,202004,Postpartum bundled payments,180,9.1,
South Dakota,2020,202004,Postpartum visits,141,7.2,
South Dakota,2020,202004,Prenatal bundled payments,174,8.8,
South Dakota,2020,202004,Prenatal visits,753,38.2,
South Dakota,2020,202005,Postpartum bundled payments,186,9.2,
South Dakota,2020,202005,Postpartum visits,182,9,
South Dakota,2020,202005,Prenatal bundled payments,203,10.1,
South Dakota,2020,202005,Prenatal visits,789,39.1,
South Dakota,2020,202006,Postpartum bundled payments,193,9.2,
South Dakota,2020,202006,Postpartum visits,216,10.3,
South Dakota,2020,202006,Prenatal bundled payments,191,9.1,
South Dakota,2020,202006,Prenatal visits,889,42.6,
South Dakota,2020,202007,Postpartum bundled payments,222,10.4,
South Dakota,2020,202007,Postpartum visits,265,12.4,
South Dakota,2020,202007,Prenatal bundled payments,215,10,
South Dakota,2020,202007,Prenatal visits,947,44.2,
South Dakota,2020,202008,Postpartum bundled payments,181,8.2,
South Dakota,2020,202008,Postpartum visits,239,10.9,
South Dakota,2020,202008,Prenatal bundled payments,172,7.8,
South Dakota,2020,202008,Prenatal visits,930,42.2,
South Dakota,2020,202009,Postpartum bundled payments,192,8.5,
South Dakota,2020,202009,Postpartum visits,242,10.7,
South Dakota,2020,202009,Prenatal bundled payments,183,8.1,
South Dakota,2020,202009,Prenatal visits,844,37.3,
South Dakota,2020,202010,Postpartum bundled payments,181,7.8,
South Dakota,2020,202010,Postpartum visits,250,10.8,
South Dakota,2020,202010,Prenatal bundled payments,170,7.4,
South Dakota,2020,202010,Prenatal visits,884,38.2,
South Dakota,2020,202011,Postpartum bundled payments,168,7.1,
South Dakota,2020,202011,Postpartum visits,228,9.6,
South Dakota,2020,202011,Prenatal bundled payments,170,7.2,
South Dakota,2020,202011,Prenatal visits,795,33.6,
South Dakota,2020,202012,Postpartum bundled payments,181,7.5,
South Dakota,2020,202012,Postpartum visits,212,8.8,
South Dakota,2020,202012,Prenatal bundled payments,183,7.6,
South Dakota,2020,202012,Prenatal visits,885,36.7,
South Dakota,2021,202101,Postpartum bundled payments,148,6,
South Dakota,2021,202101,Postpartum visits,256,10.4,
South Dakota,2021,202101,Prenatal bundled payments,162,6.6,
South Dakota,2021,202101,Prenatal visits,1008,40.9,
South Dakota,2021,202102,Postpartum bundled payments,186,7.4,
South Dakota,2021,202102,Postpartum visits,260,10.4,
South Dakota,2021,202102,Prenatal bundled payments,191,7.6,
South Dakota,2021,202102,Prenatal visits,1035,41.3,
South Dakota,2021,202103,Postpartum bundled payments,190,7.5,
South Dakota,2021,202103,Postpartum visits,310,12.2,
South Dakota,2021,202103,Prenatal bundled payments,197,7.7,
South Dakota,2021,202103,Prenatal visits,1155,45.3,
South Dakota,2021,202104,Postpartum bundled payments,183,7.1,
South Dakota,2021,202104,Postpartum visits,259,10,
South Dakota,2021,202104,Prenatal bundled payments,173,6.7,
South Dakota,2021,202104,Prenatal visits,1164,45,
South Dakota,2021,202105,Postpartum bundled payments,171,6.5,
South Dakota,2021,202105,Postpartum visits,218,8.3,
South Dakota,2021,202105,Prenatal bundled payments,190,7.2,
South Dakota,2021,202105,Prenatal visits,1149,43.8,
South Dakota,2021,202106,Postpartum bundled payments,186,7,
South Dakota,2021,202106,Postpartum visits,269,10.1,
South Dakota,2021,202106,Prenatal bundled payments,206,7.7,
South Dakota,2021,202106,Prenatal visits,1263,47.3,
South Dakota,2021,202107,Postpartum bundled payments,174,6.4,
South Dakota,2021,202107,Postpartum visits,226,8.3,
South Dakota,2021,202107,Prenatal bundled payments,182,6.7,
South Dakota,2021,202107,Prenatal visits,1153,42.6,
South Dakota,2021,202108,Postpartum bundled payments,195,7.1,
South Dakota,2021,202108,Postpartum visits,283,10.3,
South Dakota,2021,202108,Prenatal bundled payments,209,7.6,
South Dakota,2021,202108,Prenatal visits,1184,43,
South Dakota,2021,202109,Postpartum bundled payments,190,6.8,
South Dakota,2021,202109,Postpartum visits,220,7.9,
South Dakota,2021,202109,Prenatal bundled payments,216,7.7,
South Dakota,2021,202109,Prenatal visits,1170,41.9,
South Dakota,2021,202110,Postpartum bundled payments,174,6.1,
South Dakota,2021,202110,Postpartum visits,218,7.7,
South Dakota,2021,202110,Prenatal bundled payments,159,5.6,
South Dakota,2021,202110,Prenatal visits,1116,39.4,
South Dakota,2021,202111,Postpartum bundled payments,145,5,
South Dakota,2021,202111,Postpartum visits,224,7.8,
South Dakota,2021,202111,Prenatal bundled payments,150,5.2,
South Dakota,2021,202111,Prenatal visits,1067,37.1,
South Dakota,2021,202112,Postpartum bundled payments,175,6,
South Dakota,2021,202112,Postpartum visits,225,7.7,
South Dakota,2021,202112,Prenatal bundled payments,192,6.6,
South Dakota,2021,202112,Prenatal visits,1110,38.1,
South Dakota,2022,202201,Postpartum bundled payments,142,4.8,
South Dakota,2022,202201,Postpartum visits,224,7.6,
South Dakota,2022,202201,Prenatal bundled payments,148,5,
South Dakota,2022,202201,Prenatal visits,1062,35.9,
South Dakota,2022,202202,Postpartum bundled payments,119,4,
South Dakota,2022,202202,Postpartum visits,228,7.6,
South Dakota,2022,202202,Prenatal bundled payments,138,4.6,
South Dakota,2022,202202,Prenatal visits,956,32,
South Dakota,2022,202203,Postpartum bundled payments,178,5.9,
South Dakota,2022,202203,Postpartum visits,248,8.2,
South Dakota,2022,202203,Prenatal bundled payments,182,6,
South Dakota,2022,202203,Prenatal visits,1202,39.7,
South Dakota,2022,202204,Postpartum bundled payments,179,5.9,
South Dakota,2022,202204,Postpartum visits,238,7.8,
South Dakota,2022,202204,Prenatal bundled payments,166,5.4,
South Dakota,2022,202204,Prenatal visits,1114,36.5,
South Dakota,2022,202205,Postpartum bundled payments,191,6.2,
South Dakota,2022,202205,Postpartum visits,216,7,
South Dakota,2022,202205,Prenatal bundled payments,209,6.8,
South Dakota,2022,202205,Prenatal visits,1124,36.4,
South Dakota,2022,202206,Postpartum bundled payments,171,5.5,
South Dakota,2022,202206,Postpartum visits,245,7.8,
South Dakota,2022,202206,Prenatal bundled payments,200,6.4,
South Dakota,2022,202206,Prenatal visits,1173,37.5,
South Dakota,2022,202207,Postpartum bundled payments,180,5.7,
South Dakota,2022,202207,Postpartum visits,197,6.2,
South Dakota,2022,202207,Prenatal bundled payments,188,5.9,
South Dakota,2022,202207,Prenatal visits,1111,35.1,
South Dakota,2022,202208,Postpartum bundled payments,187,5.8,
South Dakota,2022,202208,Postpartum visits,296,9.2,
South Dakota,2022,202208,Prenatal bundled payments,212,6.6,
South Dakota,2022,202208,Prenatal visits,1269,39.6,
South Dakota,2022,202209,Postpartum bundled payments,161,5,
South Dakota,2022,202209,Postpartum visits,240,7.4,
South Dakota,2022,202209,Prenatal bundled payments,168,5.2,
South Dakota,2022,202209,Prenatal visits,1060,32.8,
South Dakota,2022,202210,Postpartum bundled payments,159,4.9,
South Dakota,2022,202210,Postpartum visits,251,7.7,
South Dakota,2022,202210,Prenatal bundled payments,165,5.1,
South Dakota,2022,202210,Prenatal visits,1121,34.4,
South Dakota,2022,202211,Postpartum bundled payments,158,4.8,
South Dakota,2022,202211,Postpartum visits,213,6.5,
South Dakota,2022,202211,Prenatal bundled payments,162,4.9,
South Dakota,2022,202211,Prenatal visits,1010,30.6,
South Dakota,2022,202212,Postpartum bundled payments,170,5.1,
South Dakota,2022,202212,Postpartum visits,149,4.5,
South Dakota,2022,202212,Prenatal bundled payments,179,5.4,
South Dakota,2022,202212,Prenatal visits,870,26.2,
Tennessee,2018,201801,Postpartum bundled payments,2954,4.8,
Tennessee,2018,201801,Postpartum visits,8903,14.5,
Tennessee,2018,201801,Prenatal bundled payments,3056,5,
Tennessee,2018,201801,Prenatal visits,18247,29.7,
Tennessee,2018,201802,Postpartum bundled payments,2569,4.2,
Tennessee,2018,201802,Postpartum visits,8918,14.7,
Tennessee,2018,201802,Prenatal bundled payments,2648,4.4,
Tennessee,2018,201802,Prenatal visits,16956,27.9,
Tennessee,2018,201803,Postpartum bundled payments,2793,4.6,
Tennessee,2018,201803,Postpartum visits,9264,15.3,
Tennessee,2018,201803,Prenatal bundled payments,2934,4.8,
Tennessee,2018,201803,Prenatal visits,18401,30.3,
Tennessee,2018,201804,Postpartum bundled payments,2535,4.2,
Tennessee,2018,201804,Postpartum visits,9573,16,
Tennessee,2018,201804,Prenatal bundled payments,2665,4.4,
Tennessee,2018,201804,Prenatal visits,17782,29.7,
Tennessee,2018,201805,Postpartum bundled payments,2693,4.5,
Tennessee,2018,201805,Postpartum visits,9153,15.3,
Tennessee,2018,201805,Prenatal bundled payments,2925,4.9,
Tennessee,2018,201805,Prenatal visits,18987,31.8,
Tennessee,2018,201806,Postpartum bundled payments,2663,4.5,
Tennessee,2018,201806,Postpartum visits,8614,14.6,
Tennessee,2018,201806,Prenatal bundled payments,2869,4.9,
Tennessee,2018,201806,Prenatal visits,17828,30.3,
Tennessee,2018,201807,Postpartum bundled payments,2867,4.9,
Tennessee,2018,201807,Postpartum visits,8699,15,
Tennessee,2018,201807,Prenatal bundled payments,3040,5.2,
Tennessee,2018,201807,Prenatal visits,18704,32.3,
Tennessee,2018,201808,Postpartum bundled payments,3066,5.3,
Tennessee,2018,201808,Postpartum visits,10098,17.6,
Tennessee,2018,201808,Prenatal bundled payments,3234,5.6,
Tennessee,2018,201808,Prenatal visits,19902,34.6,
Tennessee,2018,201809,Postpartum bundled payments,2881,5.1,
Tennessee,2018,201809,Postpartum visits,8391,15,
Tennessee,2018,201809,Prenatal bundled payments,2934,5.2,
Tennessee,2018,201809,Prenatal visits,17046,30.4,
Tennessee,2018,201810,Postpartum bundled payments,2825,4.9,
Tennessee,2018,201810,Postpartum visits,9451,16.5,
Tennessee,2018,201810,Prenatal bundled payments,2879,5,
Tennessee,2018,201810,Prenatal visits,19769,34.5,
Tennessee,2018,201811,Postpartum bundled payments,2732,5,
Tennessee,2018,201811,Postpartum visits,8323,15.1,
Tennessee,2018,201811,Prenatal bundled payments,2839,5.2,
Tennessee,2018,201811,Prenatal visits,17740,32.2,
Tennessee,2018,201812,Postpartum bundled payments,2552,5.6,
Tennessee,2018,201812,Postpartum visits,6077,13.4,
Tennessee,2018,201812,Prenatal bundled payments,2674,5.9,
Tennessee,2018,201812,Prenatal visits,14790,32.7,
Tennessee,2019,201901,Postpartum bundled payments,3044,4.1,Unusable
Tennessee,2019,201901,Postpartum visits,6706,9.1,Unusable
Tennessee,2019,201901,Prenatal bundled payments,3168,4.3,Unusable
Tennessee,2019,201901,Prenatal visits,17500,23.8,Unusable
Tennessee,2019,201902,Postpartum bundled payments,2517,3.4,Unusable
Tennessee,2019,201902,Postpartum visits,6110,8.2,Unusable
Tennessee,2019,201902,Prenatal bundled payments,2682,3.6,Unusable
Tennessee,2019,201902,Prenatal visits,15240,20.6,Unusable
Tennessee,2019,201903,Postpartum bundled payments,2692,3.6,Unusable
Tennessee,2019,201903,Postpartum visits,6187,8.3,Unusable
Tennessee,2019,201903,Prenatal bundled payments,2866,3.8,Unusable
Tennessee,2019,201903,Prenatal visits,16177,21.6,Unusable
Tennessee,2019,201904,Postpartum bundled payments,2836,3.8,Unusable
Tennessee,2019,201904,Postpartum visits,6873,9.1,Unusable
Tennessee,2019,201904,Prenatal bundled payments,2961,3.9,Unusable
Tennessee,2019,201904,Prenatal visits,18108,24,Unusable
Tennessee,2019,201905,Postpartum bundled payments,3047,4,Unusable
Tennessee,2019,201905,Postpartum visits,6680,8.8,Unusable
Tennessee,2019,201905,Prenatal bundled payments,3264,4.3,Unusable
Tennessee,2019,201905,Prenatal visits,18404,24.2,Unusable
Tennessee,2019,201906,Postpartum bundled payments,2744,3.6,Unusable
Tennessee,2019,201906,Postpartum visits,6301,8.2,Unusable
Tennessee,2019,201906,Prenatal bundled payments,2939,3.8,Unusable
Tennessee,2019,201906,Prenatal visits,16566,21.7,Unusable
Tennessee,2019,201907,Postpartum bundled payments,2998,3.9,Unusable
Tennessee,2019,201907,Postpartum visits,6788,8.8,Unusable
Tennessee,2019,201907,Prenatal bundled payments,3287,4.3,Unusable
Tennessee,2019,201907,Prenatal visits,18325,23.8,Unusable
Tennessee,2019,201908,Postpartum bundled payments,3120,4.1,Unusable
Tennessee,2019,201908,Postpartum visits,7150,9.3,Unusable
Tennessee,2019,201908,Prenatal bundled payments,3318,4.3,Unusable
Tennessee,2019,201908,Prenatal visits,18046,23.5,Unusable
Tennessee,2019,201909,Postpartum bundled payments,2973,3.9,Unusable
Tennessee,2019,201909,Postpartum visits,6472,8.4,Unusable
Tennessee,2019,201909,Prenatal bundled payments,3236,4.2,Unusable
Tennessee,2019,201909,Prenatal visits,16917,22.1,Unusable
Tennessee,2019,201910,Postpartum bundled payments,2975,3.9,Unusable
Tennessee,2019,201910,Postpartum visits,7227,9.5,Unusable
Tennessee,2019,201910,Prenatal bundled payments,3219,4.2,Unusable
Tennessee,2019,201910,Prenatal visits,18660,24.5,Unusable
Tennessee,2019,201911,Postpartum bundled payments,2773,3.7,Unusable
Tennessee,2019,201911,Postpartum visits,5679,7.5,Unusable
Tennessee,2019,201911,Prenatal bundled payments,2938,3.9,Unusable
Tennessee,2019,201911,Prenatal visits,15385,20.3,Unusable
Tennessee,2019,201912,Postpartum bundled payments,3077,4.1,Unusable
Tennessee,2019,201912,Postpartum visits,5886,7.8,Unusable
Tennessee,2019,201912,Prenatal bundled payments,3415,4.5,Unusable
Tennessee,2019,201912,Prenatal visits,16222,21.5,Unusable
Tennessee,2020,202001,Postpartum bundled payments,3109,4.1,Unusable
Tennessee,2020,202001,Postpartum visits,7227,9.6,Unusable
Tennessee,2020,202001,Prenatal bundled payments,3355,4.4,Unusable
Tennessee,2020,202001,Prenatal visits,18045,23.8,Unusable
Tennessee,2020,202002,Postpartum bundled payments,2720,3.6,Unusable
Tennessee,2020,202002,Postpartum visits,6267,8.3,Unusable
Tennessee,2020,202002,Prenatal bundled payments,2855,3.8,Unusable
Tennessee,2020,202002,Prenatal visits,16172,21.5,Unusable
Tennessee,2020,202003,Postpartum bundled payments,2851,3.8,Unusable
Tennessee,2020,202003,Postpartum visits,5219,7,Unusable
Tennessee,2020,202003,Prenatal bundled payments,3059,4.1,Unusable
Tennessee,2020,202003,Prenatal visits,17259,23.1,Unusable
Tennessee,2020,202004,Postpartum bundled payments,2825,3.8,Unusable
Tennessee,2020,202004,Postpartum visits,3979,5.4,Unusable
Tennessee,2020,202004,Prenatal bundled payments,2996,4,Unusable
Tennessee,2020,202004,Prenatal visits,17144,23.1,Unusable
Tennessee,2020,202005,Postpartum bundled payments,2777,3.7,Unusable
Tennessee,2020,202005,Postpartum visits,4973,6.6,Unusable
Tennessee,2020,202005,Prenatal bundled payments,2931,3.9,Unusable
Tennessee,2020,202005,Prenatal visits,16936,22.6,Unusable
Tennessee,2020,202006,Postpartum bundled payments,2953,3.9,Unusable
Tennessee,2020,202006,Postpartum visits,6352,8.4,Unusable
Tennessee,2020,202006,Prenatal bundled payments,3245,4.3,Unusable
Tennessee,2020,202006,Prenatal visits,18985,25,Unusable
Tennessee,2020,202007,Postpartum bundled payments,3019,4.5,Unusable
Tennessee,2020,202007,Postpartum visits,6452,9.6,Unusable
Tennessee,2020,202007,Prenatal bundled payments,3274,4.9,Unusable
Tennessee,2020,202007,Prenatal visits,18917,28.3,Unusable
Tennessee,2020,202008,Postpartum bundled payments,3032,4.5,Unusable
Tennessee,2020,202008,Postpartum visits,6658,9.8,Unusable
Tennessee,2020,202008,Prenatal bundled payments,3313,4.9,Unusable
Tennessee,2020,202008,Prenatal visits,17923,26.5,Unusable
Tennessee,2020,202009,Postpartum bundled payments,3053,4.5,Unusable
Tennessee,2020,202009,Postpartum visits,7053,10.3,Unusable
Tennessee,2020,202009,Prenatal bundled payments,3320,4.9,Unusable
Tennessee,2020,202009,Prenatal visits,18226,26.6,Unusable
Tennessee,2020,202010,Postpartum bundled payments,2905,4.2,Unusable
Tennessee,2020,202010,Postpartum visits,6901,10,Unusable
Tennessee,2020,202010,Prenatal bundled payments,3077,4.4,Unusable
Tennessee,2020,202010,Prenatal visits,18759,27.1,Unusable
Tennessee,2020,202011,Postpartum bundled payments,2731,3.9,Unusable
Tennessee,2020,202011,Postpartum visits,5971,8.5,Unusable
Tennessee,2020,202011,Prenatal bundled payments,2967,4.2,Unusable
Tennessee,2020,202011,Prenatal visits,16880,24.2,Unusable
Tennessee,2020,202012,Postpartum bundled payments,3054,4.3,Unusable
Tennessee,2020,202012,Postpartum visits,6298,8.9,Unusable
Tennessee,2020,202012,Prenatal bundled payments,3474,4.9,Unusable
Tennessee,2020,202012,Prenatal visits,18862,26.7,Unusable
Tennessee,2021,202101,Postpartum bundled payments,2907,4.1,Unusable
Tennessee,2021,202101,Postpartum visits,6970,9.8,Unusable
Tennessee,2021,202101,Prenatal bundled payments,3092,4.3,Unusable
Tennessee,2021,202101,Prenatal visits,18177,25.5,Unusable
Tennessee,2021,202102,Postpartum bundled payments,2682,3.7,Unusable
Tennessee,2021,202102,Postpartum visits,5786,8.1,Unusable
Tennessee,2021,202102,Prenatal bundled payments,2855,4,Unusable
Tennessee,2021,202102,Prenatal visits,16235,22.6,Unusable
Tennessee,2021,202103,Postpartum bundled payments,2857,4,Unusable
Tennessee,2021,202103,Postpartum visits,7718,10.7,Unusable
Tennessee,2021,202103,Prenatal bundled payments,3138,4.3,Unusable
Tennessee,2021,202103,Prenatal visits,20568,28.5,Unusable
Tennessee,2021,202104,Postpartum bundled payments,2678,3.7,Unusable
Tennessee,2021,202104,Postpartum visits,6971,9.6,Unusable
Tennessee,2021,202104,Prenatal bundled payments,2968,4.1,Unusable
Tennessee,2021,202104,Prenatal visits,19191,26.4,Unusable
Tennessee,2021,202105,Postpartum bundled payments,2760,6.2,
Tennessee,2021,202105,Postpartum visits,6161,13.9,
Tennessee,2021,202105,Prenatal bundled payments,2999,6.8,
Tennessee,2021,202105,Prenatal visits,18360,41.5,
Tennessee,2021,202106,Postpartum bundled payments,2978,6.7,
Tennessee,2021,202106,Postpartum visits,6832,15.4,
Tennessee,2021,202106,Prenatal bundled payments,3301,7.4,
Tennessee,2021,202106,Prenatal visits,20134,45.3,
Tennessee,2021,202107,Postpartum bundled payments,3024,6.7,
Tennessee,2021,202107,Postpartum visits,6782,15.1,
Tennessee,2021,202107,Prenatal bundled payments,3273,7.3,
Tennessee,2021,202107,Prenatal visits,19089,42.6,
Tennessee,2021,202108,Postpartum bundled payments,2945,6.5,
Tennessee,2021,202108,Postpartum visits,7114,15.7,
Tennessee,2021,202108,Prenatal bundled payments,3238,7.2,
Tennessee,2021,202108,Prenatal visits,19751,43.6,
Tennessee,2021,202109,Postpartum bundled payments,2955,6.5,
Tennessee,2021,202109,Postpartum visits,6565,14.4,
Tennessee,2021,202109,Prenatal bundled payments,3240,7.1,
Tennessee,2021,202109,Prenatal visits,18871,41.4,
Tennessee,2021,202110,Postpartum bundled payments,2810,6.1,
Tennessee,2021,202110,Postpartum visits,6522,14.2,
Tennessee,2021,202110,Prenatal bundled payments,3057,6.7,
Tennessee,2021,202110,Prenatal visits,17702,38.5,
Tennessee,2021,202111,Postpartum bundled payments,2730,5.9,
Tennessee,2021,202111,Postpartum visits,6880,14.9,
Tennessee,2021,202111,Prenatal bundled payments,2952,6.4,
Tennessee,2021,202111,Prenatal visits,18466,39.9,
Tennessee,2021,202112,Postpartum bundled payments,2942,6.3,
Tennessee,2021,202112,Postpartum visits,6284,13.5,
Tennessee,2021,202112,Prenatal bundled payments,3273,7,
Tennessee,2021,202112,Prenatal visits,18672,40,
Tennessee,2022,202201,Postpartum bundled payments,2958,6.3,
Tennessee,2022,202201,Postpartum visits,6333,13.5,
Tennessee,2022,202201,Prenatal bundled payments,3270,6.9,
Tennessee,2022,202201,Prenatal visits,18205,38.7,
Tennessee,2022,202202,Postpartum bundled payments,2545,5.4,
Tennessee,2022,202202,Postpartum visits,6660,14.1,
Tennessee,2022,202202,Prenatal bundled payments,2788,5.9,
Tennessee,2022,202202,Prenatal visits,17312,36.6,
Tennessee,2022,202203,Postpartum bundled payments,2839,6,
Tennessee,2022,202203,Postpartum visits,7734,16.3,
Tennessee,2022,202203,Prenatal bundled payments,3062,6.4,
Tennessee,2022,202203,Prenatal visits,20143,42.3,
Tennessee,2022,202204,Postpartum bundled payments,2555,5.4,
Tennessee,2022,202204,Postpartum visits,6761,14.2,
Tennessee,2022,202204,Prenatal bundled payments,2806,5.9,
Tennessee,2022,202204,Prenatal visits,18316,38.5,
Tennessee,2022,202205,Postpartum bundled payments,2587,5.4,
Tennessee,2022,202205,Postpartum visits,7014,14.7,
Tennessee,2022,202205,Prenatal bundled payments,2940,6.2,
Tennessee,2022,202205,Prenatal visits,19114,40,
Tennessee,2022,202206,Postpartum bundled payments,2735,5.7,
Tennessee,2022,202206,Postpartum visits,7223,15,
Tennessee,2022,202206,Prenatal bundled payments,3135,6.5,
Tennessee,2022,202206,Prenatal visits,19684,41,
Tennessee,2022,202207,Postpartum bundled payments,2805,5.8,
Tennessee,2022,202207,Postpartum visits,6678,13.8,
Tennessee,2022,202207,Prenatal bundled payments,3011,6.2,
Tennessee,2022,202207,Prenatal visits,18397,38.1,
Tennessee,2022,202208,Postpartum bundled payments,3040,6.2,
Tennessee,2022,202208,Postpartum visits,8237,16.9,
Tennessee,2022,202208,Prenatal bundled payments,3246,6.7,
Tennessee,2022,202208,Prenatal visits,20654,42.4,
Tennessee,2022,202209,Postpartum bundled payments,2923,6,
Tennessee,2022,202209,Postpartum visits,7392,15.1,
Tennessee,2022,202209,Prenatal bundled payments,3173,6.5,
Tennessee,2022,202209,Prenatal visits,18644,38.1,
Tennessee,2022,202210,Postpartum bundled payments,2663,5.4,
Tennessee,2022,202210,Postpartum visits,7283,14.8,
Tennessee,2022,202210,Prenatal bundled payments,3002,6.1,
Tennessee,2022,202210,Prenatal visits,18343,37.2,
Tennessee,2022,202211,Postpartum bundled payments,2839,5.7,
Tennessee,2022,202211,Postpartum visits,7107,14.3,
Tennessee,2022,202211,Prenatal bundled payments,3039,6.1,
Tennessee,2022,202211,Prenatal visits,18644,37.6,
Tennessee,2022,202212,Postpartum bundled payments,2987,6,
Tennessee,2022,202212,Postpartum visits,6672,13.4,
Tennessee,2022,202212,Prenatal bundled payments,3163,6.3,
Tennessee,2022,202212,Prenatal visits,17480,35,
Texas,2018,201801,Postpartum bundled payments,1313,2,
Texas,2018,201801,Postpartum visits,23893,36.2,
Texas,2018,201801,Prenatal bundled payments,251,0.4,
Texas,2018,201801,Prenatal visits,156517,237.4,
Texas,2018,201802,Postpartum bundled payments,1153,1.8,
Texas,2018,201802,Postpartum visits,21581,32.9,
Texas,2018,201802,Prenatal bundled payments,228,0.3,
Texas,2018,201802,Prenatal visits,141075,215,
Texas,2018,201803,Postpartum bundled payments,1215,1.9,
Texas,2018,201803,Postpartum visits,22758,34.8,
Texas,2018,201803,Prenatal bundled payments,228,0.3,
Texas,2018,201803,Prenatal visits,150759,230.5,
Texas,2018,201804,Postpartum bundled payments,1183,1.8,
Texas,2018,201804,Postpartum visits,22696,34.7,
Texas,2018,201804,Prenatal bundled payments,238,0.4,
Texas,2018,201804,Prenatal visits,151167,231.1,
Texas,2018,201805,Postpartum bundled payments,1144,1.8,
Texas,2018,201805,Postpartum visits,23031,35.2,
Texas,2018,201805,Prenatal bundled payments,245,0.4,
Texas,2018,201805,Prenatal visits,166608,254.9,
Texas,2018,201806,Postpartum bundled payments,1252,1.9,
Texas,2018,201806,Postpartum visits,21701,33.4,
Texas,2018,201806,Prenatal bundled payments,249,0.4,
Texas,2018,201806,Prenatal visits,151691,233.3,
Texas,2018,201807,Postpartum bundled payments,1342,2.1,
Texas,2018,201807,Postpartum visits,23152,35.5,
Texas,2018,201807,Prenatal bundled payments,285,0.4,
Texas,2018,201807,Prenatal visits,160564,246.1,
Texas,2018,201808,Postpartum bundled payments,1426,2.2,
Texas,2018,201808,Postpartum visits,25484,39.1,
Texas,2018,201808,Prenatal bundled payments,282,0.4,
Texas,2018,201808,Prenatal visits,169338,259.6,
Texas,2018,201809,Postpartum bundled payments,1333,2.1,
Texas,2018,201809,Postpartum visits,22450,34.6,
Texas,2018,201809,Prenatal bundled payments,252,0.4,
Texas,2018,201809,Prenatal visits,143826,221.9,
Texas,2018,201810,Postpartum bundled payments,1397,2.2,
Texas,2018,201810,Postpartum visits,25985,40.2,
Texas,2018,201810,Prenatal bundled payments,231,0.4,
Texas,2018,201810,Prenatal visits,163359,253,
Texas,2018,201811,Postpartum bundled payments,1471,2.3,
Texas,2018,201811,Postpartum visits,22389,35.1,
Texas,2018,201811,Prenatal bundled payments,229,0.4,
Texas,2018,201811,Prenatal visits,147124,230.3,
Texas,2018,201812,Postpartum bundled payments,1484,2.3,
Texas,2018,201812,Postpartum visits,19955,31.5,
Texas,2018,201812,Prenatal bundled payments,270,0.4,
Texas,2018,201812,Prenatal visits,133428,210.9,
Texas,2019,201901,Postpartum bundled payments,1572,2.5,
Texas,2019,201901,Postpartum visits,25945,40.7,
Texas,2019,201901,Prenatal bundled payments,215,0.3,
Texas,2019,201901,Prenatal visits,161253,252.7,
Texas,2019,201902,Postpartum bundled payments,1465,2.3,
Texas,2019,201902,Postpartum visits,22246,35,
Texas,2019,201902,Prenatal bundled payments,213,0.3,
Texas,2019,201902,Prenatal visits,141659,223.1,
Texas,2019,201903,Postpartum bundled payments,1567,2.5,
Texas,2019,201903,Postpartum visits,21740,34.3,
Texas,2019,201903,Prenatal bundled payments,211,0.3,
Texas,2019,201903,Prenatal visits,146069,230.2,
Texas,2019,201904,Postpartum bundled payments,1467,2.3,
Texas,2019,201904,Postpartum visits,22342,35.5,
Texas,2019,201904,Prenatal bundled payments,241,0.4,
Texas,2019,201904,Prenatal visits,160690,255.1,
Texas,2019,201905,Postpartum bundled payments,1509,2.4,
Texas,2019,201905,Postpartum visits,22630,36,
Texas,2019,201905,Prenatal bundled payments,274,0.4,
Texas,2019,201905,Prenatal visits,164981,262.7,
Texas,2019,201906,Postpartum bundled payments,1400,2.2,
Texas,2019,201906,Postpartum visits,21143,33.6,
Texas,2019,201906,Prenatal bundled payments,234,0.4,
Texas,2019,201906,Prenatal visits,147587,234.7,
Texas,2019,201907,Postpartum bundled payments,1611,2.5,
Texas,2019,201907,Postpartum visits,23927,37.7,
Texas,2019,201907,Prenatal bundled payments,251,0.4,
Texas,2019,201907,Prenatal visits,167203,263.4,
Texas,2019,201908,Postpartum bundled payments,1742,2.7,
Texas,2019,201908,Postpartum visits,24520,38.7,
Texas,2019,201908,Prenatal bundled payments,254,0.4,
Texas,2019,201908,Prenatal visits,160741,253.5,
Texas,2019,201909,Postpartum bundled payments,1538,2.4,
Texas,2019,201909,Postpartum visits,24086,38.1,
Texas,2019,201909,Prenatal bundled payments,227,0.4,
Texas,2019,201909,Prenatal visits,149689,236.6,
Texas,2019,201910,Postpartum bundled payments,1493,2.4,
Texas,2019,201910,Postpartum visits,26496,41.9,
Texas,2019,201910,Prenatal bundled payments,181,0.3,
Texas,2019,201910,Prenatal visits,165754,262.4,
Texas,2019,201911,Postpartum bundled payments,1349,2.2,
Texas,2019,201911,Postpartum visits,20966,33.7,
Texas,2019,201911,Prenatal bundled payments,118,0.2,
Texas,2019,201911,Prenatal visits,137853,221.4,
Texas,2019,201912,Postpartum bundled payments,1465,2.4,
Texas,2019,201912,Postpartum visits,22230,35.8,
Texas,2019,201912,Prenatal bundled payments,183,0.3,
Texas,2019,201912,Prenatal visits,146144,235.4,
Texas,2020,202001,Postpartum bundled payments,1445,2.3,
Texas,2020,202001,Postpartum visits,25847,41.2,
Texas,2020,202001,Prenatal bundled payments,163,0.3,
Texas,2020,202001,Prenatal visits,157643,251.3,
Texas,2020,202002,Postpartum bundled payments,1207,1.3,
Texas,2020,202002,Postpartum visits,25194,27.4,
Texas,2020,202002,Prenatal bundled payments,153,0.2,
Texas,2020,202002,Prenatal visits,140652,153,
Texas,2020,202003,Postpartum bundled payments,1264,1.4,
Texas,2020,202003,Postpartum visits,25215,27.3,
Texas,2020,202003,Prenatal bundled payments,150,0.2,
Texas,2020,202003,Prenatal visits,148121,160.1,
Texas,2020,202004,Postpartum bundled payments,1235,1.3,
Texas,2020,202004,Postpartum visits,22700,23.3,
Texas,2020,202004,Prenatal bundled payments,127,0.1,
Texas,2020,202004,Prenatal visits,144712,148.8,
Texas,2020,202005,Postpartum bundled payments,1319,1.3,
Texas,2020,202005,Postpartum visits,25420,25.3,
Texas,2020,202005,Prenatal bundled payments,173,0.2,
Texas,2020,202005,Prenatal visits,141994,141.1,
Texas,2020,202006,Postpartum bundled payments,1421,1.4,
Texas,2020,202006,Postpartum visits,30504,29.4,
Texas,2020,202006,Prenatal bundled payments,155,0.1,
Texas,2020,202006,Prenatal visits,159471,153.4,
Texas,2020,202007,Postpartum bundled payments,1479,1.4,
Texas,2020,202007,Postpartum visits,30476,28.5,
Texas,2020,202007,Prenatal bundled payments,178,0.2,
Texas,2020,202007,Prenatal visits,162438,151.8,
Texas,2020,202008,Postpartum bundled payments,1386,1.3,
Texas,2020,202008,Postpartum visits,31155,28.3,
Texas,2020,202008,Prenatal bundled payments,190,0.2,
Texas,2020,202008,Prenatal visits,153998,140,
Texas,2020,202009,Postpartum bundled payments,1393,1.2,
Texas,2020,202009,Postpartum visits,34119,30.3,
Texas,2020,202009,Prenatal bundled payments,176,0.2,
Texas,2020,202009,Prenatal visits,162858,144.6,
Texas,2020,202010,Postpartum bundled payments,1303,1.1,
Texas,2020,202010,Postpartum visits,34293,29.7,
Texas,2020,202010,Prenatal bundled payments,185,0.2,
Texas,2020,202010,Prenatal visits,158364,137,
Texas,2020,202011,Postpartum bundled payments,1169,1,
Texas,2020,202011,Postpartum visits,30684,26,
Texas,2020,202011,Prenatal bundled payments,167,0.1,
Texas,2020,202011,Prenatal visits,142956,120.9,
Texas,2020,202012,Postpartum bundled payments,1320,1.1,
Texas,2020,202012,Postpartum visits,32018,26.5,
Texas,2020,202012,Prenatal bundled payments,227,0.2,
Texas,2020,202012,Prenatal visits,154981,128.4,
Texas,2021,202101,Postpartum bundled payments,1155,0.9,
Texas,2021,202101,Postpartum visits,32445,26.3,
Texas,2021,202101,Prenatal bundled payments,156,0.1,
Texas,2021,202101,Prenatal visits,143344,116.3,
Texas,2021,202102,Postpartum bundled payments,1100,0.9,
Texas,2021,202102,Postpartum visits,26538,21.2,
Texas,2021,202102,Prenatal bundled payments,159,0.1,
Texas,2021,202102,Prenatal visits,126837,101.2,
Texas,2021,202103,Postpartum bundled payments,1136,0.9,
Texas,2021,202103,Postpartum visits,35750,27.9,
Texas,2021,202103,Prenatal bundled payments,176,0.1,
Texas,2021,202103,Prenatal visits,165745,129.5,
Texas,2021,202104,Postpartum bundled payments,1063,0.8,
Texas,2021,202104,Postpartum visits,32854,25.1,
Texas,2021,202104,Prenatal bundled payments,154,0.1,
Texas,2021,202104,Prenatal visits,158554,121.3,
Texas,2021,202105,Postpartum bundled payments,1065,0.8,
Texas,2021,202105,Postpartum visits,30635,23,
Texas,2021,202105,Prenatal bundled payments,163,0.1,
Texas,2021,202105,Prenatal visits,151842,114,
Texas,2021,202106,Postpartum bundled payments,1165,0.9,
Texas,2021,202106,Postpartum visits,33075,24.4,
Texas,2021,202106,Prenatal bundled payments,175,0.1,
Texas,2021,202106,Prenatal visits,173873,128.2,
Texas,2021,202107,Postpartum bundled payments,1248,0.9,
Texas,2021,202107,Postpartum visits,33017,23.9,
Texas,2021,202107,Prenatal bundled payments,167,0.1,
Texas,2021,202107,Prenatal visits,163583,118.5,
Texas,2021,202108,Postpartum bundled payments,1173,0.8,
Texas,2021,202108,Postpartum visits,34020,24.2,
Texas,2021,202108,Prenatal bundled payments,192,0.1,
Texas,2021,202108,Prenatal visits,166883,118.7,
Texas,2021,202109,Postpartum bundled payments,1215,0.9,
Texas,2021,202109,Postpartum visits,34050,23.8,
Texas,2021,202109,Prenatal bundled payments,165,0.1,
Texas,2021,202109,Prenatal visits,162650,113.9,
Texas,2021,202110,Postpartum bundled payments,1159,0.8,
Texas,2021,202110,Postpartum visits,33714,23.3,
Texas,2021,202110,Prenatal bundled payments,160,0.1,
Texas,2021,202110,Prenatal visits,152305,105.1,
Texas,2021,202111,Postpartum bundled payments,1120,0.8,
Texas,2021,202111,Postpartum visits,31888,21.7,
Texas,2021,202111,Prenatal bundled payments,183,0.1,
Texas,2021,202111,Prenatal visits,155442,105.9,
Texas,2021,202112,Postpartum bundled payments,1138,0.8,
Texas,2021,202112,Postpartum visits,31166,21,
Texas,2021,202112,Prenatal bundled payments,170,0.1,
Texas,2021,202112,Prenatal visits,154789,104.1,
Texas,2022,202201,Postpartum bundled payments,1065,0.7,
Texas,2022,202201,Postpartum visits,32138,21.2,
Texas,2022,202201,Prenatal bundled payments,159,0.1,
Texas,2022,202201,Prenatal visits,150342,99.4,
Texas,2022,202202,Postpartum bundled payments,987,0.6,
Texas,2022,202202,Postpartum visits,29917,19.5,
Texas,2022,202202,Prenatal bundled payments,167,0.1,
Texas,2022,202202,Prenatal visits,142243,92.7,
Texas,2022,202203,Postpartum bundled payments,1092,0.7,
Texas,2022,202203,Postpartum visits,35322,22.7,
Texas,2022,202203,Prenatal bundled payments,170,0.1,
Texas,2022,202203,Prenatal visits,171316,110,
Texas,2022,202204,Postpartum bundled payments,1061,0.7,
Texas,2022,202204,Postpartum visits,32177,20.4,
Texas,2022,202204,Prenatal bundled payments,153,0.1,
Texas,2022,202204,Prenatal visits,155630,98.5,
Texas,2022,202205,Postpartum bundled payments,1003,0.6,
Texas,2022,202205,Postpartum visits,32312,20.2,
Texas,2022,202205,Prenatal bundled payments,163,0.1,
Texas,2022,202205,Prenatal visits,164033,102.5,
Texas,2022,202206,Postpartum bundled payments,1106,0.7,
Texas,2022,202206,Postpartum visits,33192,20.5,
Texas,2022,202206,Prenatal bundled payments,169,0.1,
Texas,2022,202206,Prenatal visits,173288,107,
Texas,2022,202207,Postpartum bundled payments,1109,0.7,
Texas,2022,202207,Postpartum visits,30483,18.6,
Texas,2022,202207,Prenatal bundled payments,170,0.1,
Texas,2022,202207,Prenatal visits,155528,95,
Texas,2022,202208,Postpartum bundled payments,1223,0.7,
Texas,2022,202208,Postpartum visits,37816,22.8,
Texas,2022,202208,Prenatal bundled payments,212,0.1,
Texas,2022,202208,Prenatal visits,176862,106.6,
Texas,2022,202209,Postpartum bundled payments,1115,0.7,
Texas,2022,202209,Postpartum visits,35264,21,
Texas,2022,202209,Prenatal bundled payments,147,0.1,
Texas,2022,202209,Prenatal visits,159759,95.3,
Texas,2022,202210,Postpartum bundled payments,1041,0.6,
Texas,2022,202210,Postpartum visits,34219,20.2,
Texas,2022,202210,Prenatal bundled payments,139,0.1,
Texas,2022,202210,Prenatal visits,154744,91.3,
Texas,2022,202211,Postpartum bundled payments,1056,0.6,
Texas,2022,202211,Postpartum visits,32468,19,
Texas,2022,202211,Prenatal bundled payments,148,0.1,
Texas,2022,202211,Prenatal visits,156900,91.7,
Texas,2022,202212,Postpartum bundled payments,1116,0.6,
Texas,2022,202212,Postpartum visits,31855,18.4,
Texas,2022,202212,Prenatal bundled payments,137,0.1,
Texas,2022,202212,Prenatal visits,146511,84.8,
Utah,2018,201801,Postpartum bundled payments,648,11.2,Unusable
Utah,2018,201801,Postpartum visits,1023,17.7,Unusable
Utah,2018,201801,Prenatal bundled payments,710,12.3,Unusable
Utah,2018,201801,Prenatal visits,1408,24.4,Unusable
Utah,2018,201802,Postpartum bundled payments,546,9.4,Unusable
Utah,2018,201802,Postpartum visits,946,16.2,Unusable
Utah,2018,201802,Prenatal bundled payments,569,9.7,Unusable
Utah,2018,201802,Prenatal visits,1235,21.2,Unusable
Utah,2018,201803,Postpartum bundled payments,653,11.2,Unusable
Utah,2018,201803,Postpartum visits,1029,17.6,Unusable
Utah,2018,201803,Prenatal bundled payments,676,11.6,Unusable
Utah,2018,201803,Prenatal visits,1410,24.1,Unusable
Utah,2018,201804,Postpartum bundled payments,614,10.5,Unusable
Utah,2018,201804,Postpartum visits,996,17.1,Unusable
Utah,2018,201804,Prenatal bundled payments,651,11.2,Unusable
Utah,2018,201804,Prenatal visits,1272,21.8,Unusable
Utah,2018,201805,Postpartum bundled payments,624,10.8,Unusable
Utah,2018,201805,Postpartum visits,1034,17.8,Unusable
Utah,2018,201805,Prenatal bundled payments,672,11.6,Unusable
Utah,2018,201805,Prenatal visits,1325,22.9,Unusable
Utah,2018,201806,Postpartum bundled payments,605,10.5,Unusable
Utah,2018,201806,Postpartum visits,949,16.5,Unusable
Utah,2018,201806,Prenatal bundled payments,648,11.2,Unusable
Utah,2018,201806,Prenatal visits,1232,21.4,Unusable
Utah,2018,201807,Postpartum bundled payments,590,10.3,Unusable
Utah,2018,201807,Postpartum visits,951,16.6,Unusable
Utah,2018,201807,Prenatal bundled payments,640,11.2,Unusable
Utah,2018,201807,Prenatal visits,1305,22.7,Unusable
Utah,2018,201808,Postpartum bundled payments,625,10.7,Unusable
Utah,2018,201808,Postpartum visits,1026,17.5,Unusable
Utah,2018,201808,Prenatal bundled payments,674,11.5,Unusable
Utah,2018,201808,Prenatal visits,1272,21.7,Unusable
Utah,2018,201809,Postpartum bundled payments,541,9.3,Unusable
Utah,2018,201809,Postpartum visits,947,16.4,Unusable
Utah,2018,201809,Prenatal bundled payments,567,9.8,Unusable
Utah,2018,201809,Prenatal visits,1158,20,Unusable
Utah,2018,201810,Postpartum bundled payments,536,9.3,Unusable
Utah,2018,201810,Postpartum visits,961,16.7,Unusable
Utah,2018,201810,Prenatal bundled payments,559,9.7,Unusable
Utah,2018,201810,Prenatal visits,1149,20,Unusable
Utah,2018,201811,Postpartum bundled payments,361,6.2,Unusable
Utah,2018,201811,Postpartum visits,605,10.4,Unusable
Utah,2018,201811,Prenatal bundled payments,398,6.9,Unusable
Utah,2018,201811,Prenatal visits,599,10.3,Unusable
Utah,2018,201812,Postpartum bundled payments,495,8.6,Unusable
Utah,2018,201812,Postpartum visits,718,12.5,Unusable
Utah,2018,201812,Prenatal bundled payments,549,9.5,Unusable
Utah,2018,201812,Prenatal visits,945,16.4,Unusable
Utah,2019,201901,Postpartum bundled payments,745,12.9,
Utah,2019,201901,Postpartum visits,985,17.1,
Utah,2019,201901,Prenatal bundled payments,791,13.7,
Utah,2019,201901,Prenatal visits,1793,31,
Utah,2019,201902,Postpartum bundled payments,715,12.5,
Utah,2019,201902,Postpartum visits,824,14.4,
Utah,2019,201902,Prenatal bundled payments,758,13.2,
Utah,2019,201902,Prenatal visits,1521,26.5,
Utah,2019,201903,Postpartum bundled payments,705,12.3,
Utah,2019,201903,Postpartum visits,984,17.2,
Utah,2019,201903,Prenatal bundled payments,739,12.9,
Utah,2019,201903,Prenatal visits,1655,29,
Utah,2019,201904,Postpartum bundled payments,658,11.2,
Utah,2019,201904,Postpartum visits,982,16.7,
Utah,2019,201904,Prenatal bundled payments,728,12.4,
Utah,2019,201904,Prenatal visits,1651,28.1,
Utah,2019,201905,Postpartum bundled payments,681,11.4,
Utah,2019,201905,Postpartum visits,978,16.4,
Utah,2019,201905,Prenatal bundled payments,730,12.3,
Utah,2019,201905,Prenatal visits,1598,26.9,
Utah,2019,201906,Postpartum bundled payments,607,10.2,
Utah,2019,201906,Postpartum visits,790,13.3,
Utah,2019,201906,Prenatal bundled payments,655,11,
Utah,2019,201906,Prenatal visits,1476,24.9,
Utah,2019,201907,Postpartum bundled payments,546,9.1,
Utah,2019,201907,Postpartum visits,733,12.2,
Utah,2019,201907,Prenatal bundled payments,602,10.1,
Utah,2019,201907,Prenatal visits,1245,20.8,
Utah,2019,201908,Postpartum bundled payments,661,11,
Utah,2019,201908,Postpartum visits,831,13.8,
Utah,2019,201908,Prenatal bundled payments,721,12,
Utah,2019,201908,Prenatal visits,1291,21.4,
Utah,2019,201909,Postpartum bundled payments,692,11.5,
Utah,2019,201909,Postpartum visits,909,15.1,
Utah,2019,201909,Prenatal bundled payments,727,12.1,
Utah,2019,201909,Prenatal visits,1444,23.9,
Utah,2019,201910,Postpartum bundled payments,743,12.3,
Utah,2019,201910,Postpartum visits,981,16.3,
Utah,2019,201910,Prenatal bundled payments,809,13.4,
Utah,2019,201910,Prenatal visits,1515,25.1,
Utah,2019,201911,Postpartum bundled payments,632,10.5,
Utah,2019,201911,Postpartum visits,873,14.4,
Utah,2019,201911,Prenatal bundled payments,689,11.4,
Utah,2019,201911,Prenatal visits,1381,22.9,
Utah,2019,201912,Postpartum bundled payments,678,11.1,
Utah,2019,201912,Postpartum visits,832,13.7,
Utah,2019,201912,Prenatal bundled payments,739,12.1,
Utah,2019,201912,Prenatal visits,1328,21.8,
Utah,2020,202001,Postpartum bundled payments,686,11,
Utah,2020,202001,Postpartum visits,943,15.2,
Utah,2020,202001,Prenatal bundled payments,754,12.1,
Utah,2020,202001,Prenatal visits,1448,23.3,
Utah,2020,202002,Postpartum bundled payments,677,10.8,
Utah,2020,202002,Postpartum visits,826,13.2,
Utah,2020,202002,Prenatal bundled payments,720,11.5,
Utah,2020,202002,Prenatal visits,1360,21.8,
Utah,2020,202003,Postpartum bundled payments,734,11.6,
Utah,2020,202003,Postpartum visits,808,12.7,
Utah,2020,202003,Prenatal bundled payments,791,12.5,
Utah,2020,202003,Prenatal visits,1374,21.7,
Utah,2020,202004,Postpartum bundled payments,685,10.2,
Utah,2020,202004,Postpartum visits,811,12,
Utah,2020,202004,Prenatal bundled payments,735,10.9,
Utah,2020,202004,Prenatal visits,1283,19,
Utah,2020,202005,Postpartum bundled payments,681,9.7,
Utah,2020,202005,Postpartum visits,851,12.1,
Utah,2020,202005,Prenatal bundled payments,717,10.2,
Utah,2020,202005,Prenatal visits,1411,20.1,
Utah,2020,202006,Postpartum bundled payments,697,9.5,
Utah,2020,202006,Postpartum visits,1024,13.9,
Utah,2020,202006,Prenatal bundled payments,758,10.3,
Utah,2020,202006,Prenatal visits,1511,20.6,
Utah,2020,202007,Postpartum bundled payments,720,9.4,
Utah,2020,202007,Postpartum visits,1038,13.6,
Utah,2020,202007,Prenatal bundled payments,787,10.3,
Utah,2020,202007,Prenatal visits,1592,20.8,
Utah,2020,202008,Postpartum bundled payments,725,9.1,
Utah,2020,202008,Postpartum visits,1119,14,
Utah,2020,202008,Prenatal bundled payments,778,9.7,
Utah,2020,202008,Prenatal visits,1491,18.7,
Utah,2020,202009,Postpartum bundled payments,654,7.9,
Utah,2020,202009,Postpartum visits,1071,13,
Utah,2020,202009,Prenatal bundled payments,687,8.3,
Utah,2020,202009,Prenatal visits,1511,18.3,
Utah,2020,202010,Postpartum bundled payments,675,7.9,
Utah,2020,202010,Postpartum visits,1082,12.7,
Utah,2020,202010,Prenatal bundled payments,726,8.5,
Utah,2020,202010,Prenatal visits,1604,18.9,
Utah,2020,202011,Postpartum bundled payments,583,6.6,
Utah,2020,202011,Postpartum visits,1000,11.4,
Utah,2020,202011,Prenatal bundled payments,617,7,
Utah,2020,202011,Prenatal visits,1599,18.2,
Utah,2020,202012,Postpartum bundled payments,638,7,
Utah,2020,202012,Postpartum visits,968,10.6,
Utah,2020,202012,Prenatal bundled payments,676,7.4,
Utah,2020,202012,Prenatal visits,1625,17.9,
Utah,2021,202101,Postpartum bundled payments,656,7,
Utah,2021,202101,Postpartum visits,1059,11.3,
Utah,2021,202101,Prenatal bundled payments,673,7.2,
Utah,2021,202101,Prenatal visits,1741,18.6,
Utah,2021,202102,Postpartum bundled payments,613,6.4,
Utah,2021,202102,Postpartum visits,1060,11.1,
Utah,2021,202102,Prenatal bundled payments,652,6.8,
Utah,2021,202102,Prenatal visits,1646,17.2,
Utah,2021,202103,Postpartum bundled payments,731,7.5,
Utah,2021,202103,Postpartum visits,1337,13.6,
Utah,2021,202103,Prenatal bundled payments,805,8.2,
Utah,2021,202103,Prenatal visits,1924,19.6,
Utah,2021,202104,Postpartum bundled payments,605,6.1,
Utah,2021,202104,Postpartum visits,1130,11.3,
Utah,2021,202104,Prenatal bundled payments,666,6.7,
Utah,2021,202104,Prenatal visits,1854,18.5,
Utah,2021,202105,Postpartum bundled payments,680,6.7,
Utah,2021,202105,Postpartum visits,1094,10.8,
Utah,2021,202105,Prenatal bundled payments,754,7.4,
Utah,2021,202105,Prenatal visits,1806,17.8,
Utah,2021,202106,Postpartum bundled payments,690,6.7,
Utah,2021,202106,Postpartum visits,1138,11.1,
Utah,2021,202106,Prenatal bundled payments,766,7.4,
Utah,2021,202106,Prenatal visits,1873,18.2,
Utah,2021,202107,Postpartum bundled payments,717,6.9,
Utah,2021,202107,Postpartum visits,1147,11,
Utah,2021,202107,Prenatal bundled payments,778,7.4,
Utah,2021,202107,Prenatal visits,1911,18.3,
Utah,2021,202108,Postpartum bundled payments,669,6.3,
Utah,2021,202108,Postpartum visits,1199,11.3,
Utah,2021,202108,Prenatal bundled payments,726,6.8,
Utah,2021,202108,Prenatal visits,1956,18.4,
Utah,2021,202109,Postpartum bundled payments,652,6,
Utah,2021,202109,Postpartum visits,1133,10.5,
Utah,2021,202109,Prenatal bundled payments,709,6.6,
Utah,2021,202109,Prenatal visits,1780,16.5,
Utah,2021,202110,Postpartum bundled payments,606,5.5,
Utah,2021,202110,Postpartum visits,1048,9.6,
Utah,2021,202110,Prenatal bundled payments,626,5.7,
Utah,2021,202110,Prenatal visits,1777,16.2,
Utah,2021,202111,Postpartum bundled payments,632,5.7,
Utah,2021,202111,Postpartum visits,1049,9.4,
Utah,2021,202111,Prenatal bundled payments,663,6,
Utah,2021,202111,Prenatal visits,1864,16.7,
Utah,2021,202112,Postpartum bundled payments,620,5.5,
Utah,2021,202112,Postpartum visits,995,8.8,
Utah,2021,202112,Prenatal bundled payments,713,6.3,
Utah,2021,202112,Prenatal visits,1738,15.4,
Utah,2022,202201,Postpartum bundled payments,604,5.3,
Utah,2022,202201,Postpartum visits,1002,8.7,
Utah,2022,202201,Prenatal bundled payments,632,5.5,
Utah,2022,202201,Prenatal visits,1869,16.3,
Utah,2022,202202,Postpartum bundled payments,565,4.9,
Utah,2022,202202,Postpartum visits,939,8.1,
Utah,2022,202202,Prenatal bundled payments,613,5.3,
Utah,2022,202202,Prenatal visits,1836,15.8,
Utah,2022,202203,Postpartum bundled payments,668,5.7,
Utah,2022,202203,Postpartum visits,1134,9.7,
Utah,2022,202203,Prenatal bundled payments,715,6.1,
Utah,2022,202203,Prenatal visits,2124,18.1,
Utah,2022,202204,Postpartum bundled payments,611,5.2,
Utah,2022,202204,Postpartum visits,1003,8.5,
Utah,2022,202204,Prenatal bundled payments,654,5.5,
Utah,2022,202204,Prenatal visits,1866,15.7,
Utah,2022,202205,Postpartum bundled payments,624,5.2,
Utah,2022,202205,Postpartum visits,1099,9.2,
Utah,2022,202205,Prenatal bundled payments,666,5.6,
Utah,2022,202205,Prenatal visits,1922,16,
Utah,2022,202206,Postpartum bundled payments,621,5.1,
Utah,2022,202206,Postpartum visits,1099,9.1,
Utah,2022,202206,Prenatal bundled payments,677,5.6,
Utah,2022,202206,Prenatal visits,1906,15.7,
Utah,2022,202207,Postpartum bundled payments,654,5.3,
Utah,2022,202207,Postpartum visits,1075,8.8,
Utah,2022,202207,Prenatal bundled payments,665,5.4,
Utah,2022,202207,Prenatal visits,1785,14.6,
Utah,2022,202208,Postpartum bundled payments,595,4.8,
Utah,2022,202208,Postpartum visits,1230,9.9,
Utah,2022,202208,Prenatal bundled payments,626,5,
Utah,2022,202208,Prenatal visits,2000,16.1,
Utah,2022,202209,Postpartum bundled payments,566,4.5,
Utah,2022,202209,Postpartum visits,1061,8.5,
Utah,2022,202209,Prenatal bundled payments,597,4.8,
Utah,2022,202209,Prenatal visits,1849,14.8,
Utah,2022,202210,Postpartum bundled payments,522,4.1,
Utah,2022,202210,Postpartum visits,1017,8,
Utah,2022,202210,Prenatal bundled payments,542,4.3,
Utah,2022,202210,Prenatal visits,1756,13.9,
Utah,2022,202211,Postpartum bundled payments,460,3.6,
Utah,2022,202211,Postpartum visits,829,6.5,
Utah,2022,202211,Prenatal bundled payments,480,3.8,
Utah,2022,202211,Prenatal visits,1639,12.8,
Utah,2022,202212,Postpartum bundled payments,216,1.7,
Utah,2022,202212,Postpartum visits,471,3.6,
Utah,2022,202212,Prenatal bundled payments,240,1.9,
Utah,2022,202212,Prenatal visits,709,5.5,
Vermont,2018,201801,Postpartum bundled payments,190,5,
Vermont,2018,201801,Postpartum visits,669,17.5,
Vermont,2018,201801,Prenatal bundled payments,199,5.2,
Vermont,2018,201801,Prenatal visits,556,14.6,
Vermont,2018,201802,Postpartum bundled payments,141,3.7,
Vermont,2018,201802,Postpartum visits,618,16.2,
Vermont,2018,201802,Prenatal bundled payments,153,4,
Vermont,2018,201802,Prenatal visits,509,13.3,
Vermont,2018,201803,Postpartum bundled payments,180,4.7,
Vermont,2018,201803,Postpartum visits,674,17.6,
Vermont,2018,201803,Prenatal bundled payments,190,5,
Vermont,2018,201803,Prenatal visits,519,13.6,
Vermont,2018,201804,Postpartum bundled payments,178,4.6,
Vermont,2018,201804,Postpartum visits,630,16.4,
Vermont,2018,201804,Prenatal bundled payments,189,4.9,
Vermont,2018,201804,Prenatal visits,477,12.4,
Vermont,2018,201805,Postpartum bundled payments,164,4.3,
Vermont,2018,201805,Postpartum visits,632,16.7,
Vermont,2018,201805,Prenatal bundled payments,190,5,
Vermont,2018,201805,Prenatal visits,481,12.7,
Vermont,2018,201806,Postpartum bundled payments,191,5.1,
Vermont,2018,201806,Postpartum visits,616,16.5,
Vermont,2018,201806,Prenatal bundled payments,205,5.5,
Vermont,2018,201806,Prenatal visits,449,12,
Vermont,2018,201807,Postpartum bundled payments,195,5.2,
Vermont,2018,201807,Postpartum visits,607,16.3,
Vermont,2018,201807,Prenatal bundled payments,230,6.2,
Vermont,2018,201807,Prenatal visits,481,12.9,
Vermont,2018,201808,Postpartum bundled payments,204,5.5,
Vermont,2018,201808,Postpartum visits,659,17.7,
Vermont,2018,201808,Prenatal bundled payments,228,6.1,
Vermont,2018,201808,Prenatal visits,482,12.9,
Vermont,2018,201809,Postpartum bundled payments,163,4.4,
Vermont,2018,201809,Postpartum visits,557,15.1,
Vermont,2018,201809,Prenatal bundled payments,171,4.6,
Vermont,2018,201809,Prenatal visits,420,11.4,
Vermont,2018,201810,Postpartum bundled payments,177,4.8,
Vermont,2018,201810,Postpartum visits,732,19.9,
Vermont,2018,201810,Prenatal bundled payments,189,5.1,
Vermont,2018,201810,Prenatal visits,509,13.8,
Vermont,2018,201811,Postpartum bundled payments,135,3.7,
Vermont,2018,201811,Postpartum visits,573,15.8,
Vermont,2018,201811,Prenatal bundled payments,162,4.5,
Vermont,2018,201811,Prenatal visits,468,12.9,
Vermont,2018,201812,Postpartum bundled payments,178,4.9,
Vermont,2018,201812,Postpartum visits,522,14.3,
Vermont,2018,201812,Prenatal bundled payments,189,5.2,
Vermont,2018,201812,Prenatal visits,423,11.6,
Vermont,2019,201901,Postpartum bundled payments,151,4.2,
Vermont,2019,201901,Postpartum visits,682,18.9,
Vermont,2019,201901,Prenatal bundled payments,176,4.9,
Vermont,2019,201901,Prenatal visits,514,14.3,
Vermont,2019,201902,Postpartum bundled payments,180,5,
Vermont,2019,201902,Postpartum visits,578,16.1,
Vermont,2019,201902,Prenatal bundled payments,197,5.5,
Vermont,2019,201902,Prenatal visits,423,11.8,
Vermont,2019,201903,Postpartum bundled payments,179,5,
Vermont,2019,201903,Postpartum visits,668,18.8,
Vermont,2019,201903,Prenatal bundled payments,191,5.4,
Vermont,2019,201903,Prenatal visits,466,13.1,
Vermont,2019,201904,Postpartum bundled payments,164,4.6,
Vermont,2019,201904,Postpartum visits,652,18.4,
Vermont,2019,201904,Prenatal bundled payments,172,4.9,
Vermont,2019,201904,Prenatal visits,451,12.8,
Vermont,2019,201905,Postpartum bundled payments,163,4.6,
Vermont,2019,201905,Postpartum visits,643,18.2,
Vermont,2019,201905,Prenatal bundled payments,177,5,
Vermont,2019,201905,Prenatal visits,493,13.9,
Vermont,2019,201906,Postpartum bundled payments,183,5.2,
Vermont,2019,201906,Postpartum visits,584,16.6,
Vermont,2019,201906,Prenatal bundled payments,191,5.4,
Vermont,2019,201906,Prenatal visits,419,11.9,
Vermont,2019,201907,Postpartum bundled payments,179,5.1,
Vermont,2019,201907,Postpartum visits,522,14.9,
Vermont,2019,201907,Prenatal bundled payments,201,5.7,
Vermont,2019,201907,Prenatal visits,452,12.9,
Vermont,2019,201908,Postpartum bundled payments,175,5,
Vermont,2019,201908,Postpartum visits,591,17,
Vermont,2019,201908,Prenatal bundled payments,195,5.6,
Vermont,2019,201908,Prenatal visits,421,12.1,
Vermont,2019,201909,Postpartum bundled payments,168,4.9,
Vermont,2019,201909,Postpartum visits,629,18.2,
Vermont,2019,201909,Prenatal bundled payments,184,5.3,
Vermont,2019,201909,Prenatal visits,445,12.9,
Vermont,2019,201910,Postpartum bundled payments,174,5.1,
Vermont,2019,201910,Postpartum visits,632,18.5,
Vermont,2019,201910,Prenatal bundled payments,182,5.3,
Vermont,2019,201910,Prenatal visits,409,11.9,
Vermont,2019,201911,Postpartum bundled payments,138,4.1,
Vermont,2019,201911,Postpartum visits,523,15.4,
Vermont,2019,201911,Prenatal bundled payments,143,4.2,
Vermont,2019,201911,Prenatal visits,372,10.9,
Vermont,2019,201912,Postpartum bundled payments,160,4.7,
Vermont,2019,201912,Postpartum visits,518,15.2,
Vermont,2019,201912,Prenatal bundled payments,172,5,
Vermont,2019,201912,Prenatal visits,394,11.6,
Vermont,2020,202001,Postpartum bundled payments,157,4.6,
Vermont,2020,202001,Postpartum visits,720,21.1,
Vermont,2020,202001,Prenatal bundled payments,174,5.1,
Vermont,2020,202001,Prenatal visits,423,12.4,
Vermont,2020,202002,Postpartum bundled payments,162,4.8,
Vermont,2020,202002,Postpartum visits,577,17,
Vermont,2020,202002,Prenatal bundled payments,164,4.8,
Vermont,2020,202002,Prenatal visits,374,11,
Vermont,2020,202003,Postpartum bundled payments,176,5.1,
Vermont,2020,202003,Postpartum visits,466,13.4,
Vermont,2020,202003,Prenatal bundled payments,192,5.5,
Vermont,2020,202003,Prenatal visits,329,9.5,
Vermont,2020,202004,Postpartum bundled payments,144,4,
Vermont,2020,202004,Postpartum visits,272,7.6,
Vermont,2020,202004,Prenatal bundled payments,147,4.1,
Vermont,2020,202004,Prenatal visits,388,10.8,
Vermont,2020,202005,Postpartum bundled payments,149,4.1,
Vermont,2020,202005,Postpartum visits,354,9.7,
Vermont,2020,202005,Prenatal bundled payments,166,4.6,
Vermont,2020,202005,Prenatal visits,397,10.9,
Vermont,2020,202006,Postpartum bundled payments,157,4.2,
Vermont,2020,202006,Postpartum visits,579,15.7,
Vermont,2020,202006,Prenatal bundled payments,166,4.5,
Vermont,2020,202006,Prenatal visits,386,10.4,
Vermont,2020,202007,Postpartum bundled payments,155,4.1,
Vermont,2020,202007,Postpartum visits,622,16.6,
Vermont,2020,202007,Prenatal bundled payments,164,4.4,
Vermont,2020,202007,Prenatal visits,351,9.4,
Vermont,2020,202008,Postpartum bundled payments,159,4.2,
Vermont,2020,202008,Postpartum visits,564,14.8,
Vermont,2020,202008,Prenatal bundled payments,173,4.5,
Vermont,2020,202008,Prenatal visits,315,8.2,
Vermont,2020,202009,Postpartum bundled payments,162,4.2,
Vermont,2020,202009,Postpartum visits,586,15.1,
Vermont,2020,202009,Prenatal bundled payments,174,4.5,
Vermont,2020,202009,Prenatal visits,330,8.5,
Vermont,2020,202010,Postpartum bundled payments,144,3.7,
Vermont,2020,202010,Postpartum visits,710,18.1,
Vermont,2020,202010,Prenatal bundled payments,176,4.5,
Vermont,2020,202010,Prenatal visits,339,8.7,
Vermont,2020,202011,Postpartum bundled payments,128,3.2,
Vermont,2020,202011,Postpartum visits,567,14.3,
Vermont,2020,202011,Prenatal bundled payments,131,3.3,
Vermont,2020,202011,Prenatal visits,309,7.8,
Vermont,2020,202012,Postpartum bundled payments,144,3.6,
Vermont,2020,202012,Postpartum visits,610,15.1,
Vermont,2020,202012,Prenatal bundled payments,159,3.9,
Vermont,2020,202012,Prenatal visits,344,8.5,
Vermont,2021,202101,Postpartum bundled payments,150,3.7,
Vermont,2021,202101,Postpartum visits,665,16.3,
Vermont,2021,202101,Prenatal bundled payments,157,3.8,
Vermont,2021,202101,Prenatal visits,394,9.6,
Vermont,2021,202102,Postpartum bundled payments,133,3.2,
Vermont,2021,202102,Postpartum visits,626,15.2,
Vermont,2021,202102,Prenatal bundled payments,131,3.2,
Vermont,2021,202102,Prenatal visits,360,8.7,
Vermont,2021,202103,Postpartum bundled payments,140,3.4,
Vermont,2021,202103,Postpartum visits,742,17.9,
Vermont,2021,202103,Prenatal bundled payments,142,3.4,
Vermont,2021,202103,Prenatal visits,445,10.7,
Vermont,2021,202104,Postpartum bundled payments,152,3.6,
Vermont,2021,202104,Postpartum visits,695,16.6,
Vermont,2021,202104,Prenatal bundled payments,166,4,
Vermont,2021,202104,Prenatal visits,424,10.1,
Vermont,2021,202105,Postpartum bundled payments,131,3.1,
Vermont,2021,202105,Postpartum visits,646,15.3,
Vermont,2021,202105,Prenatal bundled payments,146,3.5,
Vermont,2021,202105,Prenatal visits,419,9.9,
Vermont,2021,202106,Postpartum bundled payments,184,4.3,
Vermont,2021,202106,Postpartum visits,736,17.3,
Vermont,2021,202106,Prenatal bundled payments,202,4.7,
Vermont,2021,202106,Prenatal visits,505,11.9,
Vermont,2021,202107,Postpartum bundled payments,189,4.4,
Vermont,2021,202107,Postpartum visits,662,15.4,
Vermont,2021,202107,Prenatal bundled payments,200,4.7,
Vermont,2021,202107,Prenatal visits,479,11.1,
Vermont,2021,202108,Postpartum bundled payments,187,4.3,
Vermont,2021,202108,Postpartum visits,687,15.8,
Vermont,2021,202108,Prenatal bundled payments,203,4.7,
Vermont,2021,202108,Prenatal visits,464,10.7,
Vermont,2021,202109,Postpartum bundled payments,159,3.6,
Vermont,2021,202109,Postpartum visits,713,16.3,
Vermont,2021,202109,Prenatal bundled payments,158,3.6,
Vermont,2021,202109,Prenatal visits,427,9.8,
Vermont,2021,202110,Postpartum bundled payments,138,3.1,
Vermont,2021,202110,Postpartum visits,706,16,
Vermont,2021,202110,Prenatal bundled payments,150,3.4,
Vermont,2021,202110,Prenatal visits,424,9.6,
Vermont,2021,202111,Postpartum bundled payments,134,3,
Vermont,2021,202111,Postpartum visits,590,13.3,
Vermont,2021,202111,Prenatal bundled payments,157,3.6,
Vermont,2021,202111,Prenatal visits,433,9.8,
Vermont,2021,202112,Postpartum bundled payments,145,3.3,
Vermont,2021,202112,Postpartum visits,598,13.4,
Vermont,2021,202112,Prenatal bundled payments,151,3.4,
Vermont,2021,202112,Prenatal visits,430,9.7,
Vermont,2022,202201,Postpartum bundled payments,158,3.5,
Vermont,2022,202201,Postpartum visits,610,13.6,
Vermont,2022,202201,Prenatal bundled payments,170,3.8,
Vermont,2022,202201,Prenatal visits,507,11.3,
Vermont,2022,202202,Postpartum bundled payments,139,3.1,
Vermont,2022,202202,Postpartum visits,586,13,
Vermont,2022,202202,Prenatal bundled payments,155,3.4,
Vermont,2022,202202,Prenatal visits,417,9.3,
Vermont,2022,202203,Postpartum bundled payments,162,3.6,
Vermont,2022,202203,Postpartum visits,734,16.3,
Vermont,2022,202203,Prenatal bundled payments,169,3.8,
Vermont,2022,202203,Prenatal visits,462,10.3,
Vermont,2022,202204,Postpartum bundled payments,116,2.6,
Vermont,2022,202204,Postpartum visits,634,14,
Vermont,2022,202204,Prenatal bundled payments,124,2.7,
Vermont,2022,202204,Prenatal visits,410,9.1,
Vermont,2022,202205,Postpartum bundled payments,157,3.5,
Vermont,2022,202205,Postpartum visits,666,14.7,
Vermont,2022,202205,Prenatal bundled payments,178,3.9,
Vermont,2022,202205,Prenatal visits,405,8.9,
Vermont,2022,202206,Postpartum bundled payments,158,3.5,
Vermont,2022,202206,Postpartum visits,703,15.4,
Vermont,2022,202206,Prenatal bundled payments,158,3.5,
Vermont,2022,202206,Prenatal visits,411,9,
Vermont,2022,202207,Postpartum bundled payments,171,3.7,
Vermont,2022,202207,Postpartum visits,622,13.6,
Vermont,2022,202207,Prenatal bundled payments,175,3.8,
Vermont,2022,202207,Prenatal visits,399,8.7,
Vermont,2022,202208,Postpartum bundled payments,151,3.3,
Vermont,2022,202208,Postpartum visits,661,14.3,
Vermont,2022,202208,Prenatal bundled payments,164,3.6,
Vermont,2022,202208,Prenatal visits,394,8.5,
Vermont,2022,202209,Postpartum bundled payments,168,3.6,
Vermont,2022,202209,Postpartum visits,591,12.8,
Vermont,2022,202209,Prenatal bundled payments,181,3.9,
Vermont,2022,202209,Prenatal visits,398,8.6,
Vermont,2022,202210,Postpartum bundled payments,132,2.8,
Vermont,2022,202210,Postpartum visits,614,13.2,
Vermont,2022,202210,Prenatal bundled payments,143,3.1,
Vermont,2022,202210,Prenatal visits,415,8.9,
Vermont,2022,202211,Postpartum bundled payments,143,3.1,
Vermont,2022,202211,Postpartum visits,638,13.7,
Vermont,2022,202211,Prenatal bundled payments,151,3.2,
Vermont,2022,202211,Prenatal visits,380,8.1,
Vermont,2022,202212,Postpartum bundled payments,149,3.2,
Vermont,2022,202212,Postpartum visits,599,12.8,
Vermont,2022,202212,Prenatal bundled payments,172,3.7,
Vermont,2022,202212,Prenatal visits,415,8.8,
Virgin Islands,2018,201801,Postpartum bundled payments,DS,DS,Unusable
Virgin Islands,2018,201801,Postpartum visits,96,16.7,Unusable
Virgin Islands,2018,201801,Prenatal bundled payments,DS,DS,Unusable
Virgin Islands,2018,201801,Prenatal visits,193,33.6,Unusable
Virgin Islands,2018,201802,Postpartum bundled payments,DS,DS,
Virgin Islands,2018,201802,Postpartum visits,139,23.9,
Virgin Islands,2018,201802,Prenatal bundled payments,DS,DS,
Virgin Islands,2018,201802,Prenatal visits,172,29.5,
Virgin Islands,2018,201803,Postpartum bundled payments,DS,DS,
Virgin Islands,2018,201803,Postpartum visits,164,27.7,
Virgin Islands,2018,201803,Prenatal bundled payments,0,0,
Virgin Islands,2018,201803,Prenatal visits,202,34.1,
Virgin Islands,2018,201804,Postpartum bundled payments,DS,DS,
Virgin Islands,2018,201804,Postpartum visits,149,24.8,
Virgin Islands,2018,201804,Prenatal bundled payments,DS,DS,
Virgin Islands,2018,201804,Prenatal visits,217,36.2,
Virgin Islands,2018,201805,Postpartum bundled payments,DS,DS,
Virgin Islands,2018,201805,Postpartum visits,125,20.8,
Virgin Islands,2018,201805,Prenatal bundled payments,DS,DS,
Virgin Islands,2018,201805,Prenatal visits,265,44,
Virgin Islands,2018,201806,Postpartum bundled payments,DS,DS,
Virgin Islands,2018,201806,Postpartum visits,104,17.4,
Virgin Islands,2018,201806,Prenatal bundled payments,DS,DS,
Virgin Islands,2018,201806,Prenatal visits,220,36.8,
Virgin Islands,2018,201807,Postpartum bundled payments,DS,DS,
Virgin Islands,2018,201807,Postpartum visits,118,19.8,
Virgin Islands,2018,201807,Prenatal bundled payments,DS,DS,
Virgin Islands,2018,201807,Prenatal visits,230,38.5,
Virgin Islands,2018,201808,Postpartum bundled payments,DS,DS,
Virgin Islands,2018,201808,Postpartum visits,114,18.8,
Virgin Islands,2018,201808,Prenatal bundled payments,DS,DS,
Virgin Islands,2018,201808,Prenatal visits,280,46.2,
Virgin Islands,2018,201809,Postpartum bundled payments,DS,DS,
Virgin Islands,2018,201809,Postpartum visits,131,21.3,
Virgin Islands,2018,201809,Prenatal bundled payments,DS,DS,
Virgin Islands,2018,201809,Prenatal visits,241,39.2,
Virgin Islands,2018,201810,Postpartum bundled payments,DS,DS,
Virgin Islands,2018,201810,Postpartum visits,145,23.3,
Virgin Islands,2018,201810,Prenatal bundled payments,DS,DS,
Virgin Islands,2018,201810,Prenatal visits,338,54.4,
Virgin Islands,2018,201811,Postpartum bundled payments,DS,DS,
Virgin Islands,2018,201811,Postpartum visits,111,17.6,
Virgin Islands,2018,201811,Prenatal bundled payments,DS,DS,
Virgin Islands,2018,201811,Prenatal visits,295,46.7,
Virgin Islands,2018,201812,Postpartum bundled payments,13,2,
Virgin Islands,2018,201812,Postpartum visits,113,17.7,
Virgin Islands,2018,201812,Prenatal bundled payments,DS,DS,
Virgin Islands,2018,201812,Prenatal visits,276,43.2,
Virgin Islands,2019,201901,Postpartum bundled payments,DS,DS,
Virgin Islands,2019,201901,Postpartum visits,141,21.9,
Virgin Islands,2019,201901,Prenatal bundled payments,DS,DS,
Virgin Islands,2019,201901,Prenatal visits,313,48.7,
Virgin Islands,2019,201902,Postpartum bundled payments,DS,DS,
Virgin Islands,2019,201902,Postpartum visits,125,19.3,
Virgin Islands,2019,201902,Prenatal bundled payments,0,0,
Virgin Islands,2019,201902,Prenatal visits,286,44.1,
Virgin Islands,2019,201903,Postpartum bundled payments,DS,DS,
Virgin Islands,2019,201903,Postpartum visits,118,17.9,
Virgin Islands,2019,201903,Prenatal bundled payments,0,0,
Virgin Islands,2019,201903,Prenatal visits,255,38.7,
Virgin Islands,2019,201904,Postpartum bundled payments,DS,DS,
Virgin Islands,2019,201904,Postpartum visits,130,19.4,
Virgin Islands,2019,201904,Prenatal bundled payments,DS,DS,
Virgin Islands,2019,201904,Prenatal visits,315,47.1,
Virgin Islands,2019,201905,Postpartum bundled payments,DS,DS,
Virgin Islands,2019,201905,Postpartum visits,146,21.6,
Virgin Islands,2019,201905,Prenatal bundled payments,DS,DS,
Virgin Islands,2019,201905,Prenatal visits,304,45,
Virgin Islands,2019,201906,Postpartum bundled payments,DS,DS,
Virgin Islands,2019,201906,Postpartum visits,144,21.1,
Virgin Islands,2019,201906,Prenatal bundled payments,DS,DS,
Virgin Islands,2019,201906,Prenatal visits,304,44.6,
Virgin Islands,2019,201907,Postpartum bundled payments,DS,DS,
Virgin Islands,2019,201907,Postpartum visits,124,17.9,
Virgin Islands,2019,201907,Prenatal bundled payments,DS,DS,
Virgin Islands,2019,201907,Prenatal visits,355,51.2,
Virgin Islands,2019,201908,Postpartum bundled payments,13,1.9,
Virgin Islands,2019,201908,Postpartum visits,114,16.3,
Virgin Islands,2019,201908,Prenatal bundled payments,DS,DS,
Virgin Islands,2019,201908,Prenatal visits,361,51.6,
Virgin Islands,2019,201909,Postpartum bundled payments,12,1.7,
Virgin Islands,2019,201909,Postpartum visits,139,19.7,
Virgin Islands,2019,201909,Prenatal bundled payments,DS,DS,
Virgin Islands,2019,201909,Prenatal visits,320,45.4,
Virgin Islands,2019,201910,Postpartum bundled payments,DS,DS,
Virgin Islands,2019,201910,Postpartum visits,208,29.3,
Virgin Islands,2019,201910,Prenatal bundled payments,DS,DS,
Virgin Islands,2019,201910,Prenatal visits,348,49,
Virgin Islands,2019,201911,Postpartum bundled payments,DS,DS,
Virgin Islands,2019,201911,Postpartum visits,144,20.1,
Virgin Islands,2019,201911,Prenatal bundled payments,DS,DS,
Virgin Islands,2019,201911,Prenatal visits,276,38.6,
Virgin Islands,2019,201912,Postpartum bundled payments,DS,DS,
Virgin Islands,2019,201912,Postpartum visits,138,19.2,
Virgin Islands,2019,201912,Prenatal bundled payments,DS,DS,
Virgin Islands,2019,201912,Prenatal visits,263,36.6,
Virgin Islands,2020,202001,Postpartum bundled payments,DS,DS,
Virgin Islands,2020,202001,Postpartum visits,170,23.4,
Virgin Islands,2020,202001,Prenatal bundled payments,DS,DS,
Virgin Islands,2020,202001,Prenatal visits,312,42.9,
Virgin Islands,2020,202002,Postpartum bundled payments,DS,DS,
Virgin Islands,2020,202002,Postpartum visits,182,24.9,
Virgin Islands,2020,202002,Prenatal bundled payments,DS,DS,
Virgin Islands,2020,202002,Prenatal visits,300,41,
Virgin Islands,2020,202003,Postpartum bundled payments,DS,DS,
Virgin Islands,2020,202003,Postpartum visits,119,16.2,
Virgin Islands,2020,202003,Prenatal bundled payments,DS,DS,
Virgin Islands,2020,202003,Prenatal visits,284,38.6,
Virgin Islands,2020,202004,Postpartum bundled payments,DS,DS,
Virgin Islands,2020,202004,Postpartum visits,41,5.5,
Virgin Islands,2020,202004,Prenatal bundled payments,DS,DS,
Virgin Islands,2020,202004,Prenatal visits,251,33.9,
Virgin Islands,2020,202005,Postpartum bundled payments,12,1.6,
Virgin Islands,2020,202005,Postpartum visits,55,7.3,
Virgin Islands,2020,202005,Prenatal bundled payments,DS,DS,
Virgin Islands,2020,202005,Prenatal visits,215,28.7,
Virgin Islands,2020,202006,Postpartum bundled payments,DS,DS,
Virgin Islands,2020,202006,Postpartum visits,165,21.8,
Virgin Islands,2020,202006,Prenatal bundled payments,DS,DS,
Virgin Islands,2020,202006,Prenatal visits,265,35.1,
Virgin Islands,2020,202007,Postpartum bundled payments,12,1.6,
Virgin Islands,2020,202007,Postpartum visits,106,13.9,
Virgin Islands,2020,202007,Prenatal bundled payments,DS,DS,
Virgin Islands,2020,202007,Prenatal visits,272,35.6,
Virgin Islands,2020,202008,Postpartum bundled payments,DS,DS,
Virgin Islands,2020,202008,Postpartum visits,112,14.6,
Virgin Islands,2020,202008,Prenatal bundled payments,DS,DS,
Virgin Islands,2020,202008,Prenatal visits,294,38.2,
Virgin Islands,2020,202009,Postpartum bundled payments,DS,DS,
Virgin Islands,2020,202009,Postpartum visits,113,14.6,
Virgin Islands,2020,202009,Prenatal bundled payments,DS,DS,
Virgin Islands,2020,202009,Prenatal visits,323,41.6,
Virgin Islands,2020,202010,Postpartum bundled payments,DS,DS,
Virgin Islands,2020,202010,Postpartum visits,125,15.9,
Virgin Islands,2020,202010,Prenatal bundled payments,DS,DS,
Virgin Islands,2020,202010,Prenatal visits,304,38.7,
Virgin Islands,2020,202011,Postpartum bundled payments,DS,DS,
Virgin Islands,2020,202011,Postpartum visits,126,15.9,
Virgin Islands,2020,202011,Prenatal bundled payments,15,1.9,
Virgin Islands,2020,202011,Prenatal visits,286,36,
Virgin Islands,2020,202012,Postpartum bundled payments,DS,DS,
Virgin Islands,2020,202012,Postpartum visits,179,22.4,
Virgin Islands,2020,202012,Prenatal bundled payments,14,1.7,
Virgin Islands,2020,202012,Prenatal visits,325,40.6,
Virgin Islands,2021,202101,Postpartum bundled payments,14,1.7,
Virgin Islands,2021,202101,Postpartum visits,161,19.9,
Virgin Islands,2021,202101,Prenatal bundled payments,DS,DS,
Virgin Islands,2021,202101,Prenatal visits,263,32.5,
Virgin Islands,2021,202102,Postpartum bundled payments,12,1.5,
Virgin Islands,2021,202102,Postpartum visits,120,14.8,
Virgin Islands,2021,202102,Prenatal bundled payments,DS,DS,
Virgin Islands,2021,202102,Prenatal visits,207,25.5,
Virgin Islands,2021,202103,Postpartum bundled payments,16,1.9,
Virgin Islands,2021,202103,Postpartum visits,204,24.9,
Virgin Islands,2021,202103,Prenatal bundled payments,13,1.6,
Virgin Islands,2021,202103,Prenatal visits,236,28.8,
Virgin Islands,2021,202104,Postpartum bundled payments,DS,DS,
Virgin Islands,2021,202104,Postpartum visits,203,24.7,
Virgin Islands,2021,202104,Prenatal bundled payments,11,1.3,
Virgin Islands,2021,202104,Prenatal visits,248,30.1,
Virgin Islands,2021,202105,Postpartum bundled payments,DS,DS,
Virgin Islands,2021,202105,Postpartum visits,179,21.6,
Virgin Islands,2021,202105,Prenatal bundled payments,DS,DS,
Virgin Islands,2021,202105,Prenatal visits,214,25.9,
Virgin Islands,2021,202106,Postpartum bundled payments,11,1.3,
Virgin Islands,2021,202106,Postpartum visits,171,20.6,
Virgin Islands,2021,202106,Prenatal bundled payments,DS,DS,
Virgin Islands,2021,202106,Prenatal visits,253,30.5,
Virgin Islands,2021,202107,Postpartum bundled payments,13,1.6,
Virgin Islands,2021,202107,Postpartum visits,155,18.6,
Virgin Islands,2021,202107,Prenatal bundled payments,DS,DS,
Virgin Islands,2021,202107,Prenatal visits,225,27,
Virgin Islands,2021,202108,Postpartum bundled payments,13,1.5,
Virgin Islands,2021,202108,Postpartum visits,184,21.9,
Virgin Islands,2021,202108,Prenatal bundled payments,11,1.3,
Virgin Islands,2021,202108,Prenatal visits,251,29.9,
Virgin Islands,2021,202109,Postpartum bundled payments,20,2.4,
Virgin Islands,2021,202109,Postpartum visits,190,22.5,
Virgin Islands,2021,202109,Prenatal bundled payments,16,1.9,
Virgin Islands,2021,202109,Prenatal visits,269,31.8,
Virgin Islands,2021,202110,Postpartum bundled payments,12,1.4,
Virgin Islands,2021,202110,Postpartum visits,127,15,
Virgin Islands,2021,202110,Prenatal bundled payments,12,1.4,
Virgin Islands,2021,202110,Prenatal visits,245,28.9,
Virgin Islands,2021,202111,Postpartum bundled payments,17,2,
Virgin Islands,2021,202111,Postpartum visits,165,19.4,
Virgin Islands,2021,202111,Prenatal bundled payments,12,1.4,
Virgin Islands,2021,202111,Prenatal visits,219,25.8,
Virgin Islands,2021,202112,Postpartum bundled payments,20,2.3,
Virgin Islands,2021,202112,Postpartum visits,128,15,
Virgin Islands,2021,202112,Prenatal bundled payments,14,1.6,
Virgin Islands,2021,202112,Prenatal visits,186,21.8,
Virgin Islands,2022,202201,Postpartum bundled payments,11,1.3,
Virgin Islands,2022,202201,Postpartum visits,119,13.8,
Virgin Islands,2022,202201,Prenatal bundled payments,DS,DS,
Virgin Islands,2022,202201,Prenatal visits,153,17.8,
Virgin Islands,2022,202202,Postpartum bundled payments,11,1.3,
Virgin Islands,2022,202202,Postpartum visits,221,25.6,
Virgin Islands,2022,202202,Prenatal bundled payments,DS,DS,
Virgin Islands,2022,202202,Prenatal visits,213,24.6,
Virgin Islands,2022,202203,Postpartum bundled payments,20,2.3,
Virgin Islands,2022,202203,Postpartum visits,213,24.6,
Virgin Islands,2022,202203,Prenatal bundled payments,15,1.7,
Virgin Islands,2022,202203,Prenatal visits,267,30.8,
Virgin Islands,2022,202204,Postpartum bundled payments,DS,DS,
Virgin Islands,2022,202204,Postpartum visits,183,21,
Virgin Islands,2022,202204,Prenatal bundled payments,DS,DS,
Virgin Islands,2022,202204,Prenatal visits,213,24.5,
Virgin Islands,2022,202205,Postpartum bundled payments,11,1.3,
Virgin Islands,2022,202205,Postpartum visits,227,26,
Virgin Islands,2022,202205,Prenatal bundled payments,DS,DS,
Virgin Islands,2022,202205,Prenatal visits,183,21,
Virgin Islands,2022,202206,Postpartum bundled payments,DS,DS,
Virgin Islands,2022,202206,Postpartum visits,162,18.4,
Virgin Islands,2022,202206,Prenatal bundled payments,DS,DS,
Virgin Islands,2022,202206,Prenatal visits,235,26.8,
Virgin Islands,2022,202207,Postpartum bundled payments,20,2.3,
Virgin Islands,2022,202207,Postpartum visits,187,21.2,
Virgin Islands,2022,202207,Prenatal bundled payments,17,1.9,
Virgin Islands,2022,202207,Prenatal visits,203,23,
Virgin Islands,2022,202208,Postpartum bundled payments,12,1.4,
Virgin Islands,2022,202208,Postpartum visits,193,21.8,
Virgin Islands,2022,202208,Prenatal bundled payments,11,1.2,
Virgin Islands,2022,202208,Prenatal visits,241,27.2,
Virgin Islands,2022,202209,Postpartum bundled payments,13,1.5,
Virgin Islands,2022,202209,Postpartum visits,212,23.7,
Virgin Islands,2022,202209,Prenatal bundled payments,11,1.2,
Virgin Islands,2022,202209,Prenatal visits,257,28.7,
Virgin Islands,2022,202210,Postpartum bundled payments,12,1.3,
Virgin Islands,2022,202210,Postpartum visits,168,18.7,
Virgin Islands,2022,202210,Prenatal bundled payments,DS,DS,
Virgin Islands,2022,202210,Prenatal visits,226,25.2,
Virgin Islands,2022,202211,Postpartum bundled payments,11,1.2,
Virgin Islands,2022,202211,Postpartum visits,173,19.2,
Virgin Islands,2022,202211,Prenatal bundled payments,DS,DS,
Virgin Islands,2022,202211,Prenatal visits,207,23,
Virgin Islands,2022,202212,Postpartum bundled payments,DS,DS,
Virgin Islands,2022,202212,Postpartum visits,144,15.9,
Virgin Islands,2022,202212,Prenatal bundled payments,DS,DS,
Virgin Islands,2022,202212,Prenatal visits,206,22.8,
Virginia,2018,201801,Postpartum bundled payments,2112,7.6,
Virginia,2018,201801,Postpartum visits,5032,18.1,
Virginia,2018,201801,Prenatal bundled payments,2660,9.6,
Virginia,2018,201801,Prenatal visits,8751,31.5,
Virginia,2018,201802,Postpartum bundled payments,1782,6.4,
Virginia,2018,201802,Postpartum visits,4824,17.3,
Virginia,2018,201802,Prenatal bundled payments,2312,8.3,
Virginia,2018,201802,Prenatal visits,7832,28.1,
Virginia,2018,201803,Postpartum bundled payments,1966,7,
Virginia,2018,201803,Postpartum visits,5175,18.5,
Virginia,2018,201803,Prenatal bundled payments,2583,9.2,
Virginia,2018,201803,Prenatal visits,8176,29.2,
Virginia,2018,201804,Postpartum bundled payments,1906,6.8,
Virginia,2018,201804,Postpartum visits,5046,18,
Virginia,2018,201804,Prenatal bundled payments,2464,8.8,
Virginia,2018,201804,Prenatal visits,8014,28.6,
Virginia,2018,201805,Postpartum bundled payments,1880,6.7,
Virginia,2018,201805,Postpartum visits,5404,19.2,
Virginia,2018,201805,Prenatal bundled payments,2626,9.3,
Virginia,2018,201805,Prenatal visits,8559,30.4,
Virginia,2018,201806,Postpartum bundled payments,1848,6.5,
Virginia,2018,201806,Postpartum visits,5103,18.1,
Virginia,2018,201806,Prenatal bundled payments,2465,8.7,
Virginia,2018,201806,Prenatal visits,7882,27.9,
Virginia,2018,201807,Postpartum bundled payments,1945,6.9,
Virginia,2018,201807,Postpartum visits,4929,17.4,
Virginia,2018,201807,Prenatal bundled payments,2524,8.9,
Virginia,2018,201807,Prenatal visits,8226,29,
Virginia,2018,201808,Postpartum bundled payments,2053,7.2,
Virginia,2018,201808,Postpartum visits,5473,19.2,
Virginia,2018,201808,Prenatal bundled payments,2571,9,
Virginia,2018,201808,Prenatal visits,8871,31.2,
Virginia,2018,201809,Postpartum bundled payments,1946,6.8,
Virginia,2018,201809,Postpartum visits,4763,16.7,
Virginia,2018,201809,Prenatal bundled payments,2236,7.8,
Virginia,2018,201809,Prenatal visits,7592,26.6,
Virginia,2018,201810,Postpartum bundled payments,1961,6.8,
Virginia,2018,201810,Postpartum visits,5584,19.5,
Virginia,2018,201810,Prenatal bundled payments,2228,7.8,
Virginia,2018,201810,Prenatal visits,9005,31.4,
Virginia,2018,201811,Postpartum bundled payments,1896,6.5,
Virginia,2018,201811,Postpartum visits,4718,16.2,
Virginia,2018,201811,Prenatal bundled payments,2079,7.2,
Virginia,2018,201811,Prenatal visits,7844,27,
Virginia,2018,201812,Postpartum bundled payments,1920,6.5,
Virginia,2018,201812,Postpartum visits,4029,13.7,
Virginia,2018,201812,Prenatal bundled payments,2016,6.9,
Virginia,2018,201812,Prenatal visits,7334,25,
Virginia,2019,201901,Postpartum bundled payments,2023,6.3,
Virginia,2019,201901,Postpartum visits,7408,22.9,
Virginia,2019,201901,Prenatal bundled payments,2245,6.9,
Virginia,2019,201901,Prenatal visits,9376,29,
Virginia,2019,201902,Postpartum bundled payments,1766,5.4,
Virginia,2019,201902,Postpartum visits,6913,21.2,
Virginia,2019,201902,Prenatal bundled payments,1910,5.9,
Virginia,2019,201902,Prenatal visits,8365,25.6,
Virginia,2019,201903,Postpartum bundled payments,1966,6,
Virginia,2019,201903,Postpartum visits,7274,22,
Virginia,2019,201903,Prenatal bundled payments,2160,6.5,
Virginia,2019,201903,Prenatal visits,8892,26.9,
Virginia,2019,201904,Postpartum bundled payments,1845,5.5,
Virginia,2019,201904,Postpartum visits,7502,22.5,
Virginia,2019,201904,Prenatal bundled payments,2095,6.3,
Virginia,2019,201904,Prenatal visits,9221,27.7,
Virginia,2019,201905,Postpartum bundled payments,1924,5.7,
Virginia,2019,201905,Postpartum visits,7628,22.7,
Virginia,2019,201905,Prenatal bundled payments,2180,6.5,
Virginia,2019,201905,Prenatal visits,9425,28,
Virginia,2019,201906,Postpartum bundled payments,1860,5.5,
Virginia,2019,201906,Postpartum visits,6703,19.7,
Virginia,2019,201906,Prenatal bundled payments,2133,6.3,
Virginia,2019,201906,Prenatal visits,8479,25,
Virginia,2019,201907,Postpartum bundled payments,2045,6,
Virginia,2019,201907,Postpartum visits,7293,21.2,
Virginia,2019,201907,Prenatal bundled payments,2291,6.7,
Virginia,2019,201907,Prenatal visits,9797,28.5,
Virginia,2019,201908,Postpartum bundled payments,2156,6.2,
Virginia,2019,201908,Postpartum visits,7569,21.8,
Virginia,2019,201908,Prenatal bundled payments,2311,6.7,
Virginia,2019,201908,Prenatal visits,9734,28.1,
Virginia,2019,201909,Postpartum bundled payments,2135,6.1,
Virginia,2019,201909,Postpartum visits,6891,19.7,
Virginia,2019,201909,Prenatal bundled payments,2270,6.5,
Virginia,2019,201909,Prenatal visits,9324,26.7,
Virginia,2019,201910,Postpartum bundled payments,2084,5.9,
Virginia,2019,201910,Postpartum visits,7798,22,
Virginia,2019,201910,Prenatal bundled payments,2226,6.3,
Virginia,2019,201910,Prenatal visits,10191,28.8,
Virginia,2019,201911,Postpartum bundled payments,1929,5.4,
Virginia,2019,201911,Postpartum visits,6524,18.1,
Virginia,2019,201911,Prenatal bundled payments,1975,5.5,
Virginia,2019,201911,Prenatal visits,8673,24.1,
Virginia,2019,201912,Postpartum bundled payments,2039,5.5,
Virginia,2019,201912,Postpartum visits,6113,16.6,
Virginia,2019,201912,Prenatal bundled payments,2242,6.1,
Virginia,2019,201912,Prenatal visits,8981,24.4,
Virginia,2020,202001,Postpartum bundled payments,2028,5.5,
Virginia,2020,202001,Postpartum visits,8029,21.7,
Virginia,2020,202001,Prenatal bundled payments,2026,5.5,
Virginia,2020,202001,Prenatal visits,10385,28,
Virginia,2020,202002,Postpartum bundled payments,1870,5,
Virginia,2020,202002,Postpartum visits,7506,20.2,
Virginia,2020,202002,Prenatal bundled payments,1942,5.2,
Virginia,2020,202002,Prenatal visits,8987,24.2,
Virginia,2020,202003,Postpartum bundled payments,2026,5.4,
Virginia,2020,202003,Postpartum visits,6251,16.7,
Virginia,2020,202003,Prenatal bundled payments,2087,5.6,
Virginia,2020,202003,Prenatal visits,9143,24.4,
Virginia,2020,202004,Postpartum bundled payments,1936,5.1,
Virginia,2020,202004,Postpartum visits,3841,10,
Virginia,2020,202004,Prenatal bundled payments,1996,5.2,
Virginia,2020,202004,Prenatal visits,8589,22.4,
Virginia,2020,202005,Postpartum bundled payments,1997,5.1,
Virginia,2020,202005,Postpartum visits,4953,12.7,
Virginia,2020,202005,Prenatal bundled payments,2055,5.3,
Virginia,2020,202005,Prenatal visits,8383,21.5,
Virginia,2020,202006,Postpartum bundled payments,2028,5.1,
Virginia,2020,202006,Postpartum visits,7526,19,
Virginia,2020,202006,Prenatal bundled payments,2145,5.4,
Virginia,2020,202006,Prenatal visits,9117,23,
Virginia,2020,202007,Postpartum bundled payments,2126,5.3,
Virginia,2020,202007,Postpartum visits,8381,20.8,
Virginia,2020,202007,Prenatal bundled payments,2297,5.7,
Virginia,2020,202007,Prenatal visits,9886,24.5,
Virginia,2020,202008,Postpartum bundled payments,2124,5.2,
Virginia,2020,202008,Postpartum visits,8121,19.9,
Virginia,2020,202008,Prenatal bundled payments,2212,5.4,
Virginia,2020,202008,Prenatal visits,9405,23,
Virginia,2020,202009,Postpartum bundled payments,2087,5,
Virginia,2020,202009,Postpartum visits,8248,19.9,
Virginia,2020,202009,Prenatal bundled payments,2210,5.3,
Virginia,2020,202009,Prenatal visits,9721,23.5,
Virginia,2020,202010,Postpartum bundled payments,2010,4.8,
Virginia,2020,202010,Postpartum visits,8599,20.5,
Virginia,2020,202010,Prenatal bundled payments,2123,5.1,
Virginia,2020,202010,Prenatal visits,10074,24,
Virginia,2020,202011,Postpartum bundled payments,1903,4.5,
Virginia,2020,202011,Postpartum visits,7381,17.3,
Virginia,2020,202011,Prenatal bundled payments,1998,4.7,
Virginia,2020,202011,Prenatal visits,9067,21.3,
Virginia,2020,202012,Postpartum bundled payments,2010,4.6,
Virginia,2020,202012,Postpartum visits,7204,16.6,
Virginia,2020,202012,Prenatal bundled payments,2183,5,
Virginia,2020,202012,Prenatal visits,9622,22.1,
Virginia,2021,202101,Postpartum bundled payments,1973,4.5,
Virginia,2021,202101,Postpartum visits,7858,17.9,
Virginia,2021,202101,Prenatal bundled payments,2019,4.6,
Virginia,2021,202101,Prenatal visits,9157,20.9,
Virginia,2021,202102,Postpartum bundled payments,1856,4.2,
Virginia,2021,202102,Postpartum visits,7978,18,
Virginia,2021,202102,Prenatal bundled payments,1927,4.3,
Virginia,2021,202102,Prenatal visits,8692,19.6,
Virginia,2021,202103,Postpartum bundled payments,2049,4.6,
Virginia,2021,202103,Postpartum visits,9533,21.3,
Virginia,2021,202103,Prenatal bundled payments,2186,4.9,
Virginia,2021,202103,Prenatal visits,10405,23.2,
Virginia,2021,202104,Postpartum bundled payments,1852,4.1,
Virginia,2021,202104,Postpartum visits,8415,18.6,
Virginia,2021,202104,Prenatal bundled payments,2002,4.4,
Virginia,2021,202104,Prenatal visits,9982,22.1,
Virginia,2021,202105,Postpartum bundled payments,1898,4.2,
Virginia,2021,202105,Postpartum visits,7768,17,
Virginia,2021,202105,Prenatal bundled payments,2060,4.5,
Virginia,2021,202105,Prenatal visits,9188,20.1,
Virginia,2021,202106,Postpartum bundled payments,2057,4.5,
Virginia,2021,202106,Postpartum visits,8175,17.7,
Virginia,2021,202106,Prenatal bundled payments,2204,4.8,
Virginia,2021,202106,Prenatal visits,10326,22.4,
Virginia,2021,202107,Postpartum bundled payments,2203,4.7,
Virginia,2021,202107,Postpartum visits,7810,16.7,
Virginia,2021,202107,Prenatal bundled payments,2300,4.9,
Virginia,2021,202107,Prenatal visits,10461,22.4,
Virginia,2021,202108,Postpartum bundled payments,2176,4.6,
Virginia,2021,202108,Postpartum visits,8380,17.7,
Virginia,2021,202108,Prenatal bundled payments,2259,4.8,
Virginia,2021,202108,Prenatal visits,10849,22.9,
Virginia,2021,202109,Postpartum bundled payments,2228,4.7,
Virginia,2021,202109,Postpartum visits,8489,17.7,
Virginia,2021,202109,Prenatal bundled payments,2304,4.8,
Virginia,2021,202109,Prenatal visits,10854,22.7,
Virginia,2021,202110,Postpartum bundled payments,2220,4.6,
Virginia,2021,202110,Postpartum visits,8323,17.2,
Virginia,2021,202110,Prenatal bundled payments,2194,4.5,
Virginia,2021,202110,Prenatal visits,10708,22.1,
Virginia,2021,202111,Postpartum bundled payments,2095,4.3,
Virginia,2021,202111,Postpartum visits,8294,16.9,
Virginia,2021,202111,Prenatal bundled payments,2145,4.4,
Virginia,2021,202111,Prenatal visits,11191,22.9,
Virginia,2021,202112,Postpartum bundled payments,2220,4.5,
Virginia,2021,202112,Postpartum visits,7806,15.8,
Virginia,2021,202112,Prenatal bundled payments,2392,4.8,
Virginia,2021,202112,Prenatal visits,10985,22.2,
Virginia,2022,202201,Postpartum bundled payments,2132,4.3,
Virginia,2022,202201,Postpartum visits,7669,15.3,
Virginia,2022,202201,Prenatal bundled payments,2170,4.3,
Virginia,2022,202201,Prenatal visits,10482,20.9,
Virginia,2022,202202,Postpartum bundled payments,2150,4.3,
Virginia,2022,202202,Postpartum visits,8764,17.4,
Virginia,2022,202202,Prenatal bundled payments,2200,4.4,
Virginia,2022,202202,Prenatal visits,11030,21.9,
Virginia,2022,202203,Postpartum bundled payments,2129,4.2,
Virginia,2022,202203,Postpartum visits,10151,20,
Virginia,2022,202203,Prenatal bundled payments,2271,4.5,
Virginia,2022,202203,Prenatal visits,12640,24.9,
Virginia,2022,202204,Postpartum bundled payments,1956,3.8,
Virginia,2022,202204,Postpartum visits,8669,16.9,
Virginia,2022,202204,Prenatal bundled payments,2048,4,
Virginia,2022,202204,Prenatal visits,11254,22,
Virginia,2022,202205,Postpartum bundled payments,2093,4.1,
Virginia,2022,202205,Postpartum visits,9041,17.5,
Virginia,2022,202205,Prenatal bundled payments,2149,4.2,
Virginia,2022,202205,Prenatal visits,12027,23.3,
Virginia,2022,202206,Postpartum bundled payments,2160,4.2,
Virginia,2022,202206,Postpartum visits,8901,17.1,
Virginia,2022,202206,Prenatal bundled payments,2313,4.4,
Virginia,2022,202206,Prenatal visits,12470,24,
Virginia,2022,202207,Postpartum bundled payments,2267,4.3,
Virginia,2022,202207,Postpartum visits,8300,15.8,
Virginia,2022,202207,Prenatal bundled payments,2339,4.5,
Virginia,2022,202207,Prenatal visits,11517,22,
Virginia,2022,202208,Postpartum bundled payments,2438,4.6,
Virginia,2022,202208,Postpartum visits,9818,18.5,
Virginia,2022,202208,Prenatal bundled payments,2567,4.8,
Virginia,2022,202208,Prenatal visits,13243,25,
Virginia,2022,202209,Postpartum bundled payments,2191,4.1,
Virginia,2022,202209,Postpartum visits,9318,17.4,
Virginia,2022,202209,Prenatal bundled payments,2294,4.3,
Virginia,2022,202209,Prenatal visits,12075,22.6,
Virginia,2022,202210,Postpartum bundled payments,2115,3.9,
Virginia,2022,202210,Postpartum visits,9414,17.5,
Virginia,2022,202210,Prenatal bundled payments,2187,4.1,
Virginia,2022,202210,Prenatal visits,11746,21.8,
Virginia,2022,202211,Postpartum bundled payments,2191,4,
Virginia,2022,202211,Postpartum visits,8747,16,
Virginia,2022,202211,Prenatal bundled payments,2281,4.2,
Virginia,2022,202211,Prenatal visits,11780,21.6,
Virginia,2022,202212,Postpartum bundled payments,2181,4,
Virginia,2022,202212,Postpartum visits,8252,15,
Virginia,2022,202212,Prenatal bundled payments,2258,4.1,
Virginia,2022,202212,Prenatal visits,11178,20.3,
Washington,2018,201801,Postpartum bundled payments,2534,5.9,
Washington,2018,201801,Postpartum visits,10434,24.5,
Washington,2018,201801,Prenatal bundled payments,2958,6.9,
Washington,2018,201801,Prenatal visits,16155,37.9,
Washington,2018,201802,Postpartum bundled payments,2231,5.3,
Washington,2018,201802,Postpartum visits,9051,21.3,
Washington,2018,201802,Prenatal bundled payments,2583,6.1,
Washington,2018,201802,Prenatal visits,13875,32.7,
Washington,2018,201803,Postpartum bundled payments,2550,6,
Washington,2018,201803,Postpartum visits,10284,24.3,
Washington,2018,201803,Prenatal bundled payments,3045,7.2,
Washington,2018,201803,Prenatal visits,15573,36.7,
Washington,2018,201804,Postpartum bundled payments,2337,5.6,
Washington,2018,201804,Postpartum visits,9490,22.6,
Washington,2018,201804,Prenatal bundled payments,2699,6.4,
Washington,2018,201804,Prenatal visits,14868,35.3,
Washington,2018,201805,Postpartum bundled payments,2571,6.1,
Washington,2018,201805,Postpartum visits,10199,24.2,
Washington,2018,201805,Prenatal bundled payments,2963,7,
Washington,2018,201805,Prenatal visits,15805,37.5,
Washington,2018,201806,Postpartum bundled payments,2471,5.9,
Washington,2018,201806,Postpartum visits,9416,22.5,
Washington,2018,201806,Prenatal bundled payments,2940,7,
Washington,2018,201806,Prenatal visits,14459,34.5,
Washington,2018,201807,Postpartum bundled payments,2545,6.1,
Washington,2018,201807,Postpartum visits,9163,21.9,
Washington,2018,201807,Prenatal bundled payments,3007,7.2,
Washington,2018,201807,Prenatal visits,14846,35.5,
Washington,2018,201808,Postpartum bundled payments,2554,6.1,
Washington,2018,201808,Postpartum visits,10188,24.4,
Washington,2018,201808,Prenatal bundled payments,3089,7.4,
Washington,2018,201808,Prenatal visits,14982,35.9,
Washington,2018,201809,Postpartum bundled payments,2430,5.9,
Washington,2018,201809,Postpartum visits,8983,21.6,
Washington,2018,201809,Prenatal bundled payments,2788,6.7,
Washington,2018,201809,Prenatal visits,13164,31.7,
Washington,2018,201810,Postpartum bundled payments,2368,5.7,
Washington,2018,201810,Postpartum visits,10198,24.6,
Washington,2018,201810,Prenatal bundled payments,2762,6.7,
Washington,2018,201810,Prenatal visits,14699,35.4,
Washington,2018,201811,Postpartum bundled payments,2320,5.6,
Washington,2018,201811,Postpartum visits,8812,21.2,
Washington,2018,201811,Prenatal bundled payments,2730,6.6,
Washington,2018,201811,Prenatal visits,13538,32.5,
Washington,2018,201812,Postpartum bundled payments,2307,5.5,
Washington,2018,201812,Postpartum visits,7845,18.8,
Washington,2018,201812,Prenatal bundled payments,2969,7.1,
Washington,2018,201812,Prenatal visits,13045,31.3,
Washington,2019,201901,Postpartum bundled payments,2366,5.7,
Washington,2019,201901,Postpartum visits,9735,23.5,
Washington,2019,201901,Prenatal bundled payments,2777,6.7,
Washington,2019,201901,Prenatal visits,15470,37.4,
Washington,2019,201902,Postpartum bundled payments,2226,5.4,
Washington,2019,201902,Postpartum visits,7887,19.2,
Washington,2019,201902,Prenatal bundled payments,2577,6.3,
Washington,2019,201902,Prenatal visits,12574,30.6,
Washington,2019,201903,Postpartum bundled payments,2443,6,
Washington,2019,201903,Postpartum visits,9223,22.5,
Washington,2019,201903,Prenatal bundled payments,2806,6.9,
Washington,2019,201903,Prenatal visits,14209,34.7,
Washington,2019,201904,Postpartum bundled payments,2356,5.8,
Washington,2019,201904,Postpartum visits,9695,23.8,
Washington,2019,201904,Prenatal bundled payments,2747,6.7,
Washington,2019,201904,Prenatal visits,14682,36,
Washington,2019,201905,Postpartum bundled payments,2481,6.1,
Washington,2019,201905,Postpartum visits,9988,24.5,
Washington,2019,201905,Prenatal bundled payments,2942,7.2,
Washington,2019,201905,Prenatal visits,15051,37,
Washington,2019,201906,Postpartum bundled payments,2348,5.8,
Washington,2019,201906,Postpartum visits,8672,21.3,
Washington,2019,201906,Prenatal bundled payments,2695,6.6,
Washington,2019,201906,Prenatal visits,13343,32.8,
Washington,2019,201907,Postpartum bundled payments,2511,6.2,
Washington,2019,201907,Postpartum visits,9420,23.2,
Washington,2019,201907,Prenatal bundled payments,3002,7.4,
Washington,2019,201907,Prenatal visits,14505,35.6,
Washington,2019,201908,Postpartum bundled payments,2499,6.1,
Washington,2019,201908,Postpartum visits,9401,23.1,
Washington,2019,201908,Prenatal bundled payments,2908,7.1,
Washington,2019,201908,Prenatal visits,13941,34.3,
Washington,2019,201909,Postpartum bundled payments,2401,5.9,
Washington,2019,201909,Postpartum visits,8751,21.5,
Washington,2019,201909,Prenatal bundled payments,2719,6.7,
Washington,2019,201909,Prenatal visits,13052,32.1,
Washington,2019,201910,Postpartum bundled payments,2386,5.9,
Washington,2019,201910,Postpartum visits,9843,24.2,
Washington,2019,201910,Prenatal bundled payments,2763,6.8,
Washington,2019,201910,Prenatal visits,14591,35.9,
Washington,2019,201911,Postpartum bundled payments,2138,5.3,
Washington,2019,201911,Postpartum visits,8132,20,
Washington,2019,201911,Prenatal bundled payments,2465,6.1,
Washington,2019,201911,Prenatal visits,12625,31.1,
Washington,2019,201912,Postpartum bundled payments,2167,5.3,
Washington,2019,201912,Postpartum visits,7768,19,
Washington,2019,201912,Prenatal bundled payments,2752,6.7,
Washington,2019,201912,Prenatal visits,13140,32.2,
Washington,2020,202001,Postpartum bundled payments,2311,5.7,
Washington,2020,202001,Postpartum visits,8977,22,
Washington,2020,202001,Prenatal bundled payments,2617,6.4,
Washington,2020,202001,Prenatal visits,14515,35.6,
Washington,2020,202002,Postpartum bundled payments,2098,5.2,
Washington,2020,202002,Postpartum visits,8199,20.2,
Washington,2020,202002,Prenatal bundled payments,2444,6,
Washington,2020,202002,Prenatal visits,12790,31.4,
Washington,2020,202003,Postpartum bundled payments,2357,5.7,
Washington,2020,202003,Postpartum visits,7313,17.8,
Washington,2020,202003,Prenatal bundled payments,2673,6.5,
Washington,2020,202003,Prenatal visits,12979,31.7,
Washington,2020,202004,Postpartum bundled payments,2266,5.4,
Washington,2020,202004,Postpartum visits,5901,14.2,
Washington,2020,202004,Prenatal bundled payments,2614,6.3,
Washington,2020,202004,Prenatal visits,12704,30.6,
Washington,2020,202005,Postpartum bundled payments,2302,5.5,
Washington,2020,202005,Postpartum visits,6744,16,
Washington,2020,202005,Prenatal bundled payments,2599,6.2,
Washington,2020,202005,Prenatal visits,12510,29.7,
Washington,2020,202006,Postpartum bundled payments,2344,5.5,
Washington,2020,202006,Postpartum visits,8590,20.1,
Washington,2020,202006,Prenatal bundled payments,2714,6.3,
Washington,2020,202006,Prenatal visits,13463,31.5,
Washington,2020,202007,Postpartum bundled payments,2457,5.6,
Washington,2020,202007,Postpartum visits,8800,20.2,
Washington,2020,202007,Prenatal bundled payments,2831,6.5,
Washington,2020,202007,Prenatal visits,14081,32.4,
Washington,2020,202008,Postpartum bundled payments,2307,5.2,
Washington,2020,202008,Postpartum visits,8858,20,
Washington,2020,202008,Prenatal bundled payments,2655,6,
Washington,2020,202008,Prenatal visits,13489,30.5,
Washington,2020,202009,Postpartum bundled payments,2265,5.1,
Washington,2020,202009,Postpartum visits,9130,20.4,
Washington,2020,202009,Prenatal bundled payments,2606,5.8,
Washington,2020,202009,Prenatal visits,13804,30.8,
Washington,2020,202010,Postpartum bundled payments,2321,5.1,
Washington,2020,202010,Postpartum visits,9623,21.2,
Washington,2020,202010,Prenatal bundled payments,2626,5.8,
Washington,2020,202010,Prenatal visits,14523,32,
Washington,2020,202011,Postpartum bundled payments,2134,4.6,
Washington,2020,202011,Postpartum visits,8415,18.3,
Washington,2020,202011,Prenatal bundled payments,2453,5.3,
Washington,2020,202011,Prenatal visits,12905,28.1,
Washington,2020,202012,Postpartum bundled payments,2230,4.8,
Washington,2020,202012,Postpartum visits,8907,19.1,
Washington,2020,202012,Prenatal bundled payments,2660,5.7,
Washington,2020,202012,Prenatal visits,14399,30.9,
Washington,2021,202101,Postpartum bundled payments,2130,4.5,
Washington,2021,202101,Postpartum visits,8933,19,
Washington,2021,202101,Prenatal bundled payments,2431,5.2,
Washington,2021,202101,Prenatal visits,13851,29.4,
Washington,2021,202102,Postpartum bundled payments,1996,4.2,
Washington,2021,202102,Postpartum visits,8693,18.3,
Washington,2021,202102,Prenatal bundled payments,2338,4.9,
Washington,2021,202102,Prenatal visits,13062,27.6,
Washington,2021,202103,Postpartum bundled payments,2215,4.6,
Washington,2021,202103,Postpartum visits,10396,21.7,
Washington,2021,202103,Prenatal bundled payments,2663,5.6,
Washington,2021,202103,Prenatal visits,15409,32.2,
Washington,2021,202104,Postpartum bundled payments,2261,4.7,
Washington,2021,202104,Postpartum visits,9373,19.4,
Washington,2021,202104,Prenatal bundled payments,2660,5.5,
Washington,2021,202104,Prenatal visits,14291,29.6,
Washington,2021,202105,Postpartum bundled payments,2335,4.8,
Washington,2021,202105,Postpartum visits,8962,18.4,
Washington,2021,202105,Prenatal bundled payments,2686,5.5,
Washington,2021,202105,Prenatal visits,13822,28.4,
Washington,2021,202106,Postpartum bundled payments,2265,4.6,
Washington,2021,202106,Postpartum visits,9483,19.4,
Washington,2021,202106,Prenatal bundled payments,2786,5.7,
Washington,2021,202106,Prenatal visits,14805,30.2,
Washington,2021,202107,Postpartum bundled payments,2399,4.8,
Washington,2021,202107,Postpartum visits,9117,18.4,
Washington,2021,202107,Prenatal bundled payments,2830,5.7,
Washington,2021,202107,Prenatal visits,14860,30,
Washington,2021,202108,Postpartum bundled payments,2341,4.7,
Washington,2021,202108,Postpartum visits,9435,18.8,
Washington,2021,202108,Prenatal bundled payments,2792,5.6,
Washington,2021,202108,Prenatal visits,15007,30,
Washington,2021,202109,Postpartum bundled payments,2285,4.5,
Washington,2021,202109,Postpartum visits,9447,18.7,
Washington,2021,202109,Prenatal bundled payments,2649,5.2,
Washington,2021,202109,Prenatal visits,14563,28.8,
Washington,2021,202110,Postpartum bundled payments,2172,4.3,
Washington,2021,202110,Postpartum visits,9350,18.4,
Washington,2021,202110,Prenatal bundled payments,2479,4.9,
Washington,2021,202110,Prenatal visits,14421,28.3,
Washington,2021,202111,Postpartum bundled payments,2056,4,
Washington,2021,202111,Postpartum visits,8640,16.8,
Washington,2021,202111,Prenatal bundled payments,2457,4.8,
Washington,2021,202111,Prenatal visits,14650,28.5,
Washington,2021,202112,Postpartum bundled payments,2138,4.1,
Washington,2021,202112,Postpartum visits,8228,15.9,
Washington,2021,202112,Prenatal bundled payments,2622,5.1,
Washington,2021,202112,Prenatal visits,14364,27.8,
Washington,2022,202201,Postpartum bundled payments,2139,4.1,
Washington,2022,202201,Postpartum visits,8589,16.5,
Washington,2022,202201,Prenatal bundled payments,2477,4.7,
Washington,2022,202201,Prenatal visits,14900,28.6,
Washington,2022,202202,Postpartum bundled payments,1989,3.8,
Washington,2022,202202,Postpartum visits,8537,16.3,
Washington,2022,202202,Prenatal bundled payments,2299,4.4,
Washington,2022,202202,Prenatal visits,14408,27.5,
Washington,2022,202203,Postpartum bundled payments,2232,4.2,
Washington,2022,202203,Postpartum visits,10097,19.2,
Washington,2022,202203,Prenatal bundled payments,2708,5.1,
Washington,2022,202203,Prenatal visits,16757,31.8,
Washington,2022,202204,Postpartum bundled payments,2178,4.1,
Washington,2022,202204,Postpartum visits,8813,16.6,
Washington,2022,202204,Prenatal bundled payments,2489,4.7,
Washington,2022,202204,Prenatal visits,14644,27.6,
Washington,2022,202205,Postpartum bundled payments,2239,4.2,
Washington,2022,202205,Postpartum visits,9082,17,
Washington,2022,202205,Prenatal bundled payments,2610,4.9,
Washington,2022,202205,Prenatal visits,15064,28.2,
Washington,2022,202206,Postpartum bundled payments,2128,3.9,
Washington,2022,202206,Postpartum visits,8789,16.3,
Washington,2022,202206,Prenatal bundled payments,2581,4.8,
Washington,2022,202206,Prenatal visits,15224,28.2,
Washington,2022,202207,Postpartum bundled payments,2200,4.1,
Washington,2022,202207,Postpartum visits,8168,15.1,
Washington,2022,202207,Prenatal bundled payments,2584,4.8,
Washington,2022,202207,Prenatal visits,13895,25.6,
Washington,2022,202208,Postpartum bundled payments,2353,4.3,
Washington,2022,202208,Postpartum visits,9244,16.9,
Washington,2022,202208,Prenatal bundled payments,2837,5.2,
Washington,2022,202208,Prenatal visits,15651,28.6,
Washington,2022,202209,Postpartum bundled payments,2169,3.9,
Washington,2022,202209,Postpartum visits,8433,15.3,
Washington,2022,202209,Prenatal bundled payments,2546,4.6,
Washington,2022,202209,Prenatal visits,14769,26.8,
Washington,2022,202210,Postpartum bundled payments,2012,3.6,
Washington,2022,202210,Postpartum visits,8614,15.5,
Washington,2022,202210,Prenatal bundled payments,2327,4.2,
Washington,2022,202210,Prenatal visits,14023,25.3,
Washington,2022,202211,Postpartum bundled payments,2022,3.6,
Washington,2022,202211,Postpartum visits,8480,15.2,
Washington,2022,202211,Prenatal bundled payments,2380,4.3,
Washington,2022,202211,Prenatal visits,13690,24.5,
Washington,2022,202212,Postpartum bundled payments,2194,3.9,
Washington,2022,202212,Postpartum visits,7813,13.9,
Washington,2022,202212,Prenatal bundled payments,2542,4.5,
Washington,2022,202212,Prenatal visits,13594,24.2,
West Virginia,2018,201801,Postpartum bundled payments,48,0.4,
West Virginia,2018,201801,Postpartum visits,1575,11.8,
West Virginia,2018,201801,Prenatal bundled payments,33,0.2,
West Virginia,2018,201801,Prenatal visits,4713,35.3,
West Virginia,2018,201802,Postpartum bundled payments,45,0.3,
West Virginia,2018,201802,Postpartum visits,1610,12.1,
West Virginia,2018,201802,Prenatal bundled payments,31,0.2,
West Virginia,2018,201802,Prenatal visits,4580,34.5,
West Virginia,2018,201803,Postpartum bundled payments,41,0.3,
West Virginia,2018,201803,Postpartum visits,1943,14.6,
West Virginia,2018,201803,Prenatal bundled payments,19,0.1,
West Virginia,2018,201803,Prenatal visits,5071,38.2,
West Virginia,2018,201804,Postpartum bundled payments,53,0.4,
West Virginia,2018,201804,Postpartum visits,2247,17,
West Virginia,2018,201804,Prenatal bundled payments,29,0.2,
West Virginia,2018,201804,Prenatal visits,5817,43.9,
West Virginia,2018,201805,Postpartum bundled payments,65,0.5,
West Virginia,2018,201805,Postpartum visits,2533,19.2,
West Virginia,2018,201805,Prenatal bundled payments,32,0.2,
West Virginia,2018,201805,Prenatal visits,8190,62,
West Virginia,2018,201806,Postpartum bundled payments,62,0.5,
West Virginia,2018,201806,Postpartum visits,2261,17.2,
West Virginia,2018,201806,Prenatal bundled payments,27,0.2,
West Virginia,2018,201806,Prenatal visits,7801,59.3,
West Virginia,2018,201807,Postpartum bundled payments,49,0.4,
West Virginia,2018,201807,Postpartum visits,2171,16.5,
West Virginia,2018,201807,Prenatal bundled payments,833,6.3,
West Virginia,2018,201807,Prenatal visits,7255,55.1,
West Virginia,2018,201808,Postpartum bundled payments,51,0.4,
West Virginia,2018,201808,Postpartum visits,2400,18.3,
West Virginia,2018,201808,Prenatal bundled payments,911,6.9,
West Virginia,2018,201808,Prenatal visits,7694,58.5,
West Virginia,2018,201809,Postpartum bundled payments,36,0.3,
West Virginia,2018,201809,Postpartum visits,2032,15.6,
West Virginia,2018,201809,Prenatal bundled payments,781,6,
West Virginia,2018,201809,Prenatal visits,6783,51.9,
West Virginia,2018,201810,Postpartum bundled payments,42,0.3,
West Virginia,2018,201810,Postpartum visits,2500,19.2,
West Virginia,2018,201810,Prenatal bundled payments,871,6.7,
West Virginia,2018,201810,Prenatal visits,7513,57.8,
West Virginia,2018,201811,Postpartum bundled payments,24,0.2,
West Virginia,2018,201811,Postpartum visits,1775,13.8,
West Virginia,2018,201811,Prenatal bundled payments,747,5.8,
West Virginia,2018,201811,Prenatal visits,6061,47.1,
West Virginia,2018,201812,Postpartum bundled payments,14,0.1,
West Virginia,2018,201812,Postpartum visits,494,3.9,
West Virginia,2018,201812,Prenatal bundled payments,784,6.1,
West Virginia,2018,201812,Prenatal visits,1903,14.9,
West Virginia,2019,201901,Postpartum bundled payments,17,0.1,
West Virginia,2019,201901,Postpartum visits,454,3.6,
West Virginia,2019,201901,Prenatal bundled payments,794,6.2,
West Virginia,2019,201901,Prenatal visits,1526,11.9,
West Virginia,2019,201902,Postpartum bundled payments,13,0.1,
West Virginia,2019,201902,Postpartum visits,440,3.5,
West Virginia,2019,201902,Prenatal bundled payments,731,5.7,
West Virginia,2019,201902,Prenatal visits,1418,11.1,
West Virginia,2019,201903,Postpartum bundled payments,15,0.1,
West Virginia,2019,201903,Postpartum visits,459,3.6,
West Virginia,2019,201903,Prenatal bundled payments,760,6,
West Virginia,2019,201903,Prenatal visits,1691,13.3,
West Virginia,2019,201904,Postpartum bundled payments,18,0.1,
West Virginia,2019,201904,Postpartum visits,503,4,
West Virginia,2019,201904,Prenatal bundled payments,733,5.8,
West Virginia,2019,201904,Prenatal visits,1733,13.6,
West Virginia,2019,201905,Postpartum bundled payments,34,0.3,
West Virginia,2019,201905,Postpartum visits,731,5.8,
West Virginia,2019,201905,Prenatal bundled payments,825,6.5,
West Virginia,2019,201905,Prenatal visits,2314,18.2,
West Virginia,2019,201906,Postpartum bundled payments,28,0.2,
West Virginia,2019,201906,Postpartum visits,1700,13.4,
West Virginia,2019,201906,Prenatal bundled payments,745,5.9,
West Virginia,2019,201906,Prenatal visits,5976,47.2,
West Virginia,2019,201907,Postpartum bundled payments,35,0.3,
West Virginia,2019,201907,Postpartum visits,2106,16.6,
West Virginia,2019,201907,Prenatal bundled payments,901,7.1,
West Virginia,2019,201907,Prenatal visits,7480,58.8,
West Virginia,2019,201908,Postpartum bundled payments,36,0.3,
West Virginia,2019,201908,Postpartum visits,2144,16.9,
West Virginia,2019,201908,Prenatal bundled payments,888,7,
West Virginia,2019,201908,Prenatal visits,7220,56.8,
West Virginia,2019,201909,Postpartum bundled payments,49,0.4,
West Virginia,2019,201909,Postpartum visits,2232,17.6,
West Virginia,2019,201909,Prenatal bundled payments,895,7.1,
West Virginia,2019,201909,Prenatal visits,7003,55.4,
West Virginia,2019,201910,Postpartum bundled payments,43,0.3,
West Virginia,2019,201910,Postpartum visits,2935,23.2,
West Virginia,2019,201910,Prenatal bundled payments,779,6.2,
West Virginia,2019,201910,Prenatal visits,9064,71.7,
West Virginia,2019,201911,Postpartum bundled payments,47,0.4,
West Virginia,2019,201911,Postpartum visits,2329,18.5,
West Virginia,2019,201911,Prenatal bundled payments,772,6.1,
West Virginia,2019,201911,Prenatal visits,7913,62.9,
West Virginia,2019,201912,Postpartum bundled payments,54,0.4,
West Virginia,2019,201912,Postpartum visits,2146,17.1,
West Virginia,2019,201912,Prenatal bundled payments,876,7,
West Virginia,2019,201912,Prenatal visits,8257,65.8,
West Virginia,2020,202001,Postpartum bundled payments,53,0.4,
West Virginia,2020,202001,Postpartum visits,2932,23.4,
West Virginia,2020,202001,Prenatal bundled payments,861,6.9,
West Virginia,2020,202001,Prenatal visits,8989,71.6,
West Virginia,2020,202002,Postpartum bundled payments,48,0.4,
West Virginia,2020,202002,Postpartum visits,2646,21.1,
West Virginia,2020,202002,Prenatal bundled payments,731,5.8,
West Virginia,2020,202002,Prenatal visits,7724,61.7,
West Virginia,2020,202003,Postpartum bundled payments,42,0.3,
West Virginia,2020,202003,Postpartum visits,1919,15.4,
West Virginia,2020,202003,Prenatal bundled payments,795,6.4,
West Virginia,2020,202003,Prenatal visits,7728,62,
West Virginia,2020,202004,Postpartum bundled payments,42,0.3,
West Virginia,2020,202004,Postpartum visits,1296,10.2,
West Virginia,2020,202004,Prenatal bundled payments,773,6.1,
West Virginia,2020,202004,Prenatal visits,7935,62.4,
West Virginia,2020,202005,Postpartum bundled payments,32,0.2,
West Virginia,2020,202005,Postpartum visits,1836,14.2,
West Virginia,2020,202005,Prenatal bundled payments,748,5.8,
West Virginia,2020,202005,Prenatal visits,7663,59.3,
West Virginia,2020,202006,Postpartum bundled payments,26,0.2,
West Virginia,2020,202006,Postpartum visits,2425,18.5,
West Virginia,2020,202006,Prenatal bundled payments,772,5.9,
West Virginia,2020,202006,Prenatal visits,8102,61.8,
West Virginia,2020,202007,Postpartum bundled payments,44,0.3,
West Virginia,2020,202007,Postpartum visits,2653,20,
West Virginia,2020,202007,Prenatal bundled payments,842,6.3,
West Virginia,2020,202007,Prenatal visits,8548,64.3,
West Virginia,2020,202008,Postpartum bundled payments,48,0.4,
West Virginia,2020,202008,Postpartum visits,2573,19.1,
West Virginia,2020,202008,Prenatal bundled payments,807,6,
West Virginia,2020,202008,Prenatal visits,7423,55.1,
West Virginia,2020,202009,Postpartum bundled payments,43,0.3,
West Virginia,2020,202009,Postpartum visits,2615,19.2,
West Virginia,2020,202009,Prenatal bundled payments,826,6.1,
West Virginia,2020,202009,Prenatal visits,8067,59.2,
West Virginia,2020,202010,Postpartum bundled payments,53,0.4,
West Virginia,2020,202010,Postpartum visits,2762,20.1,
West Virginia,2020,202010,Prenatal bundled payments,765,5.6,
West Virginia,2020,202010,Prenatal visits,7509,54.5,
West Virginia,2020,202011,Postpartum bundled payments,42,0.3,
West Virginia,2020,202011,Postpartum visits,2157,15.5,
West Virginia,2020,202011,Prenatal bundled payments,733,5.3,
West Virginia,2020,202011,Prenatal visits,6766,48.6,
West Virginia,2020,202012,Postpartum bundled payments,52,0.4,
West Virginia,2020,202012,Postpartum visits,2221,15.8,
West Virginia,2020,202012,Prenatal bundled payments,768,5.5,
West Virginia,2020,202012,Prenatal visits,7594,54,
West Virginia,2021,202101,Postpartum bundled payments,47,0.3,
West Virginia,2021,202101,Postpartum visits,2079,14.7,
West Virginia,2021,202101,Prenatal bundled payments,708,5,
West Virginia,2021,202101,Prenatal visits,6677,47.1,
West Virginia,2021,202102,Postpartum bundled payments,64,0.4,
West Virginia,2021,202102,Postpartum visits,2225,15.6,
West Virginia,2021,202102,Prenatal bundled payments,724,5.1,
West Virginia,2021,202102,Prenatal visits,6775,47.4,
West Virginia,2021,202103,Postpartum bundled payments,75,0.5,
West Virginia,2021,202103,Postpartum visits,2985,20.7,
West Virginia,2021,202103,Prenatal bundled payments,803,5.6,
West Virginia,2021,202103,Prenatal visits,8544,59.3,
West Virginia,2021,202104,Postpartum bundled payments,59,0.4,
West Virginia,2021,202104,Postpartum visits,2672,18.4,
West Virginia,2021,202104,Prenatal bundled payments,734,5.1,
West Virginia,2021,202104,Prenatal visits,8707,60,
West Virginia,2021,202105,Postpartum bundled payments,53,0.4,
West Virginia,2021,202105,Postpartum visits,2275,15.6,
West Virginia,2021,202105,Prenatal bundled payments,780,5.3,
West Virginia,2021,202105,Prenatal visits,7493,51.4,
West Virginia,2021,202106,Postpartum bundled payments,61,0.4,
West Virginia,2021,202106,Postpartum visits,2496,17,
West Virginia,2021,202106,Prenatal bundled payments,775,5.3,
West Virginia,2021,202106,Prenatal visits,8658,59,
West Virginia,2021,202107,Postpartum bundled payments,60,0.4,
West Virginia,2021,202107,Postpartum visits,2426,16.4,
West Virginia,2021,202107,Prenatal bundled payments,832,5.6,
West Virginia,2021,202107,Prenatal visits,7845,53.1,
West Virginia,2021,202108,Postpartum bundled payments,64,0.4,
West Virginia,2021,202108,Postpartum visits,2578,17.3,
West Virginia,2021,202108,Prenatal bundled payments,788,5.3,
West Virginia,2021,202108,Prenatal visits,7615,51.2,
West Virginia,2021,202109,Postpartum bundled payments,48,0.3,
West Virginia,2021,202109,Postpartum visits,2637,17.6,
West Virginia,2021,202109,Prenatal bundled payments,796,5.3,
West Virginia,2021,202109,Prenatal visits,8100,54.1,
West Virginia,2021,202110,Postpartum bundled payments,54,0.4,
West Virginia,2021,202110,Postpartum visits,2574,17.1,
West Virginia,2021,202110,Prenatal bundled payments,792,5.3,
West Virginia,2021,202110,Prenatal visits,7342,48.7,
West Virginia,2021,202111,Postpartum bundled payments,54,0.4,
West Virginia,2021,202111,Postpartum visits,2687,17.7,
West Virginia,2021,202111,Prenatal bundled payments,723,4.8,
West Virginia,2021,202111,Prenatal visits,7917,52.2,
West Virginia,2021,202112,Postpartum bundled payments,40,0.3,
West Virginia,2021,202112,Postpartum visits,2334,15.3,
West Virginia,2021,202112,Prenatal bundled payments,786,5.2,
West Virginia,2021,202112,Prenatal visits,7709,50.5,
West Virginia,2022,202201,Postpartum bundled payments,50,0.3,
West Virginia,2022,202201,Postpartum visits,2233,14.5,
West Virginia,2022,202201,Prenatal bundled payments,726,4.7,
West Virginia,2022,202201,Prenatal visits,6912,44.9,
West Virginia,2022,202202,Postpartum bundled payments,44,0.3,
West Virginia,2022,202202,Postpartum visits,2564,16.6,
West Virginia,2022,202202,Prenatal bundled payments,669,4.3,
West Virginia,2022,202202,Prenatal visits,6998,45.2,
West Virginia,2022,202203,Postpartum bundled payments,49,0.3,
West Virginia,2022,202203,Postpartum visits,2994,19.2,
West Virginia,2022,202203,Prenatal bundled payments,675,4.3,
West Virginia,2022,202203,Prenatal visits,8513,54.7,
West Virginia,2022,202204,Postpartum bundled payments,49,0.3,
West Virginia,2022,202204,Postpartum visits,2689,17.2,
West Virginia,2022,202204,Prenatal bundled payments,676,4.3,
West Virginia,2022,202204,Prenatal visits,7774,49.7,
West Virginia,2022,202205,Postpartum bundled payments,42,0.3,
West Virginia,2022,202205,Postpartum visits,2731,17.4,
West Virginia,2022,202205,Prenatal bundled payments,679,4.3,
West Virginia,2022,202205,Prenatal visits,7824,49.8,
West Virginia,2022,202206,Postpartum bundled payments,44,0.3,
West Virginia,2022,202206,Postpartum visits,2782,17.6,
West Virginia,2022,202206,Prenatal bundled payments,707,4.5,
West Virginia,2022,202206,Prenatal visits,8389,53.1,
West Virginia,2022,202207,Postpartum bundled payments,60,0.4,
West Virginia,2022,202207,Postpartum visits,2325,14.7,
West Virginia,2022,202207,Prenatal bundled payments,810,5.1,
West Virginia,2022,202207,Prenatal visits,7047,44.4,
West Virginia,2022,202208,Postpartum bundled payments,66,0.4,
West Virginia,2022,202208,Postpartum visits,2972,18.5,
West Virginia,2022,202208,Prenatal bundled payments,864,5.4,
West Virginia,2022,202208,Prenatal visits,8489,53,
West Virginia,2022,202209,Postpartum bundled payments,70,0.4,
West Virginia,2022,202209,Postpartum visits,2824,17.6,
West Virginia,2022,202209,Prenatal bundled payments,826,5.1,
West Virginia,2022,202209,Prenatal visits,7904,49.2,
West Virginia,2022,202210,Postpartum bundled payments,66,0.4,
West Virginia,2022,202210,Postpartum visits,2731,16.9,
West Virginia,2022,202210,Prenatal bundled payments,776,4.8,
West Virginia,2022,202210,Prenatal visits,7318,45.4,
West Virginia,2022,202211,Postpartum bundled payments,65,0.4,
West Virginia,2022,202211,Postpartum visits,2644,16.3,
West Virginia,2022,202211,Prenatal bundled payments,715,4.4,
West Virginia,2022,202211,Prenatal visits,7884,48.7,
West Virginia,2022,202212,Postpartum bundled payments,64,0.4,
West Virginia,2022,202212,Postpartum visits,2274,14,
West Virginia,2022,202212,Prenatal bundled payments,754,4.6,
West Virginia,2022,202212,Prenatal visits,7352,45.2,
Wisconsin,2018,201801,Postpartum bundled payments,1520,5.8,
Wisconsin,2018,201801,Postpartum visits,4373,16.7,
Wisconsin,2018,201801,Prenatal bundled payments,1918,7.3,
Wisconsin,2018,201801,Prenatal visits,7928,30.3,
Wisconsin,2018,201802,Postpartum bundled payments,1302,5,
Wisconsin,2018,201802,Postpartum visits,4018,15.3,
Wisconsin,2018,201802,Prenatal bundled payments,1695,6.5,
Wisconsin,2018,201802,Prenatal visits,6791,25.9,
Wisconsin,2018,201803,Postpartum bundled payments,1443,5.5,
Wisconsin,2018,201803,Postpartum visits,4261,16.3,
Wisconsin,2018,201803,Prenatal bundled payments,1857,7.1,
Wisconsin,2018,201803,Prenatal visits,7413,28.3,
Wisconsin,2018,201804,Postpartum bundled payments,1395,5.3,
Wisconsin,2018,201804,Postpartum visits,4126,15.8,
Wisconsin,2018,201804,Prenatal bundled payments,1785,6.8,
Wisconsin,2018,201804,Prenatal visits,7022,26.9,
Wisconsin,2018,201805,Postpartum bundled payments,1459,5.6,
Wisconsin,2018,201805,Postpartum visits,4355,16.7,
Wisconsin,2018,201805,Prenatal bundled payments,1935,7.4,
Wisconsin,2018,201805,Prenatal visits,7414,28.4,
Wisconsin,2018,201806,Postpartum bundled payments,1363,5.2,
Wisconsin,2018,201806,Postpartum visits,3806,14.6,
Wisconsin,2018,201806,Prenatal bundled payments,1722,6.6,
Wisconsin,2018,201806,Prenatal visits,7015,26.9,
Wisconsin,2018,201807,Postpartum bundled payments,1405,5.4,
Wisconsin,2018,201807,Postpartum visits,3806,14.6,
Wisconsin,2018,201807,Prenatal bundled payments,1824,7,
Wisconsin,2018,201807,Prenatal visits,7219,27.6,
Wisconsin,2018,201808,Postpartum bundled payments,1498,5.7,
Wisconsin,2018,201808,Postpartum visits,4184,16,
Wisconsin,2018,201808,Prenatal bundled payments,1898,7.3,
Wisconsin,2018,201808,Prenatal visits,7370,28.2,
Wisconsin,2018,201809,Postpartum bundled payments,1351,5.2,
Wisconsin,2018,201809,Postpartum visits,3761,14.4,
Wisconsin,2018,201809,Prenatal bundled payments,1669,6.4,
Wisconsin,2018,201809,Prenatal visits,6378,24.5,
Wisconsin,2018,201810,Postpartum bundled payments,1372,5.3,
Wisconsin,2018,201810,Postpartum visits,4231,16.3,
Wisconsin,2018,201810,Prenatal bundled payments,1745,6.7,
Wisconsin,2018,201810,Prenatal visits,7064,27.2,
Wisconsin,2018,201811,Postpartum bundled payments,1312,5.1,
Wisconsin,2018,201811,Postpartum visits,3674,14.2,
Wisconsin,2018,201811,Prenatal bundled payments,1631,6.3,
Wisconsin,2018,201811,Prenatal visits,6652,25.7,
Wisconsin,2018,201812,Postpartum bundled payments,1340,5.2,
Wisconsin,2018,201812,Postpartum visits,3226,12.5,
Wisconsin,2018,201812,Prenatal bundled payments,1690,6.6,
Wisconsin,2018,201812,Prenatal visits,6343,24.6,
Wisconsin,2019,201901,Postpartum bundled payments,1389,5.4,
Wisconsin,2019,201901,Postpartum visits,3913,15.2,
Wisconsin,2019,201901,Prenatal bundled payments,1756,6.8,
Wisconsin,2019,201901,Prenatal visits,7004,27.2,
Wisconsin,2019,201902,Postpartum bundled payments,1272,4.9,
Wisconsin,2019,201902,Postpartum visits,3841,14.8,
Wisconsin,2019,201902,Prenatal bundled payments,1588,6.1,
Wisconsin,2019,201902,Prenatal visits,6480,25,
Wisconsin,2019,201903,Postpartum bundled payments,1326,5.1,
Wisconsin,2019,201903,Postpartum visits,3886,15,
Wisconsin,2019,201903,Prenatal bundled payments,1631,6.3,
Wisconsin,2019,201903,Prenatal visits,6825,26.3,
Wisconsin,2019,201904,Postpartum bundled payments,1309,5,
Wisconsin,2019,201904,Postpartum visits,4232,16.3,
Wisconsin,2019,201904,Prenatal bundled payments,1592,6.1,
Wisconsin,2019,201904,Prenatal visits,7141,27.5,
Wisconsin,2019,201905,Postpartum bundled payments,1403,5.4,
Wisconsin,2019,201905,Postpartum visits,4203,16.1,
Wisconsin,2019,201905,Prenatal bundled payments,1754,6.7,
Wisconsin,2019,201905,Prenatal visits,7007,26.9,
Wisconsin,2019,201906,Postpartum bundled payments,1381,5.3,
Wisconsin,2019,201906,Postpartum visits,3605,13.8,
Wisconsin,2019,201906,Prenatal bundled payments,1661,6.4,
Wisconsin,2019,201906,Prenatal visits,6411,24.6,
Wisconsin,2019,201907,Postpartum bundled payments,1564,6,
Wisconsin,2019,201907,Postpartum visits,3880,14.9,
Wisconsin,2019,201907,Prenatal bundled payments,1902,7.3,
Wisconsin,2019,201907,Prenatal visits,7166,27.5,
Wisconsin,2019,201908,Postpartum bundled payments,1526,5.8,
Wisconsin,2019,201908,Postpartum visits,3958,15.2,
Wisconsin,2019,201908,Prenatal bundled payments,1852,7.1,
Wisconsin,2019,201908,Prenatal visits,7001,26.8,
Wisconsin,2019,201909,Postpartum bundled payments,1378,5.3,
Wisconsin,2019,201909,Postpartum visits,3801,14.6,
Wisconsin,2019,201909,Prenatal bundled payments,1663,6.4,
Wisconsin,2019,201909,Prenatal visits,6895,26.4,
Wisconsin,2019,201910,Postpartum bundled payments,1392,5.3,
Wisconsin,2019,201910,Postpartum visits,4179,16,
Wisconsin,2019,201910,Prenatal bundled payments,1759,6.8,
Wisconsin,2019,201910,Prenatal visits,7107,27.3,
Wisconsin,2019,201911,Postpartum bundled payments,1272,4.9,
Wisconsin,2019,201911,Postpartum visits,3570,13.8,
Wisconsin,2019,201911,Prenatal bundled payments,1619,6.2,
Wisconsin,2019,201911,Prenatal visits,6367,24.5,
Wisconsin,2019,201912,Postpartum bundled payments,1294,5,
Wisconsin,2019,201912,Postpartum visits,3251,12.5,
Wisconsin,2019,201912,Prenatal bundled payments,1636,6.3,
Wisconsin,2019,201912,Prenatal visits,6524,25.2,
Wisconsin,2020,202001,Postpartum bundled payments,1362,5.2,
Wisconsin,2020,202001,Postpartum visits,4037,15.6,
Wisconsin,2020,202001,Prenatal bundled payments,1694,6.5,
Wisconsin,2020,202001,Prenatal visits,7374,28.4,
Wisconsin,2020,202002,Postpartum bundled payments,1308,5,
Wisconsin,2020,202002,Postpartum visits,3568,13.7,
Wisconsin,2020,202002,Prenatal bundled payments,1613,6.2,
Wisconsin,2020,202002,Prenatal visits,6211,23.9,
Wisconsin,2020,202003,Postpartum bundled payments,1356,5.2,
Wisconsin,2020,202003,Postpartum visits,2740,10.5,
Wisconsin,2020,202003,Prenatal bundled payments,1693,6.5,
Wisconsin,2020,202003,Prenatal visits,5756,22.1,
Wisconsin,2020,202004,Postpartum bundled payments,1277,4.7,
Wisconsin,2020,202004,Postpartum visits,1685,6.2,
Wisconsin,2020,202004,Prenatal bundled payments,1538,5.7,
Wisconsin,2020,202004,Prenatal visits,4873,18,
Wisconsin,2020,202005,Postpartum bundled payments,1358,4.9,
Wisconsin,2020,202005,Postpartum visits,2190,7.8,
Wisconsin,2020,202005,Prenatal bundled payments,1602,5.7,
Wisconsin,2020,202005,Prenatal visits,5095,18.2,
Wisconsin,2020,202006,Postpartum bundled payments,1307,4.6,
Wisconsin,2020,202006,Postpartum visits,3617,12.6,
Wisconsin,2020,202006,Prenatal bundled payments,1626,5.7,
Wisconsin,2020,202006,Prenatal visits,5887,20.6,
Wisconsin,2020,202007,Postpartum bundled payments,1468,5,
Wisconsin,2020,202007,Postpartum visits,4092,14,
Wisconsin,2020,202007,Prenatal bundled payments,1730,5.9,
Wisconsin,2020,202007,Prenatal visits,6100,20.9,
Wisconsin,2020,202008,Postpartum bundled payments,1438,4.8,
Wisconsin,2020,202008,Postpartum visits,4016,13.5,
Wisconsin,2020,202008,Prenatal bundled payments,1653,5.5,
Wisconsin,2020,202008,Prenatal visits,5863,19.6,
Wisconsin,2020,202009,Postpartum bundled payments,1420,4.7,
Wisconsin,2020,202009,Postpartum visits,4221,13.9,
Wisconsin,2020,202009,Prenatal bundled payments,1734,5.7,
Wisconsin,2020,202009,Prenatal visits,6074,20,
Wisconsin,2020,202010,Postpartum bundled payments,1422,4.6,
Wisconsin,2020,202010,Postpartum visits,4326,14,
Wisconsin,2020,202010,Prenatal bundled payments,1687,5.5,
Wisconsin,2020,202010,Prenatal visits,6304,20.4,
Wisconsin,2020,202011,Postpartum bundled payments,1337,4.2,
Wisconsin,2020,202011,Postpartum visits,3822,12.1,
Wisconsin,2020,202011,Prenatal bundled payments,1590,5,
Wisconsin,2020,202011,Prenatal visits,5640,17.9,
Wisconsin,2020,202012,Postpartum bundled payments,1557,4.9,
Wisconsin,2020,202012,Postpartum visits,3910,12.2,
Wisconsin,2020,202012,Prenatal bundled payments,1806,5.6,
Wisconsin,2020,202012,Prenatal visits,6083,19,
Wisconsin,2021,202101,Postpartum bundled payments,1437,4.4,
Wisconsin,2021,202101,Postpartum visits,4359,13.4,
Wisconsin,2021,202101,Prenatal bundled payments,1609,4.9,
Wisconsin,2021,202101,Prenatal visits,6180,19,
Wisconsin,2021,202102,Postpartum bundled payments,1338,4.1,
Wisconsin,2021,202102,Postpartum visits,4101,12.5,
Wisconsin,2021,202102,Prenatal bundled payments,1533,4.7,
Wisconsin,2021,202102,Prenatal visits,6095,18.5,
Wisconsin,2021,202103,Postpartum bundled payments,1552,4.7,
Wisconsin,2021,202103,Postpartum visits,4732,14.2,
Wisconsin,2021,202103,Prenatal bundled payments,1827,5.5,
Wisconsin,2021,202103,Prenatal visits,6776,20.4,
Wisconsin,2021,202104,Postpartum bundled payments,1516,4.5,
Wisconsin,2021,202104,Postpartum visits,4384,13,
Wisconsin,2021,202104,Prenatal bundled payments,1775,5.3,
Wisconsin,2021,202104,Prenatal visits,6681,19.8,
Wisconsin,2021,202105,Postpartum bundled payments,1433,4.2,
Wisconsin,2021,202105,Postpartum visits,3904,11.5,
Wisconsin,2021,202105,Prenatal bundled payments,1668,4.9,
Wisconsin,2021,202105,Prenatal visits,6368,18.7,
Wisconsin,2021,202106,Postpartum bundled payments,1568,4.6,
Wisconsin,2021,202106,Postpartum visits,3926,11.4,
Wisconsin,2021,202106,Prenatal bundled payments,1943,5.7,
Wisconsin,2021,202106,Prenatal visits,6902,20.1,
Wisconsin,2021,202107,Postpartum bundled payments,1596,4.6,
Wisconsin,2021,202107,Postpartum visits,3912,11.3,
Wisconsin,2021,202107,Prenatal bundled payments,1849,5.3,
Wisconsin,2021,202107,Prenatal visits,6900,19.9,
Wisconsin,2021,202108,Postpartum bundled payments,1515,4.3,
Wisconsin,2021,202108,Postpartum visits,4273,12.2,
Wisconsin,2021,202108,Prenatal bundled payments,1797,5.1,
Wisconsin,2021,202108,Prenatal visits,6916,19.8,
Wisconsin,2021,202109,Postpartum bundled payments,1530,4.3,
Wisconsin,2021,202109,Postpartum visits,4132,11.7,
Wisconsin,2021,202109,Prenatal bundled payments,1817,5.1,
Wisconsin,2021,202109,Prenatal visits,6519,18.5,
Wisconsin,2021,202110,Postpartum bundled payments,1471,4.1,
Wisconsin,2021,202110,Postpartum visits,4089,11.5,
Wisconsin,2021,202110,Prenatal bundled payments,1650,4.6,
Wisconsin,2021,202110,Prenatal visits,6123,17.2,
Wisconsin,2021,202111,Postpartum bundled payments,1421,4,
Wisconsin,2021,202111,Postpartum visits,3870,10.8,
Wisconsin,2021,202111,Prenatal bundled payments,1685,4.7,
Wisconsin,2021,202111,Prenatal visits,5962,16.6,
Wisconsin,2021,202112,Postpartum bundled payments,1510,4.2,
Wisconsin,2021,202112,Postpartum visits,3771,10.4,
Wisconsin,2021,202112,Prenatal bundled payments,1755,4.9,
Wisconsin,2021,202112,Prenatal visits,5957,16.5,
Wisconsin,2022,202201,Postpartum bundled payments,1448,4,
Wisconsin,2022,202201,Postpartum visits,4104,11.2,
Wisconsin,2022,202201,Prenatal bundled payments,1641,4.5,
Wisconsin,2022,202201,Prenatal visits,6017,16.5,
Wisconsin,2022,202202,Postpartum bundled payments,1285,3.5,
Wisconsin,2022,202202,Postpartum visits,4057,11,
Wisconsin,2022,202202,Prenatal bundled payments,1530,4.2,
Wisconsin,2022,202202,Prenatal visits,5622,15.3,
Wisconsin,2022,202203,Postpartum bundled payments,1482,4,
Wisconsin,2022,202203,Postpartum visits,4337,11.7,
Wisconsin,2022,202203,Prenatal bundled payments,1725,4.7,
Wisconsin,2022,202203,Prenatal visits,6653,18,
Wisconsin,2022,202204,Postpartum bundled payments,1410,3.8,
Wisconsin,2022,202204,Postpartum visits,4303,11.5,
Wisconsin,2022,202204,Prenatal bundled payments,1646,4.4,
Wisconsin,2022,202204,Prenatal visits,6327,17,
Wisconsin,2022,202205,Postpartum bundled payments,1382,3.7,
Wisconsin,2022,202205,Postpartum visits,4170,11.1,
Wisconsin,2022,202205,Prenatal bundled payments,1632,4.3,
Wisconsin,2022,202205,Prenatal visits,6582,17.5,
Wisconsin,2022,202206,Postpartum bundled payments,1419,3.8,
Wisconsin,2022,202206,Postpartum visits,4211,11.1,
Wisconsin,2022,202206,Prenatal bundled payments,1652,4.4,
Wisconsin,2022,202206,Prenatal visits,6757,17.9,
Wisconsin,2022,202207,Postpartum bundled payments,1510,4,
Wisconsin,2022,202207,Postpartum visits,3709,9.7,
Wisconsin,2022,202207,Prenatal bundled payments,1782,4.7,
Wisconsin,2022,202207,Prenatal visits,6351,16.7,
Wisconsin,2022,202208,Postpartum bundled payments,1579,4.1,
Wisconsin,2022,202208,Postpartum visits,4502,11.7,
Wisconsin,2022,202208,Prenatal bundled payments,1852,4.8,
Wisconsin,2022,202208,Prenatal visits,7069,18.4,
Wisconsin,2022,202209,Postpartum bundled payments,1313,3.4,
Wisconsin,2022,202209,Postpartum visits,4154,10.7,
Wisconsin,2022,202209,Prenatal bundled payments,1533,4,
Wisconsin,2022,202209,Prenatal visits,6680,17.3,
Wisconsin,2022,202210,Postpartum bundled payments,1401,3.6,
Wisconsin,2022,202210,Postpartum visits,4031,10.3,
Wisconsin,2022,202210,Prenatal bundled payments,1608,4.1,
Wisconsin,2022,202210,Prenatal visits,6413,16.5,
Wisconsin,2022,202211,Postpartum bundled payments,1354,3.5,
Wisconsin,2022,202211,Postpartum visits,3840,9.8,
Wisconsin,2022,202211,Prenatal bundled payments,1617,4.1,
Wisconsin,2022,202211,Prenatal visits,6411,16.3,
Wisconsin,2022,202212,Postpartum bundled payments,1331,3.4,
Wisconsin,2022,202212,Postpartum visits,3610,9.1,
Wisconsin,2022,202212,Prenatal bundled payments,1635,4.1,
Wisconsin,2022,202212,Prenatal visits,6351,16.1,
Wyoming,2018,201801,Postpartum bundled payments,157,12.7,
Wyoming,2018,201801,Postpartum visits,230,18.5,
Wyoming,2018,201801,Prenatal bundled payments,173,14,
Wyoming,2018,201801,Prenatal visits,624,50.3,
Wyoming,2018,201802,Postpartum bundled payments,135,10.9,
Wyoming,2018,201802,Postpartum visits,177,14.3,
Wyoming,2018,201802,Prenatal bundled payments,152,12.2,
Wyoming,2018,201802,Prenatal visits,556,44.8,
Wyoming,2018,201803,Postpartum bundled payments,145,11.7,
Wyoming,2018,201803,Postpartum visits,226,18.2,
Wyoming,2018,201803,Prenatal bundled payments,166,13.4,
Wyoming,2018,201803,Prenatal visits,578,46.6,
Wyoming,2018,201804,Postpartum bundled payments,129,10.4,
Wyoming,2018,201804,Postpartum visits,208,16.8,
Wyoming,2018,201804,Prenatal bundled payments,144,11.6,
Wyoming,2018,201804,Prenatal visits,543,43.9,
Wyoming,2018,201805,Postpartum bundled payments,138,11.3,
Wyoming,2018,201805,Postpartum visits,212,17.4,
Wyoming,2018,201805,Prenatal bundled payments,178,14.6,
Wyoming,2018,201805,Prenatal visits,617,50.6,
Wyoming,2018,201806,Postpartum bundled payments,132,10.9,
Wyoming,2018,201806,Postpartum visits,194,16,
Wyoming,2018,201806,Prenatal bundled payments,142,11.7,
Wyoming,2018,201806,Prenatal visits,530,43.8,
Wyoming,2018,201807,Postpartum bundled payments,137,11.3,
Wyoming,2018,201807,Postpartum visits,181,14.9,
Wyoming,2018,201807,Prenatal bundled payments,144,11.9,
Wyoming,2018,201807,Prenatal visits,617,50.8,
Wyoming,2018,201808,Postpartum bundled payments,144,11.8,
Wyoming,2018,201808,Postpartum visits,233,19.1,
Wyoming,2018,201808,Prenatal bundled payments,156,12.8,
Wyoming,2018,201808,Prenatal visits,636,52.2,
Wyoming,2018,201809,Postpartum bundled payments,120,9.9,
Wyoming,2018,201809,Postpartum visits,204,16.9,
Wyoming,2018,201809,Prenatal bundled payments,132,10.9,
Wyoming,2018,201809,Prenatal visits,538,44.5,
Wyoming,2018,201810,Postpartum bundled payments,117,9.7,
Wyoming,2018,201810,Postpartum visits,199,16.5,
Wyoming,2018,201810,Prenatal bundled payments,123,10.2,
Wyoming,2018,201810,Prenatal visits,598,49.6,
Wyoming,2018,201811,Postpartum bundled payments,124,10.4,
Wyoming,2018,201811,Postpartum visits,195,16.4,
Wyoming,2018,201811,Prenatal bundled payments,133,11.2,
Wyoming,2018,201811,Prenatal visits,595,50,
Wyoming,2018,201812,Postpartum bundled payments,129,11,
Wyoming,2018,201812,Postpartum visits,189,16.1,
Wyoming,2018,201812,Prenatal bundled payments,130,11.1,
Wyoming,2018,201812,Prenatal visits,579,49.3,
Wyoming,2019,201901,Postpartum bundled payments,145,12.4,
Wyoming,2019,201901,Postpartum visits,208,17.7,
Wyoming,2019,201901,Prenatal bundled payments,159,13.6,
Wyoming,2019,201901,Prenatal visits,681,58.1,
Wyoming,2019,201902,Postpartum bundled payments,138,11.9,
Wyoming,2019,201902,Postpartum visits,157,13.6,
Wyoming,2019,201902,Prenatal bundled payments,140,12.1,
Wyoming,2019,201902,Prenatal visits,545,47.1,
Wyoming,2019,201903,Postpartum bundled payments,128,11,
Wyoming,2019,201903,Postpartum visits,164,14.1,
Wyoming,2019,201903,Prenatal bundled payments,140,12,
Wyoming,2019,201903,Prenatal visits,569,49,
Wyoming,2019,201904,Postpartum bundled payments,130,11.2,
Wyoming,2019,201904,Postpartum visits,173,14.9,
Wyoming,2019,201904,Prenatal bundled payments,142,12.2,
Wyoming,2019,201904,Prenatal visits,668,57.5,
Wyoming,2019,201905,Postpartum bundled payments,162,14.2,
Wyoming,2019,201905,Postpartum visits,197,17.3,
Wyoming,2019,201905,Prenatal bundled payments,164,14.4,
Wyoming,2019,201905,Prenatal visits,612,53.6,
Wyoming,2019,201906,Postpartum bundled payments,145,12.9,
Wyoming,2019,201906,Postpartum visits,175,15.5,
Wyoming,2019,201906,Prenatal bundled payments,157,13.9,
Wyoming,2019,201906,Prenatal visits,561,49.8,
Wyoming,2019,201907,Postpartum bundled payments,136,12.1,
Wyoming,2019,201907,Postpartum visits,202,18,
Wyoming,2019,201907,Prenatal bundled payments,157,14,
Wyoming,2019,201907,Prenatal visits,617,55,
Wyoming,2019,201908,Postpartum bundled payments,141,12.4,
Wyoming,2019,201908,Postpartum visits,189,16.7,
Wyoming,2019,201908,Prenatal bundled payments,151,13.3,
Wyoming,2019,201908,Prenatal visits,568,50.1,
Wyoming,2019,201909,Postpartum bundled payments,135,11.9,
Wyoming,2019,201909,Postpartum visits,192,16.9,
Wyoming,2019,201909,Prenatal bundled payments,140,12.3,
Wyoming,2019,201909,Prenatal visits,590,52,
Wyoming,2019,201910,Postpartum bundled payments,114,10,
Wyoming,2019,201910,Postpartum visits,198,17.4,
Wyoming,2019,201910,Prenatal bundled payments,124,10.9,
Wyoming,2019,201910,Prenatal visits,512,45,
Wyoming,2019,201911,Postpartum bundled payments,110,9.7,
Wyoming,2019,201911,Postpartum visits,154,13.6,
Wyoming,2019,201911,Prenatal bundled payments,122,10.8,
Wyoming,2019,201911,Prenatal visits,480,42.4,
Wyoming,2019,201912,Postpartum bundled payments,125,11,
Wyoming,2019,201912,Postpartum visits,191,16.8,
Wyoming,2019,201912,Prenatal bundled payments,130,11.4,
Wyoming,2019,201912,Prenatal visits,531,46.6,
Wyoming,2020,202001,Postpartum bundled payments,139,12.1,
Wyoming,2020,202001,Postpartum visits,215,18.8,
Wyoming,2020,202001,Prenatal bundled payments,143,12.5,
Wyoming,2020,202001,Prenatal visits,603,52.6,
Wyoming,2020,202002,Postpartum bundled payments,119,10.4,
Wyoming,2020,202002,Postpartum visits,180,15.7,
Wyoming,2020,202002,Prenatal bundled payments,122,10.7,
Wyoming,2020,202002,Prenatal visits,482,42.1,
Wyoming,2020,202003,Postpartum bundled payments,120,10.4,
Wyoming,2020,202003,Postpartum visits,140,12.1,
Wyoming,2020,202003,Prenatal bundled payments,124,10.7,
Wyoming,2020,202003,Prenatal visits,548,47.5,
Wyoming,2020,202004,Postpartum bundled payments,134,11.1,
Wyoming,2020,202004,Postpartum visits,101,8.4,
Wyoming,2020,202004,Prenatal bundled payments,140,11.6,
Wyoming,2020,202004,Prenatal visits,503,41.9,
Wyoming,2020,202005,Postpartum bundled payments,121,9.8,
Wyoming,2020,202005,Postpartum visits,161,13,
Wyoming,2020,202005,Prenatal bundled payments,130,10.5,
Wyoming,2020,202005,Prenatal visits,523,42.3,
Wyoming,2020,202006,Postpartum bundled payments,140,10.9,
Wyoming,2020,202006,Postpartum visits,194,15.1,
Wyoming,2020,202006,Prenatal bundled payments,141,11,
Wyoming,2020,202006,Prenatal visits,606,47.3,
Wyoming,2020,202007,Postpartum bundled payments,146,11,
Wyoming,2020,202007,Postpartum visits,188,14.2,
Wyoming,2020,202007,Prenatal bundled payments,171,12.9,
Wyoming,2020,202007,Prenatal visits,624,47,
Wyoming,2020,202008,Postpartum bundled payments,144,10.6,
Wyoming,2020,202008,Postpartum visits,214,15.8,
Wyoming,2020,202008,Prenatal bundled payments,142,10.5,
Wyoming,2020,202008,Prenatal visits,567,41.8,
Wyoming,2020,202009,Postpartum bundled payments,119,8.5,
Wyoming,2020,202009,Postpartum visits,195,14,
Wyoming,2020,202009,Prenatal bundled payments,134,9.6,
Wyoming,2020,202009,Prenatal visits,588,42.2,
Wyoming,2020,202010,Postpartum bundled payments,104,7.5,
Wyoming,2020,202010,Postpartum visits,205,14.7,
Wyoming,2020,202010,Prenatal bundled payments,116,8.3,
Wyoming,2020,202010,Prenatal visits,534,38.3,
Wyoming,2020,202011,Postpartum bundled payments,108,7.7,
Wyoming,2020,202011,Postpartum visits,175,12.4,
Wyoming,2020,202011,Prenatal bundled payments,112,7.9,
Wyoming,2020,202011,Prenatal visits,512,36.3,
Wyoming,2020,202012,Postpartum bundled payments,125,8.6,
Wyoming,2020,202012,Postpartum visits,169,11.7,
Wyoming,2020,202012,Prenatal bundled payments,130,9,
Wyoming,2020,202012,Prenatal visits,553,38.3,
Wyoming,2021,202101,Postpartum bundled payments,105,7.1,
Wyoming,2021,202101,Postpartum visits,230,15.5,
Wyoming,2021,202101,Prenatal bundled payments,114,7.7,
Wyoming,2021,202101,Prenatal visits,534,36,
Wyoming,2021,202102,Postpartum bundled payments,47,3.1,
Wyoming,2021,202102,Postpartum visits,210,13.8,
Wyoming,2021,202102,Prenatal bundled payments,69,4.5,
Wyoming,2021,202102,Prenatal visits,586,38.6,
Wyoming,2021,202103,Postpartum bundled payments,82,5.3,
Wyoming,2021,202103,Postpartum visits,223,14.4,
Wyoming,2021,202103,Prenatal bundled payments,105,6.8,
Wyoming,2021,202103,Prenatal visits,630,40.7,
Wyoming,2021,202104,Postpartum bundled payments,125,7.9,
Wyoming,2021,202104,Postpartum visits,235,14.9,
Wyoming,2021,202104,Prenatal bundled payments,154,9.8,
Wyoming,2021,202104,Prenatal visits,630,39.9,
Wyoming,2021,202105,Postpartum bundled payments,124,7.7,
Wyoming,2021,202105,Postpartum visits,228,14.2,
Wyoming,2021,202105,Prenatal bundled payments,138,8.6,
Wyoming,2021,202105,Prenatal visits,583,36.2,
Wyoming,2021,202106,Postpartum bundled payments,114,7,
Wyoming,2021,202106,Postpartum visits,260,15.9,
Wyoming,2021,202106,Prenatal bundled payments,144,8.8,
Wyoming,2021,202106,Prenatal visits,616,37.8,
Wyoming,2021,202107,Postpartum bundled payments,151,9.1,
Wyoming,2021,202107,Postpartum visits,231,13.9,
Wyoming,2021,202107,Prenatal bundled payments,172,10.4,
Wyoming,2021,202107,Prenatal visits,577,34.8,
Wyoming,2021,202108,Postpartum bundled payments,115,6.8,
Wyoming,2021,202108,Postpartum visits,329,19.4,
Wyoming,2021,202108,Prenatal bundled payments,146,8.6,
Wyoming,2021,202108,Prenatal visits,575,34,
Wyoming,2021,202109,Postpartum bundled payments,100,5.8,
Wyoming,2021,202109,Postpartum visits,283,16.5,
Wyoming,2021,202109,Prenatal bundled payments,127,7.4,
Wyoming,2021,202109,Prenatal visits,544,31.6,
Wyoming,2021,202110,Postpartum bundled payments,82,4.7,
Wyoming,2021,202110,Postpartum visits,244,14,
Wyoming,2021,202110,Prenatal bundled payments,114,6.6,
Wyoming,2021,202110,Prenatal visits,508,29.2,
Wyoming,2021,202111,Postpartum bundled payments,100,5.7,
Wyoming,2021,202111,Postpartum visits,242,13.7,
Wyoming,2021,202111,Prenatal bundled payments,123,7,
Wyoming,2021,202111,Prenatal visits,603,34.1,
Wyoming,2021,202112,Postpartum bundled payments,86,4.8,
Wyoming,2021,202112,Postpartum visits,234,13,
Wyoming,2021,202112,Prenatal bundled payments,117,6.5,
Wyoming,2021,202112,Prenatal visits,566,31.4,
Wyoming,2022,202201,Postpartum bundled payments,71,3.9,
Wyoming,2022,202201,Postpartum visits,270,14.7,
Wyoming,2022,202201,Prenatal bundled payments,94,5.1,
Wyoming,2022,202201,Prenatal visits,628,34.1,
Wyoming,2022,202202,Postpartum bundled payments,98,5.3,
Wyoming,2022,202202,Postpartum visits,249,13.4,
Wyoming,2022,202202,Prenatal bundled payments,127,6.8,
Wyoming,2022,202202,Prenatal visits,538,28.9,
Wyoming,2022,202203,Postpartum bundled payments,106,5.6,
Wyoming,2022,202203,Postpartum visits,275,14.6,
Wyoming,2022,202203,Prenatal bundled payments,144,7.6,
Wyoming,2022,202203,Prenatal visits,650,34.5,
Wyoming,2022,202204,Postpartum bundled payments,83,4.4,
Wyoming,2022,202204,Postpartum visits,259,13.6,
Wyoming,2022,202204,Prenatal bundled payments,109,5.7,
Wyoming,2022,202204,Prenatal visits,569,30,
Wyoming,2022,202205,Postpartum bundled payments,95,4.9,
Wyoming,2022,202205,Postpartum visits,281,14.6,
Wyoming,2022,202205,Prenatal bundled payments,128,6.7,
Wyoming,2022,202205,Prenatal visits,603,31.4,
Wyoming,2022,202206,Postpartum bundled payments,67,3.4,
Wyoming,2022,202206,Postpartum visits,309,15.8,
Wyoming,2022,202206,Prenatal bundled payments,104,5.3,
Wyoming,2022,202206,Prenatal visits,634,32.5,
Wyoming,2022,202207,Postpartum bundled payments,87,4.4,
Wyoming,2022,202207,Postpartum visits,257,13,
Wyoming,2022,202207,Prenatal bundled payments,132,6.7,
Wyoming,2022,202207,Prenatal visits,557,28.3,
Wyoming,2022,202208,Postpartum bundled payments,100,5,
Wyoming,2022,202208,Postpartum visits,358,17.9,
Wyoming,2022,202208,Prenatal bundled payments,134,6.7,
Wyoming,2022,202208,Prenatal visits,711,35.5,
Wyoming,2022,202209,Postpartum bundled payments,93,4.6,
Wyoming,2022,202209,Postpartum visits,355,17.6,
Wyoming,2022,202209,Prenatal bundled payments,121,6,
Wyoming,2022,202209,Prenatal visits,587,29.1,
Wyoming,2022,202210,Postpartum bundled payments,76,3.7,
Wyoming,2022,202210,Postpartum visits,289,14.1,
Wyoming,2022,202210,Prenatal bundled payments,111,5.4,
Wyoming,2022,202210,Prenatal visits,673,32.9,
Wyoming,2022,202211,Postpartum bundled payments,77,3.7,
Wyoming,2022,202211,Postpartum visits,290,14,
Wyoming,2022,202211,Prenatal bundled payments,106,5.1,
Wyoming,2022,202211,Prenatal visits,639,30.8,
Wyoming,2022,202212,Postpartum bundled payments,93,4.4,
Wyoming,2022,202212,Postpartum visits,284,13.5,
Wyoming,2022,202212,Prenatal bundled payments,123,5.8,
Wyoming,2022,202212,Prenatal visits,599,28.4,